Year,District Code,District Name,NSPF School Code,School Name,School Type,Total Index Score,Star Rating,Title I Status,% Proficient ELA,% Proficient Math,% Proficient Science,95% Participation Met Mathematics,95% Participation Met ELA,Participation Warning,Participation Penalty,Continuing Participation Penalty,% Meeting AGP ELA,% Meeting AGP Math,% Meeting AGP EL,NAC 389.445 Credit Requirements (8th Grade),9th Grade Credit Sufficiency,CCR Participation,CCR Completion,Advanced Diploma,4-Year Graduation Rate,5-Year Graduation Rate,Chronic Absenteeism,CSI,Yrs In Designation As CSI,TSI,Yrs In Designation As TSI,ATSI,Yrs In Designation As ATSI
2022,01,Churchill,01205.1,Best ES,Regular,35.56,Not Rated,YES,37.9,45.1,N/A,YES,YES,NO,NO,NO,N/A,N/A,45.7,N/A,N/A,N/A,N/A,N/A,N/A,N/A,22.6,NO,N/A,NO,N/A,NO,N/A
2022,01,Churchill,01206.1,Lahontan ES,Regular,50,Not Rated,YES,N/A,N/A,N/A,N/A,N/A,NO,NO,NO,N/A,N/A,50,N/A,N/A,N/A,N/A,N/A,N/A,N/A,18.9,NO,N/A,NO,N/A,NO,N/A
2022,01,Churchill,01207.1,Numa ES,Regular,25.26,Not Rated,YES,38.9,25.9,21,YES,YES,NO,NO,NO,45.1,28.6,37.5,N/A,N/A,N/A,N/A,N/A,N/A,N/A,26.6,NO,N/A,YES,3,NO,N/A
2022,01,Churchill,01301.2,Churchill MS,Regular,24.5,Not Rated,YES,35.6,16.1,28.4,NO,NO,YES,NO,NO,35.6,16.6,6.2,>95,N/A,N/A,N/A,N/A,N/A,N/A,19,YES,4,NO,N/A,NO,N/A
2022,01,Churchill,01401.3,Churchill HS,Regular,47,Not Rated,NO,44.7,16.2,24.1,YES,YES,NO,NO,NO,N/A,N/A,<5,N/A,77.1,66.5,32.5,32.9,83.5,85.5,29.7,YES,4,NO,N/A,NO,N/A
2022,02,Clark,02060.1,Thompson T ES,Regular,71,Not Rated,NO,68,57,21.1,YES,YES,NO,NO,NO,65.3,51.4,21.4,N/A,N/A,N/A,N/A,N/A,N/A,N/A,23,NO,N/A,NO,N/A,NO,N/A
2022,02,Clark,02061.1,Abston ES,Regular,69.5,Not Rated,YES,51.2,42.7,18.8,YES,YES,NO,NO,NO,62.6,53.6,53.8,N/A,N/A,N/A,N/A,N/A,N/A,N/A,36.7,NO,N/A,NO,N/A,NO,N/A
2022,02,Clark,02062.1,Jenkins ES,Regular,44.5,Not Rated,YES,43.9,35.6,10.9,YES,YES,NO,NO,NO,49,49,26.5,N/A,N/A,N/A,N/A,N/A,N/A,N/A,40.9,NO,N/A,NO,N/A,NO,N/A
2022,02,Clark,02064.1,Ellis ES,Regular,76,Not Rated,NO,67.6,59.8,36.6,YES,YES,NO,NO,NO,61.3,65.6,36.3,N/A,N/A,N/A,N/A,N/A,N/A,N/A,21.6,NO,N/A,NO,N/A,NO,N/A
2022,02,Clark,02065.1,Ortwein ES,Regular,30.5,Not Rated,NO,38.8,32.9,10.4,YES,YES,NO,NO,NO,48,31.2,34.7,N/A,N/A,N/A,N/A,N/A,N/A,N/A,27.9,NO,N/A,NO,N/A,NO,N/A
2022,02,Clark,02066.1,Barber ES,Regular,45.5,Not Rated,YES,43.1,25.2,12.9,YES,YES,NO,NO,NO,51.1,40,47.8,N/A,N/A,N/A,N/A,N/A,N/A,N/A,27.8,NO,N/A,NO,N/A,NO,N/A
2022,02,Clark,02067.1,Divich ES,Regular,72,Not Rated,NO,63.7,43.1,35.3,YES,YES,YES,NO,NO,66.8,57,40,N/A,N/A,N/A,N/A,N/A,N/A,N/A,22.1,NO,N/A,NO,N/A,NO,N/A
2022,02,Clark,02068.1,Jones Blackhurst ES,Regular,70,Not Rated,NO,66.1,49,32.4,YES,YES,NO,NO,NO,60.3,55,44.4,N/A,N/A,N/A,N/A,N/A,N/A,N/A,22.8,NO,N/A,NO,N/A,NO,N/A
2022,02,Clark,02069.1,Vassiliadis ES,Regular,87.5,Not Rated,NO,78.1,74,45.8,YES,YES,NO,NO,NO,73,66,56,N/A,N/A,N/A,N/A,N/A,N/A,N/A,15.1,NO,N/A,NO,N/A,NO,N/A
2022,02,Clark,02070.1,Berkley ES,Regular,58.5,Not Rated,YES,47.2,36.8,19.2,YES,YES,NO,NO,NO,58.1,55.4,45.6,N/A,N/A,N/A,N/A,N/A,N/A,N/A,33.6,NO,N/A,NO,N/A,NO,N/A
2022,02,Clark,02071.1,Stevens ES,Regular,78,Not Rated,YES,60.3,50,26.6,YES,YES,NO,NO,NO,76.5,73,46.8,N/A,N/A,N/A,N/A,N/A,N/A,N/A,39.2,NO,N/A,NO,N/A,NO,N/A
2022,02,Clark,02072.1,Mathis ES,Regular,40,Not Rated,YES,51.4,41.8,<5,YES,YES,NO,NO,NO,43.1,41.9,41.8,N/A,N/A,N/A,N/A,N/A,N/A,N/A,24.3,NO,N/A,NO,N/A,NO,N/A
2022,02,Clark,02073.1,Heard ES,Regular,45.5,Not Rated,YES,44,29.1,14.2,YES,YES,NO,NO,NO,54.5,31.4,46.4,N/A,N/A,N/A,N/A,N/A,N/A,N/A,23.9,NO,N/A,NO,N/A,NO,N/A
2022,02,Clark,02074.1,Snyder D ES,Regular,50.5,Not Rated,NO,50.9,39.9,27.6,YES,YES,NO,NO,NO,57.3,49.2,25,N/A,N/A,N/A,N/A,N/A,N/A,N/A,31.4,NO,N/A,NO,N/A,NO,N/A
2022,02,Clark,02076.1,Duncan ES,Regular,15.5,Not Rated,YES,33.6,19.7,<5,YES,YES,NO,NO,NO,35.8,21.2,17.6,N/A,N/A,N/A,N/A,N/A,N/A,N/A,42.7,YES,3,NO,N/A,NO,N/A
2022,02,Clark,02077.1,Wallin ES,Regular,88.89,Not Rated,NO,69.7,59.6,37.1,YES,YES,NO,NO,NO,70.7,61.9,-,N/A,N/A,N/A,N/A,N/A,N/A,N/A,16.4,NO,N/A,NO,N/A,NO,N/A
2022,02,Clark,02078.1,Stuckey ES,Regular,88,Not Rated,NO,65.1,60.4,38,YES,YES,YES,NO,NO,73.6,76.6,64.7,N/A,N/A,N/A,N/A,N/A,N/A,N/A,25.5,NO,N/A,NO,N/A,NO,N/A
2022,02,Clark,02079.1,Keller  ES,Regular,43,Not Rated,YES,29.5,23.6,13.9,YES,YES,YES,NO,NO,46.1,50.4,32.5,N/A,N/A,N/A,N/A,N/A,N/A,N/A,35.7,YES,3,NO,N/A,NO,N/A
2022,02,Clark,02080.1,Fine  ES,Regular,60.5,Not Rated,YES,55.2,41.6,16.9,YES,YES,NO,NO,NO,65.9,45.3,29.2,N/A,N/A,N/A,N/A,N/A,N/A,N/A,24.9,NO,N/A,NO,N/A,NO,N/A
2022,02,Clark,02081.1,Bozarth ES,Regular,85.56,Not Rated,NO,64.5,56.3,18.6,YES,YES,NO,NO,NO,65.5,67.7,-,N/A,N/A,N/A,N/A,N/A,N/A,N/A,16.2,NO,N/A,NO,N/A,NO,N/A
2022,02,Clark,02082.1,Triggs ES,Regular,56,Not Rated,NO,46.1,39.1,22.1,YES,YES,NO,NO,NO,55.1,47.6,53.3,N/A,N/A,N/A,N/A,N/A,N/A,N/A,29,NO,N/A,NO,N/A,NO,N/A
2022,02,Clark,02083.1,ORoarke ES,Regular,79,Not Rated,NO,65.4,53.9,49.2,YES,YES,NO,NO,NO,66.2,65,36.3,N/A,N/A,N/A,N/A,N/A,N/A,N/A,22.2,NO,N/A,NO,N/A,NO,N/A
2022,02,Clark,02084.1,Reedom ES,Regular,43,Not Rated,NO,48.5,35.7,16.8,YES,YES,NO,NO,NO,52.6,43.2,20,N/A,N/A,N/A,N/A,N/A,N/A,N/A,33.2,NO,N/A,NO,N/A,NO,N/A
2022,02,Clark,02085.1,Diaz ES,Regular,57,Not Rated,YES,35.2,26.4,8.6,YES,YES,NO,NO,NO,52.2,53.7,42.5,N/A,N/A,N/A,N/A,N/A,N/A,N/A,32.1,NO,N/A,NO,N/A,NO,N/A
2022,02,Clark,02086.1,Scott ES,Regular,31.5,Not Rated,YES,18.4,10.8,<5,YES,YES,NO,NO,NO,45.9,33.3,25,N/A,N/A,N/A,N/A,N/A,N/A,N/A,54.7,YES,4,NO,N/A,NO,N/A
2022,02,Clark,02087.1,Rainbow Dreams ELA ES,District Charter,0,Not Rated,YES,N/A,N/A,N/A,N/A,N/A,NO,NO,NO,N/A,N/A,N/A,N/A,N/A,N/A,N/A,N/A,N/A,N/A,49,YES,3,NO,N/A,NO,N/A
2022,02,Clark,02089.1,West Prep ES,Regular,35.5,Not Rated,YES,32.7,13.3,14.6,YES,YES,NO,NO,NO,54.1,26.5,24.7,N/A,N/A,N/A,N/A,N/A,N/A,N/A,26.5,NO,N/A,NO,N/A,NO,N/A
2022,02,Clark,02090.1,Smalley ES,Regular,93.33,Not Rated,NO,80.6,73.7,52.8,YES,YES,NO,NO,NO,86.1,87.2,-,N/A,N/A,N/A,N/A,N/A,N/A,N/A,16,NO,N/A,NO,N/A,NO,N/A
2022,02,Clark,02091.1,Perkins C ES,Regular,19.5,Not Rated,YES,28.1,20.6,9.3,YES,YES,YES,NO,NO,36.4,34.7,18,N/A,N/A,N/A,N/A,N/A,N/A,N/A,43.6,YES,2,NO,N/A,NO,N/A
2022,02,Clark,02092.1,Innovations ES,District Charter,22.5,Not Rated,YES,21.8,10.5,5,YES,YES,NO,NO,NO,44.7,23.9,31.8,N/A,N/A,N/A,N/A,N/A,N/A,N/A,27.3,NO,N/A,YES,3,YES,3
2022,02,Clark,02093.1,100 Academy SET ES,District Charter,8.89,Not Rated,YES,6.1,<5,<5,NO,NO,YES,NO,NO,25,<5,-,N/A,N/A,N/A,N/A,N/A,N/A,N/A,40,YES,3,NO,N/A,NO,N/A
2022,02,Clark,02094.1,Dickens ES,Regular,24.5,Not Rated,YES,37.3,25.6,9.2,YES,YES,NO,NO,NO,45,30.1,24.5,N/A,N/A,N/A,N/A,N/A,N/A,N/A,41.2,NO,N/A,YES,1,YES,1
2022,02,Clark,02095.1,Bailey ES,Regular,51,Not Rated,YES,40.7,24.6,13.3,YES,YES,NO,NO,NO,63.7,37.7,28.5,N/A,N/A,N/A,N/A,N/A,N/A,N/A,36.6,YES,3,NO,N/A,NO,N/A
2022,02,Clark,02096.1,Roundy ES,Regular,49.5,Not Rated,YES,25.4,23.4,8.4,YES,YES,NO,NO,NO,50.7,53.6,27.8,N/A,N/A,N/A,N/A,N/A,N/A,N/A,39.5,NO,N/A,NO,N/A,NO,N/A
2022,02,Clark,02097.1,Forbuss ES,Regular,76,Not Rated,NO,57,43.7,33.7,YES,YES,NO,NO,NO,66.6,69.1,59,N/A,N/A,N/A,N/A,N/A,N/A,N/A,32.2,NO,N/A,NO,N/A,NO,N/A
2022,02,Clark,02098.1,Steele ES,Regular,68,Not Rated,NO,54.8,56.4,15.3,YES,YES,NO,NO,NO,60.6,75.8,40.3,N/A,N/A,N/A,N/A,N/A,N/A,N/A,32.5,NO,N/A,NO,N/A,NO,N/A
2022,02,Clark,02099.1,Schorr ES,Regular,35.5,Not Rated,YES,47.2,40.6,11.2,YES,YES,NO,NO,NO,42.8,43.1,25,N/A,N/A,N/A,N/A,N/A,N/A,N/A,36,NO,N/A,NO,N/A,NO,N/A
2022,02,Clark,02100.1,Ward Kitty ES,Regular,80.56,Not Rated,NO,60.8,52.6,39.5,YES,YES,YES,NO,NO,68.6,62.6,-,N/A,N/A,N/A,N/A,N/A,N/A,N/A,21.9,NO,N/A,NO,N/A,NO,N/A
2022,02,Clark,02101.1,Blue Diamond ES,Regular,88,Not Rated,NO,93.3,>95,-,-,N/A,NO,NO,NO,-,-,N/A,N/A,N/A,N/A,N/A,N/A,N/A,N/A,16.6,NO,N/A,NO,N/A,NO,N/A
2022,02,Clark,02102.1,Goodsprings ES,Regular,100,Not Rated,YES,-,-,-,-,-,NO,NO,NO,-,-,N/A,N/A,N/A,N/A,N/A,N/A,N/A,N/A,-,NO,N/A,NO,N/A,NO,N/A
2022,02,Clark,02103.1,Lundy ES,Regular,30,Not Rated,NO,-,-,-,-,-,NO,NO,NO,-,-,N/A,N/A,N/A,N/A,N/A,N/A,N/A,N/A,18.1,NO,N/A,NO,N/A,NO,N/A
2022,02,Clark,02104.1,Reid ES,Regular,3.33,Not Rated,YES,-,-,-,-,-,NO,NO,NO,-,-,N/A,N/A,N/A,N/A,N/A,N/A,N/A,N/A,37.5,YES,2,NO,N/A,NO,N/A
2022,02,Clark,02105.1,King Martin ES,Regular,21.5,Not Rated,YES,23.7,15.3,<5,YES,YES,NO,NO,NO,34.3,28.5,19,N/A,N/A,N/A,N/A,N/A,N/A,N/A,42,YES,3,NO,N/A,NO,N/A
2022,02,Clark,02106.1,Deskin ES,Regular,42.5,Not Rated,YES,37.4,21.3,12,YES,YES,NO,NO,NO,49,42.9,22.2,N/A,N/A,N/A,N/A,N/A,N/A,N/A,34.1,NO,N/A,NO,N/A,NO,N/A
2022,02,Clark,02107.1,Kim ES,Regular,40,Not Rated,YES,38.8,21.6,18.4,YES,YES,NO,NO,NO,60.6,37,24.3,N/A,N/A,N/A,N/A,N/A,N/A,N/A,27.5,NO,N/A,YES,2,YES,2
2022,02,Clark,02108.1,Beatty J ES,Regular,47,Not Rated,YES,47.1,27.6,16.3,YES,YES,YES,NO,NO,59,38.9,26.3,N/A,N/A,N/A,N/A,N/A,N/A,N/A,30.8,NO,N/A,NO,N/A,NO,N/A
2022,02,Clark,02109.1,Christensen ES,Regular,42.5,Not Rated,YES,46.5,27.5,9,YES,YES,NO,NO,NO,51,36.5,50,N/A,N/A,N/A,N/A,N/A,N/A,N/A,37.9,NO,N/A,NO,N/A,NO,N/A
2022,02,Clark,02110.1,Parson ES,Regular,31,Not Rated,YES,19.6,14.9,<5,YES,YES,YES,NO,NO,46.4,31.4,32.6,N/A,N/A,N/A,N/A,N/A,N/A,N/A,35.7,YES,3,NO,N/A,NO,N/A
2022,02,Clark,02111.1,Dooley ES,Regular,72.22,Not Rated,NO,51.7,44.6,12.1,YES,YES,NO,NO,NO,70.3,60.9,-,N/A,N/A,N/A,N/A,N/A,N/A,N/A,29.7,NO,N/A,NO,N/A,NO,N/A
2022,02,Clark,02112.1,Mendoza ES,Regular,60,Not Rated,YES,33.5,29,<5,YES,YES,NO,NO,NO,65.3,57.9,26.4,N/A,N/A,N/A,N/A,N/A,N/A,N/A,32,NO,N/A,NO,N/A,NO,N/A
2022,02,Clark,02113.1,McMillan ES,Regular,41.5,Not Rated,YES,29.4,18.1,9.5,YES,YES,NO,NO,NO,52.3,36.4,35.7,N/A,N/A,N/A,N/A,N/A,N/A,N/A,47.1,NO,N/A,NO,N/A,NO,N/A
2022,02,Clark,02114.1,Perkins U ES,Regular,73.33,Not Rated,YES,48.2,46.5,40,YES,YES,NO,NO,NO,67.6,58.8,-,N/A,N/A,N/A,N/A,N/A,N/A,N/A,54.3,NO,N/A,NO,N/A,NO,N/A
2022,02,Clark,02115.1,Lynch ES,Regular,17.5,Not Rated,YES,13.8,7.1,<5,YES,YES,NO,NO,NO,36.6,19.5,25,N/A,N/A,N/A,N/A,N/A,N/A,N/A,56.7,YES,4,NO,N/A,NO,N/A
2022,02,Clark,02116.1,Woolley ES,Regular,37.5,Not Rated,YES,27.7,15.7,15.3,YES,YES,YES,NO,NO,52.8,31.6,41,N/A,N/A,N/A,N/A,N/A,N/A,N/A,42,NO,N/A,YES,3,YES,3
2022,02,Clark,02117.1,Lunt  ES,Regular,17.5,Not Rated,YES,20.2,13.8,5.4,YES,YES,YES,NO,NO,35.8,21.7,34.7,N/A,N/A,N/A,N/A,N/A,N/A,N/A,43.4,NO,N/A,NO,N/A,NO,N/A
2022,02,Clark,02118.1,Eisenberg ES,Regular,67.5,Not Rated,YES,43.4,28.8,28.2,YES,YES,YES,NO,NO,66.3,50.4,51.2,N/A,N/A,N/A,N/A,N/A,N/A,N/A,33.1,NO,N/A,NO,N/A,NO,N/A
2022,02,Clark,02119.1,Fong ES,Regular,48.5,Not Rated,YES,36.5,27.7,13.4,YES,YES,NO,NO,NO,50,55.9,32,N/A,N/A,N/A,N/A,N/A,N/A,N/A,51.4,NO,N/A,NO,N/A,NO,N/A
2022,02,Clark,02120.1,Gibson ES,Regular,70,Not Rated,NO,62.3,46.2,22,YES,YES,NO,NO,NO,69.4,67.7,30.7,N/A,N/A,N/A,N/A,N/A,N/A,N/A,29.6,NO,N/A,NO,N/A,NO,N/A
2022,02,Clark,02121.1,Wynn ES,Regular,15,Not Rated,YES,15.5,10.1,<5,YES,YES,NO,NO,NO,34.8,20.2,25,N/A,N/A,N/A,N/A,N/A,N/A,N/A,35.8,YES,3,NO,N/A,NO,N/A
2022,02,Clark,02122.1,Hill ES,Regular,65,Not Rated,YES,49.3,37.1,21.7,YES,YES,NO,NO,NO,62.1,50.8,50,N/A,N/A,N/A,N/A,N/A,N/A,N/A,28.9,NO,N/A,NO,N/A,NO,N/A
2022,02,Clark,02123.1,Jacobson ES,Regular,70,Not Rated,YES,51.7,43.7,25.3,YES,YES,NO,NO,NO,66.9,60.5,46.5,N/A,N/A,N/A,N/A,N/A,N/A,N/A,38.4,NO,N/A,YES,3,YES,3
2022,02,Clark,02124.1,Derfelt ES,Regular,32.5,Not Rated,YES,31.2,25.6,16.4,YES,YES,NO,NO,NO,47.8,32.4,33.8,N/A,N/A,N/A,N/A,N/A,N/A,N/A,41.3,NO,N/A,NO,N/A,NO,N/A
2022,02,Clark,02125.1,Cunningham ES,Regular,42.5,Not Rated,YES,21.9,18,10.1,YES,YES,NO,NO,NO,47.1,46.1,33.3,N/A,N/A,N/A,N/A,N/A,N/A,N/A,45.6,YES,4,NO,N/A,NO,N/A
2022,02,Clark,02126.1,Cox D ES,Regular,83.5,Not Rated,NO,55.3,48.4,50.6,YES,YES,NO,NO,NO,65.2,61.5,56.2,N/A,N/A,N/A,N/A,N/A,N/A,N/A,17.6,NO,N/A,NO,N/A,NO,N/A
2022,02,Clark,02127.1,Treem ES,Regular,73,Not Rated,YES,51.3,43.2,8.3,YES,YES,NO,NO,NO,69.6,67.8,52.3,N/A,N/A,N/A,N/A,N/A,N/A,N/A,47.1,NO,N/A,NO,N/A,NO,N/A
2022,02,Clark,02128.1,Rundle ES,Regular,34.5,Not Rated,YES,33.7,18.2,<5,YES,YES,NO,NO,NO,62.7,20.5,30.6,N/A,N/A,N/A,N/A,N/A,N/A,N/A,46.6,YES,4,NO,N/A,NO,N/A
2022,02,Clark,02129.1,Herr ES,Regular,19,Not Rated,YES,22.9,14.2,7.7,YES,YES,NO,NO,NO,36.9,23.5,29,N/A,N/A,N/A,N/A,N/A,N/A,N/A,40.9,YES,4,NO,N/A,NO,N/A
2022,02,Clark,02130.1,Dailey ES,Regular,27.5,Not Rated,YES,27.5,18.1,<5,YES,YES,NO,NO,NO,38.5,36,38.1,N/A,N/A,N/A,N/A,N/A,N/A,N/A,30.9,NO,N/A,NO,N/A,NO,N/A
2022,02,Clark,02131.1,Adams ES,Regular,27,Not Rated,YES,31,22,7.3,YES,YES,NO,NO,NO,48.1,27.6,23.5,N/A,N/A,N/A,N/A,N/A,N/A,N/A,23.1,NO,N/A,YES,2,YES,2
2022,02,Clark,02132.1,May ES,Regular,65,Not Rated,YES,51.5,34.5,19.1,YES,YES,NO,NO,NO,73.1,64.4,25,N/A,N/A,N/A,N/A,N/A,N/A,N/A,38.8,NO,N/A,NO,N/A,NO,N/A
2022,02,Clark,02133.1,Kahre ES,Regular,14,Not Rated,YES,35.1,23.8,17,YES,YES,NO,NO,NO,32,22.5,15.3,N/A,N/A,N/A,N/A,N/A,N/A,N/A,27.7,NO,N/A,NO,N/A,NO,N/A
2022,02,Clark,02134.1,Katz ES,Regular,46,Not Rated,YES,32.2,20.7,14.2,YES,NO,YES,NO,NO,51.3,41,37.3,N/A,N/A,N/A,N/A,N/A,N/A,N/A,40.1,NO,N/A,YES,3,YES,3
2022,02,Clark,02135.1,Jydstrup ES,Regular,50.5,Not Rated,YES,39.8,31.9,16.8,YES,YES,YES,NO,NO,55,46.8,32.2,N/A,N/A,N/A,N/A,N/A,N/A,N/A,32.5,NO,N/A,NO,N/A,NO,N/A
2022,02,Clark,02136.1,King Martha ES,Regular,65,Not Rated,NO,55.5,46.1,37.7,YES,YES,NO,NO,NO,61.7,48.4,N/A,N/A,N/A,N/A,N/A,N/A,N/A,N/A,22.7,NO,N/A,YES,2,YES,2
2022,02,Clark,02137.1,Bartlett ES,Regular,65.5,Not Rated,NO,58.1,49.4,38.7,YES,YES,NO,NO,NO,62.5,54.9,31.5,N/A,N/A,N/A,N/A,N/A,N/A,N/A,24,NO,N/A,NO,N/A,NO,N/A
2022,02,Clark,02138.1,Bendorf ES,Regular,38,Not Rated,YES,41.3,20.3,22.8,YES,YES,YES,NO,NO,53.2,35.8,25,N/A,N/A,N/A,N/A,N/A,N/A,N/A,38.1,NO,N/A,NO,N/A,NO,N/A
2022,02,Clark,02139.1,Thorpe ES,Regular,22,Not Rated,YES,28.4,18.1,12.9,NO,NO,YES,NO,NO,36.3,35.5,30,N/A,N/A,N/A,N/A,N/A,N/A,N/A,54.3,NO,N/A,YES,2,YES,2
2022,02,Clark,02140.1,Antonello ES,Regular,39.5,Not Rated,YES,28.4,27.1,6.3,YES,YES,NO,NO,NO,45.8,47,13.6,N/A,N/A,N/A,N/A,N/A,N/A,N/A,47.8,YES,2,NO,N/A,NO,N/A
2022,02,Clark,02141.1,Lummis ES,Regular,70,Not Rated,NO,54.2,49.3,22.7,YES,YES,NO,NO,NO,65.3,57.1,44,N/A,N/A,N/A,N/A,N/A,N/A,N/A,24.5,NO,N/A,NO,N/A,NO,N/A
2022,02,Clark,02142.1,Wiener ES,Regular,49,Not Rated,YES,36.6,28.7,8.2,YES,YES,NO,NO,NO,49.5,46.2,40.4,N/A,N/A,N/A,N/A,N/A,N/A,N/A,40.3,NO,N/A,NO,N/A,NO,N/A
2022,02,Clark,02143.1,Fitzgerald ES,Regular,60,Not Rated,YES,36.2,27.4,12.9,YES,YES,NO,NO,NO,67.7,48.4,37.2,N/A,N/A,N/A,N/A,N/A,N/A,N/A,45.8,NO,N/A,NO,N/A,NO,N/A
2022,02,Clark,02144.1,Lowman ES,Regular,48.5,Not Rated,YES,24.7,12.5,<5,YES,YES,YES,NO,NO,51.4,44.4,36.3,N/A,N/A,N/A,N/A,N/A,N/A,N/A,53.6,YES,4,NO,N/A,NO,N/A
2022,02,Clark,02145.1,Piggott ACAD ES,Regular,84,Not Rated,NO,60.8,53.3,37.1,YES,YES,NO,NO,NO,67.8,63.7,54.5,N/A,N/A,N/A,N/A,N/A,N/A,N/A,20.4,NO,N/A,NO,N/A,NO,N/A
2022,02,Clark,02146.1,Newton ES,Regular,81.11,Not Rated,NO,63.8,50.5,34.5,YES,YES,NO,NO,NO,76.1,57.7,-,N/A,N/A,N/A,N/A,N/A,N/A,N/A,29.2,NO,N/A,YES,3,YES,3
2022,02,Clark,02147.1,Bruner ES,Regular,48,Not Rated,YES,38.8,16.5,12.6,YES,YES,NO,NO,NO,63.2,37.2,25.3,N/A,N/A,N/A,N/A,N/A,N/A,N/A,38.8,YES,4,NO,N/A,NO,N/A
2022,02,Clark,02148.1,Bryan Richard ES,Regular,54.5,Not Rated,YES,45.6,39,34.5,YES,YES,NO,NO,NO,58.7,41,50,N/A,N/A,N/A,N/A,N/A,N/A,N/A,25.5,NO,N/A,NO,N/A,NO,N/A
2022,02,Clark,02149.1,Wilhelm ES,Regular,17,Not Rated,YES,24.2,22,6.7,YES,YES,NO,NO,NO,31.4,30.4,7.6,N/A,N/A,N/A,N/A,N/A,N/A,N/A,35.3,NO,N/A,YES,3,YES,3
2022,02,Clark,02150.1,Roberts ES,Regular,24.5,Not Rated,YES,32.9,22.5,16.9,YES,YES,NO,NO,NO,48.8,28.2,26.6,N/A,N/A,N/A,N/A,N/A,N/A,N/A,31.5,YES,3,NO,N/A,NO,N/A
2022,02,Clark,02151.1,Allen ES,Regular,39.44,Not Rated,NO,50.5,29.5,26.9,YES,YES,NO,NO,NO,56.8,27.5,-,N/A,N/A,N/A,N/A,N/A,N/A,N/A,25,NO,N/A,YES,3,NO,N/A
2022,02,Clark,02152.1,Wolfe ES,Regular,38.5,Not Rated,YES,31.2,26.5,<5,YES,YES,NO,NO,NO,46.1,38.9,34.6,N/A,N/A,N/A,N/A,N/A,N/A,N/A,32.4,YES,4,NO,N/A,NO,N/A
2022,02,Clark,02153.1,Goldfarb ES,Regular,35,Not Rated,YES,35.8,31.3,10.6,YES,YES,NO,NO,NO,47.4,38.9,23.7,N/A,N/A,N/A,N/A,N/A,N/A,N/A,35.8,NO,N/A,NO,N/A,NO,N/A
2022,02,Clark,02154.1,Vanderburg ES,Regular,82,Not Rated,NO,77.4,73.9,42.8,YES,YES,NO,NO,NO,74.4,61.6,35.7,N/A,N/A,N/A,N/A,N/A,N/A,N/A,10.7,NO,N/A,NO,N/A,NO,N/A
2022,02,Clark,02155.1,Cambeiro ES,Regular,31,Not Rated,YES,31.2,17.8,6,YES,YES,YES,NO,NO,52.9,29.2,29.8,N/A,N/A,N/A,N/A,N/A,N/A,N/A,44.4,YES,4,NO,N/A,NO,N/A
2022,02,Clark,02156.1,Bryan Roger ES,Regular,66,Not Rated,YES,49.1,43.4,21.6,YES,YES,NO,NO,NO,69.3,79.7,32.3,N/A,N/A,N/A,N/A,N/A,N/A,N/A,28.9,NO,N/A,NO,N/A,NO,N/A
2022,02,Clark,02157.1,Bonner ES,Regular,86,Not Rated,NO,69.5,68,47,YES,YES,NO,NO,NO,67.6,72,53.8,N/A,N/A,N/A,N/A,N/A,N/A,N/A,20.1,NO,N/A,NO,N/A,NO,N/A
2022,02,Clark,02158.1,Cartwright ES,Regular,34,Not Rated,YES,31,21.2,8.2,YES,YES,NO,NO,NO,54.2,28.5,25,N/A,N/A,N/A,N/A,N/A,N/A,N/A,39.8,NO,N/A,NO,N/A,NO,N/A
2022,02,Clark,02159.1,Bowler Joseph ES,Regular,12.5,Not Rated,YES,28.6,17.9,12.5,YES,YES,NO,NO,NO,35.3,19.6,21.6,N/A,N/A,N/A,N/A,N/A,N/A,N/A,44.6,YES,3,NO,N/A,NO,N/A
2022,02,Clark,02160.1,Rhodes ES,Regular,59.5,Not Rated,NO,60.8,41.4,20,YES,YES,NO,NO,NO,64.9,51.6,42.3,N/A,N/A,N/A,N/A,N/A,N/A,N/A,25.6,NO,N/A,NO,N/A,NO,N/A
2022,02,Clark,02161.1,Guy ES,Regular,42.5,Not Rated,YES,39.1,31,<5,YES,YES,NO,NO,NO,50,43.6,20.5,N/A,N/A,N/A,N/A,N/A,N/A,N/A,31.4,NO,N/A,NO,N/A,NO,N/A
2022,02,Clark,02162.1,Morrow ES,Regular,80,Not Rated,NO,61.2,52.4,10.3,YES,YES,YES,NO,NO,76.7,72.9,-,N/A,N/A,N/A,N/A,N/A,N/A,N/A,33.4,NO,N/A,NO,N/A,NO,N/A
2022,02,Clark,02163.1,Bunker ES,Regular,28,Not Rated,YES,32.2,24.9,18.1,YES,YES,NO,NO,NO,36.4,36,37.6,N/A,N/A,N/A,N/A,N/A,N/A,N/A,36.1,NO,N/A,YES,3,YES,3
2022,02,Clark,02164.1,Elizondo ES,Regular,35.5,Not Rated,YES,32.5,18.5,<5,YES,YES,NO,NO,NO,49.5,33,36.3,N/A,N/A,N/A,N/A,N/A,N/A,N/A,34.7,YES,2,NO,N/A,NO,N/A
2022,02,Clark,02165.1,Cortez ES,Regular,14,Not Rated,YES,22.4,8.5,5.1,YES,YES,NO,NO,NO,38.6,16.4,23.1,N/A,N/A,N/A,N/A,N/A,N/A,N/A,49.2,NO,N/A,YES,1,YES,1
2022,02,Clark,02166.1,Lamping ES,Regular,92,Not Rated,NO,69.4,58.8,48.2,YES,YES,NO,NO,NO,68.4,58.8,61.5,N/A,N/A,N/A,N/A,N/A,N/A,N/A,10.4,NO,N/A,NO,N/A,NO,N/A
2022,02,Clark,02167.1,Garehime ES,Regular,51.5,Not Rated,YES,43.5,35.7,15.6,YES,YES,NO,NO,NO,55.6,45.5,33.3,N/A,N/A,N/A,N/A,N/A,N/A,N/A,34.1,NO,N/A,YES,1,YES,1
2022,02,Clark,02168.1,Hayes ES,Regular,74,Not Rated,YES,56.1,46.6,37.8,YES,YES,NO,NO,NO,68.7,60,44.7,N/A,N/A,N/A,N/A,N/A,N/A,N/A,35.7,NO,N/A,NO,N/A,NO,N/A
2022,02,Clark,02169.1,Kesterson ES,Regular,72,Not Rated,NO,62.1,54.4,23.3,YES,YES,YES,NO,NO,66.3,56.8,36.3,N/A,N/A,N/A,N/A,N/A,N/A,N/A,25.6,NO,N/A,NO,N/A,NO,N/A
2022,02,Clark,02170.1,Neal ES,Regular,68.89,Not Rated,YES,50.4,37.3,22,YES,YES,YES,NO,NO,63.6,53.6,-,N/A,N/A,N/A,N/A,N/A,N/A,N/A,29.4,NO,N/A,YES,3,YES,3
2022,02,Clark,02171.1,Carl ES,Regular,20.5,Not Rated,YES,36.7,26.4,14.2,YES,YES,NO,NO,NO,41.5,22.3,31.5,N/A,N/A,N/A,N/A,N/A,N/A,N/A,30,NO,N/A,YES,2,YES,2
2022,02,Clark,02172.1,Darnell ES,Regular,58.5,Not Rated,YES,51.4,37.2,15,YES,YES,NO,NO,NO,59.7,50.5,35.7,N/A,N/A,N/A,N/A,N/A,N/A,N/A,39.6,NO,N/A,YES,3,YES,3
2022,02,Clark,02173.1,Heckethorn ES,Regular,73.89,Not Rated,NO,59.3,49.3,26.3,YES,YES,NO,NO,NO,62.6,59,-,N/A,N/A,N/A,N/A,N/A,N/A,N/A,18.5,NO,N/A,NO,N/A,NO,N/A
2022,02,Clark,02174.1,Rogers ES,Regular,51,Not Rated,YES,47.9,36.8,27,YES,YES,NO,NO,NO,56.2,47.7,36.2,N/A,N/A,N/A,N/A,N/A,N/A,N/A,35.1,NO,N/A,NO,N/A,NO,N/A
2022,02,Clark,02175.1,Snyder W ES,Regular,38.5,Not Rated,YES,25.1,15.9,6,YES,YES,NO,NO,NO,54.4,34.3,23,N/A,N/A,N/A,N/A,N/A,N/A,N/A,49.3,NO,N/A,NO,N/A,NO,N/A
2022,02,Clark,02176.1,Twitchell ES,Regular,83,Not Rated,NO,61.7,53.3,32.6,YES,YES,NO,NO,NO,64.4,73.1,54.5,N/A,N/A,N/A,N/A,N/A,N/A,N/A,20.4,NO,N/A,NO,N/A,NO,N/A
2022,02,Clark,02177.1,Watson ES,Regular,57.5,Not Rated,YES,34.4,27.2,<5,YES,YES,NO,NO,NO,57.6,52.7,36.2,N/A,N/A,N/A,N/A,N/A,N/A,N/A,37,YES,3,NO,N/A,NO,N/A
2022,02,Clark,02178.1,Alamo ES,Regular,75,Not Rated,YES,54.3,44.4,28.1,YES,YES,NO,NO,NO,69,65.5,53.4,N/A,N/A,N/A,N/A,N/A,N/A,N/A,29.3,NO,N/A,NO,N/A,NO,N/A
2022,02,Clark,02179.1,Brookman ES,Regular,41.5,Not Rated,YES,34.8,27.5,12.9,YES,YES,NO,NO,NO,45,49.4,28.9,N/A,N/A,N/A,N/A,N/A,N/A,N/A,29,NO,N/A,NO,N/A,NO,N/A
2022,02,Clark,02180.1,Cozine ES,Regular,45.5,Not Rated,YES,37.8,30.2,9.2,YES,YES,NO,NO,NO,49.6,42.5,18.3,N/A,N/A,N/A,N/A,N/A,N/A,N/A,36.4,NO,N/A,YES,3,YES,3
2022,02,Clark,02181.1,Gehring ACAD ES,Regular,90,Not Rated,NO,74.8,60.9,53.6,YES,YES,NO,NO,NO,81.2,75,51.1,N/A,N/A,N/A,N/A,N/A,N/A,N/A,20,NO,N/A,NO,N/A,NO,N/A
2022,02,Clark,02182.1,Iverson ES,Regular,44,Not Rated,YES,38.9,31.8,12.1,YES,YES,NO,NO,NO,57.3,39.7,31.3,N/A,N/A,N/A,N/A,N/A,N/A,N/A,27,NO,N/A,NO,N/A,NO,N/A
2022,02,Clark,02183.1,Walker ES,Regular,83.5,Not Rated,NO,57.2,60.3,32,YES,YES,NO,NO,NO,66.6,72.8,75,N/A,N/A,N/A,N/A,N/A,N/A,N/A,21.1,NO,N/A,NO,N/A,NO,N/A
2022,02,Clark,02184.1,Conners ES,Regular,70.5,Not Rated,YES,47.7,41,32.6,YES,YES,NO,NO,NO,61.3,64.7,50,N/A,N/A,N/A,N/A,N/A,N/A,N/A,35.2,NO,N/A,NO,N/A,NO,N/A
2022,02,Clark,02185.1,Givens ES,Regular,72,Not Rated,NO,70.7,66.5,43.3,YES,YES,NO,NO,NO,55.3,59.8,74,N/A,N/A,N/A,N/A,N/A,N/A,N/A,22.9,NO,N/A,NO,N/A,NO,N/A
2022,02,Clark,02186.1,Goolsby ES,Regular,76.5,Not Rated,NO,75,73.9,48.1,YES,YES,NO,NO,NO,57.1,79.9,41.6,N/A,N/A,N/A,N/A,N/A,N/A,N/A,14.4,NO,N/A,NO,N/A,NO,N/A
2022,02,Clark,02187.1,Hummel ES,Regular,47.5,Not Rated,YES,35.6,24.3,11.3,YES,YES,YES,NO,NO,62.7,37.2,16.2,N/A,N/A,N/A,N/A,N/A,N/A,N/A,46,NO,N/A,YES,3,YES,3
2022,02,Clark,02188.1,Scherkenbach ES,Regular,61.11,Not Rated,NO,47.6,33.8,19.3,YES,YES,NO,NO,NO,55.7,58.9,-,N/A,N/A,N/A,N/A,N/A,N/A,N/A,28.5,NO,N/A,NO,N/A,NO,N/A
2022,02,Clark,02189.1,Simmons ES,Regular,62.5,Not Rated,YES,46.1,31.1,30.3,YES,YES,NO,NO,NO,59.1,51.3,47,N/A,N/A,N/A,N/A,N/A,N/A,N/A,31.1,NO,N/A,NO,N/A,NO,N/A
2022,02,Clark,02190.1,Tanaka ES,Regular,61.5,Not Rated,YES,43.9,45.4,25.9,YES,YES,NO,NO,NO,58.7,59.5,43.1,N/A,N/A,N/A,N/A,N/A,N/A,N/A,42.1,NO,N/A,YES,3,YES,3
2022,02,Clark,02191.1,Tartan ES,Regular,12,Not Rated,YES,14.7,11.2,<5,YES,YES,YES,NO,NO,18.6,11.8,42.3,N/A,N/A,N/A,N/A,N/A,N/A,N/A,44.1,YES,4,NO,N/A,NO,N/A
2022,02,Clark,02192.1,Thiriot ES,Regular,58.5,Not Rated,YES,45.9,32.8,10.8,YES,YES,NO,NO,NO,59,51.5,36,N/A,N/A,N/A,N/A,N/A,N/A,N/A,30.7,NO,N/A,NO,N/A,NO,N/A
2022,02,Clark,02193.1,Batterman ES,Regular,88,Not Rated,NO,65.4,62.6,40.3,YES,YES,NO,NO,NO,79.7,77.9,55.5,N/A,N/A,N/A,N/A,N/A,N/A,N/A,24.4,NO,N/A,NO,N/A,NO,N/A
2022,02,Clark,02194.1,Ries ES,Regular,72,Not Rated,NO,52.5,44,25.3,YES,YES,NO,NO,NO,67.2,58.2,42.5,N/A,N/A,N/A,N/A,N/A,N/A,N/A,28.1,NO,N/A,YES,3,YES,3
2022,02,Clark,02195.1,Hickey ES,Regular,29.5,Not Rated,YES,20.4,13.3,5.6,YES,YES,NO,NO,NO,47,28.3,21.6,N/A,N/A,N/A,N/A,N/A,N/A,N/A,52,NO,N/A,NO,N/A,NO,N/A
2022,02,Clark,02196.1,Jeffers ES,Regular,16.5,Not Rated,YES,18.6,11.1,10.9,YES,YES,NO,NO,NO,37.2,17,13.8,N/A,N/A,N/A,N/A,N/A,N/A,N/A,37.2,NO,N/A,YES,1,YES,1
2022,02,Clark,02197.1,Goynes ES,Regular,48.5,Not Rated,NO,50.1,31.5,19.7,YES,YES,YES,NO,NO,60.7,39,37.5,N/A,N/A,N/A,N/A,N/A,N/A,N/A,31.1,NO,N/A,NO,N/A,NO,N/A
2022,02,Clark,02198.1,Thompson ES,Regular,71,Not Rated,NO,56.3,48.8,30,YES,YES,NO,NO,NO,71.9,60.7,10,N/A,N/A,N/A,N/A,N/A,N/A,N/A,29.8,NO,N/A,NO,N/A,NO,N/A
2022,02,Clark,02199.1,Hayden ES,Regular,13.5,Not Rated,YES,26.4,16.7,15,YES,YES,NO,NO,NO,31.5,24.3,17.8,N/A,N/A,N/A,N/A,N/A,N/A,N/A,39.7,NO,N/A,NO,N/A,NO,N/A
2022,02,Clark,02200.1,Wright ES,Regular,54.5,Not Rated,NO,51.6,41.7,18.4,YES,YES,NO,NO,NO,53.2,48.3,45.4,N/A,N/A,N/A,N/A,N/A,N/A,N/A,33.2,NO,N/A,NO,N/A,NO,N/A
2022,02,Clark,02201.1,Ronzone ES,Regular,38,Not Rated,YES,29.9,17.9,7,YES,YES,NO,NO,NO,45.7,39.2,35.3,N/A,N/A,N/A,N/A,N/A,N/A,N/A,35.2,YES,4,NO,N/A,NO,N/A
2022,02,Clark,02202.1,Hoggard ES,Regular,56.5,Not Rated,YES,46.9,40.4,19.5,YES,YES,NO,NO,NO,50,48.6,35.7,N/A,N/A,N/A,N/A,N/A,N/A,N/A,10.8,NO,N/A,NO,N/A,NO,N/A
2022,02,Clark,02203.1,Ronnow ES,Regular,47.5,Not Rated,YES,32.9,20.7,7.5,YES,YES,YES,NO,NO,58.9,33.5,39.4,N/A,N/A,N/A,N/A,N/A,N/A,N/A,36.5,NO,N/A,NO,N/A,NO,N/A
2022,02,Clark,02204.1,Squires ES,Regular,47.5,Not Rated,YES,31.1,21.2,14.9,YES,YES,NO,NO,NO,53.7,41.5,37.5,N/A,N/A,N/A,N/A,N/A,N/A,N/A,37.3,NO,N/A,YES,3,YES,3
2022,02,Clark,02205.1,Crestwood ES,Regular,54.5,Not Rated,YES,28.5,19.1,11.1,YES,YES,NO,NO,NO,60,46.1,36.5,N/A,N/A,N/A,N/A,N/A,N/A,N/A,34.2,NO,N/A,NO,N/A,NO,N/A
2022,02,Clark,02206.1,Gilbert ES,Regular,39,Not Rated,YES,43.2,21.6,9.3,YES,YES,YES,NO,NO,52.6,33.5,37.2,N/A,N/A,N/A,N/A,N/A,N/A,N/A,25.4,NO,N/A,NO,N/A,NO,N/A
2022,02,Clark,02207.1,Hancock ES,Regular,43,Not Rated,YES,32.1,20.1,16.6,YES,YES,NO,NO,NO,52.8,43.3,32.1,N/A,N/A,N/A,N/A,N/A,N/A,N/A,40.9,YES,3,NO,N/A,NO,N/A
2022,02,Clark,02208.1,Griffith ES,Regular,31,Not Rated,YES,25.7,18.9,19.1,YES,YES,NO,NO,NO,44.4,36.4,21.9,N/A,N/A,N/A,N/A,N/A,N/A,N/A,21.3,YES,3,NO,N/A,NO,N/A
2022,02,Clark,02209.1,Herron ES,Regular,56.5,Not Rated,YES,35.4,33.7,5.5,YES,YES,NO,NO,NO,55.1,47.4,44.8,N/A,N/A,N/A,N/A,N/A,N/A,N/A,19.7,NO,N/A,YES,1,YES,1
2022,02,Clark,02210.1,Hewetson ES,Regular,31.5,Not Rated,YES,19.5,9.1,<5,YES,YES,NO,NO,NO,47.8,24.6,25.1,N/A,N/A,N/A,N/A,N/A,N/A,N/A,36.3,NO,N/A,YES,2,YES,2
2022,02,Clark,02211.1,Booker ES,Regular,22.5,Not Rated,YES,26.2,13.1,10,YES,YES,NO,NO,NO,42.2,25.5,27.5,N/A,N/A,N/A,N/A,N/A,N/A,N/A,44.7,YES,4,NO,N/A,NO,N/A
2022,02,Clark,02212.1,Earl I ES,Regular,22.5,Not Rated,YES,18.1,16.7,<5,YES,YES,NO,NO,NO,31.3,31.9,36.4,N/A,N/A,N/A,N/A,N/A,N/A,N/A,39.6,NO,N/A,NO,N/A,NO,N/A
2022,02,Clark,02213.1,Manch ES,Regular,34.5,Not Rated,YES,22.6,12.9,<5,YES,YES,NO,NO,NO,50.5,30.6,20,N/A,N/A,N/A,N/A,N/A,N/A,N/A,58.8,YES,4,NO,N/A,NO,N/A
2022,02,Clark,02214.1,Ullom ES,Regular,44,Not Rated,YES,29,20.5,8.2,YES,YES,NO,NO,NO,50,39.5,40.1,N/A,N/A,N/A,N/A,N/A,N/A,N/A,39,NO,N/A,NO,N/A,NO,N/A
2022,02,Clark,02215.1,Miller John F ES,Special Education,3.33,Not Rated,YES,<5,<5,-,YES,YES,NO,NO,NO,N/A,N/A,N/A,N/A,N/A,N/A,N/A,N/A,N/A,N/A,83.3,YES,2,NO,N/A,NO,N/A
2022,02,Clark,02215.2,Miller John F MS,Special Education,7.5,Not Rated,YES,<5,<5,<5,YES,YES,NO,NO,NO,N/A,N/A,N/A,<5,N/A,N/A,N/A,N/A,N/A,N/A,64.5,YES,2,NO,N/A,NO,N/A
2022,02,Clark,02215.3,Miller John F HS,Special Education,3.64,Not Rated,YES,-,-,-,-,-,NO,NO,NO,N/A,N/A,N/A,N/A,<5,<5,<4.5,N/A,<5,-,76.6,YES,2,NO,N/A,NO,N/A
2022,02,Clark,02216.1,Park ES,Regular,32.5,Not Rated,YES,39.6,26.2,10.3,YES,YES,YES,NO,NO,51.3,31.2,29.6,N/A,N/A,N/A,N/A,N/A,N/A,N/A,36.1,NO,N/A,NO,N/A,NO,N/A
2022,02,Clark,02217.1,Mackey ES,Regular,37.5,Not Rated,YES,47.3,29.2,13.4,YES,YES,NO,NO,NO,56.4,28.2,39.2,N/A,N/A,N/A,N/A,N/A,N/A,N/A,16.6,NO,N/A,NO,N/A,NO,N/A
2022,02,Clark,02218.1,McWilliams ES,Regular,46.5,Not Rated,YES,31.5,16.6,11.9,YES,YES,NO,NO,NO,60.3,36.6,29.6,N/A,N/A,N/A,N/A,N/A,N/A,N/A,34,NO,N/A,YES,3,YES,3
2022,02,Clark,02219.1,Toland ES,Regular,37,Not Rated,YES,34.5,20.4,11.5,YES,YES,NO,NO,NO,43.2,41.3,33.3,N/A,N/A,N/A,N/A,N/A,N/A,N/A,33.7,NO,N/A,NO,N/A,NO,N/A
2022,02,Clark,02220.1,Dearing ES,Regular,14.5,Not Rated,YES,17.6,15.6,<5,YES,YES,YES,NO,NO,27,28.3,20,N/A,N/A,N/A,N/A,N/A,N/A,N/A,44.3,NO,N/A,YES,3,NO,N/A
2022,02,Clark,02221.1,Rowe ES,Regular,68,Not Rated,YES,49.3,32,20.5,YES,YES,NO,NO,NO,69.6,63.3,43.1,N/A,N/A,N/A,N/A,N/A,N/A,N/A,39.8,NO,N/A,NO,N/A,NO,N/A
2022,02,Clark,02222.1,Lincoln ES,Regular,42.5,Not Rated,YES,23.4,17,7.2,YES,YES,NO,NO,NO,45.3,48.4,28.2,N/A,N/A,N/A,N/A,N/A,N/A,N/A,41.4,NO,N/A,YES,2,YES,2
2022,02,Clark,02223.1,Craig ES,Regular,32,Not Rated,YES,21.5,10.9,5.1,YES,YES,NO,NO,NO,52.8,26.7,24.2,N/A,N/A,N/A,N/A,N/A,N/A,N/A,45.4,NO,N/A,YES,3,YES,3
2022,02,Clark,02224.1,Williams W ES,Regular,17,Not Rated,YES,21.2,10.1,<5,YES,YES,NO,NO,NO,31.8,29.1,33.3,N/A,N/A,N/A,N/A,N/A,N/A,N/A,70.3,YES,3,NO,N/A,NO,N/A
2022,02,Clark,02225.1,Cahlan ES,Regular,61.5,Not Rated,YES,40.2,27.4,11.5,YES,YES,NO,NO,NO,70.4,51.5,28.9,N/A,N/A,N/A,N/A,N/A,N/A,N/A,30.8,NO,N/A,NO,N/A,NO,N/A
2022,02,Clark,02226.1,Kelly ES,Regular,11,Not Rated,YES,11.2,6.8,<5,YES,YES,NO,NO,NO,28.7,12.6,16.6,N/A,N/A,N/A,N/A,N/A,N/A,N/A,52,YES,4,NO,N/A,NO,N/A
2022,02,Clark,02228.1,Mountain View ES,Regular,48,Not Rated,YES,29.7,15.3,<5,YES,YES,YES,NO,NO,52.7,41.3,23.2,N/A,N/A,N/A,N/A,N/A,N/A,N/A,38.6,YES,4,NO,N/A,NO,N/A
2022,02,Clark,02230.1,Taylor G ES,Regular,88,Not Rated,NO,62.8,59.2,40.3,YES,YES,NO,NO,NO,72.7,71.1,61.9,N/A,N/A,N/A,N/A,N/A,N/A,N/A,24.7,NO,N/A,NO,N/A,NO,N/A
2022,02,Clark,02231.1,Adcock ES,Regular,46.5,Not Rated,YES,33.4,28.2,<5,YES,YES,YES,NO,NO,52.4,46.3,22.8,N/A,N/A,N/A,N/A,N/A,N/A,N/A,31.9,NO,N/A,YES,3,YES,3
2022,02,Clark,02232.1,Paradise ES,Regular,34,Not Rated,YES,21.2,15.1,<5,YES,YES,NO,NO,NO,41.8,32,41.5,N/A,N/A,N/A,N/A,N/A,N/A,N/A,50.2,NO,N/A,NO,N/A,NO,N/A
2022,02,Clark,02233.1,Culley ES,Regular,36,Not Rated,YES,31.4,16.7,<5,YES,YES,NO,NO,NO,53.6,28.9,26,N/A,N/A,N/A,N/A,N/A,N/A,N/A,36.7,YES,3,NO,N/A,NO,N/A
2022,02,Clark,02234.1,McCall ES,Regular,34,Not Rated,YES,23.3,13.3,<5,YES,YES,NO,NO,NO,53.5,28.1,17.3,N/A,N/A,N/A,N/A,N/A,N/A,N/A,36,YES,3,NO,N/A,NO,N/A
2022,02,Clark,02235.1,Red Rock ES,Regular,36,Not Rated,YES,20.1,16.9,<5,YES,YES,NO,NO,NO,40.1,34.6,48,N/A,N/A,N/A,N/A,N/A,N/A,N/A,34.8,YES,3,NO,N/A,NO,N/A
2022,02,Clark,02236.1,Bell ES,Regular,36.5,Not Rated,YES,29.4,16.4,10.3,YES,YES,NO,NO,NO,52.3,32.3,22,N/A,N/A,N/A,N/A,N/A,N/A,N/A,42.9,YES,3,NO,N/A,NO,N/A
2022,02,Clark,02237.1,Lake ES,Regular,32.5,Not Rated,YES,26.5,16.9,6.2,YES,YES,NO,NO,NO,47.7,36.1,29.6,N/A,N/A,N/A,N/A,N/A,N/A,N/A,39.9,NO,N/A,NO,N/A,NO,N/A
2022,02,Clark,02238.1,Warren ES,Regular,34.5,Not Rated,YES,25.6,19.4,14.7,YES,YES,NO,NO,NO,43.7,40.6,20,N/A,N/A,N/A,N/A,N/A,N/A,N/A,41.2,NO,N/A,YES,3,YES,3
2022,02,Clark,02239.1,Thomas ES,Regular,11,Not Rated,YES,15.1,11.8,6.1,YES,YES,NO,NO,NO,28.2,14.8,20.9,N/A,N/A,N/A,N/A,N/A,N/A,N/A,45.3,NO,N/A,YES,3,YES,3
2022,02,Clark,02241.1,Sunrise Acres ES,Regular,39.5,Not Rated,YES,32.6,26.4,<5,NO,NO,YES,NO,NO,45.2,37.8,28.6,N/A,N/A,N/A,N/A,N/A,N/A,N/A,44.3,NO,N/A,NO,N/A,NO,N/A
2022,02,Clark,02242.1,Williams T ES,Regular,30.5,Not Rated,YES,24.5,12.8,7.8,YES,YES,NO,NO,NO,47.2,32.6,34.2,N/A,N/A,N/A,N/A,N/A,N/A,N/A,34.6,NO,N/A,NO,N/A,NO,N/A
2022,02,Clark,02243.1,Twin Lakes ES,Regular,50.5,Not Rated,YES,32.8,21.8,11.8,YES,YES,NO,NO,NO,60.4,44,28.2,N/A,N/A,N/A,N/A,N/A,N/A,N/A,31.3,NO,N/A,YES,3,NO,N/A
2022,02,Clark,02244.1,Pittman ES,Regular,31,Not Rated,YES,27.7,19.8,10,YES,YES,NO,NO,NO,43.6,30.2,42.2,N/A,N/A,N/A,N/A,N/A,N/A,N/A,41.8,NO,N/A,NO,N/A,NO,N/A
2022,02,Clark,02245.1,Vegas Verdes ES,Regular,50,Not Rated,YES,26.1,17.4,10.6,YES,YES,NO,NO,NO,54.5,44.6,27.7,N/A,N/A,N/A,N/A,N/A,N/A,N/A,30.4,NO,N/A,NO,N/A,NO,N/A
2022,02,Clark,02246.1,Bracken ES,Regular,64.5,Not Rated,YES,53.4,35.1,29.7,YES,YES,NO,NO,NO,57.9,54,40.1,N/A,N/A,N/A,N/A,N/A,N/A,N/A,22,NO,N/A,NO,N/A,NO,N/A
2022,02,Clark,02247.1,Wasden ES,Regular,29.5,Not Rated,YES,26.9,18.2,17.9,YES,YES,YES,NO,NO,46.8,34.7,27.6,N/A,N/A,N/A,N/A,N/A,N/A,N/A,43.3,NO,N/A,YES,3,YES,3
2022,02,Clark,02248.1,Beckley ES,Regular,50,Not Rated,YES,28.8,17.7,9.7,YES,YES,NO,NO,NO,54.1,46.9,33.3,N/A,N/A,N/A,N/A,N/A,N/A,N/A,32.7,NO,N/A,YES,3,YES,3
2022,02,Clark,02249.1,McCaw ES,Regular,90.5,Not Rated,YES,72,65.9,48.1,YES,YES,NO,NO,NO,71,71.2,50,N/A,N/A,N/A,N/A,N/A,N/A,N/A,17,NO,N/A,NO,N/A,NO,N/A
2022,02,Clark,02250.1,Mitchell ES,Regular,5,Not Rated,NO,N/A,N/A,N/A,N/A,N/A,NO,NO,NO,N/A,N/A,N/A,N/A,N/A,N/A,N/A,N/A,N/A,N/A,23.5,NO,N/A,NO,N/A,NO,N/A
2022,02,Clark,02251.1,Sewell ES,Regular,35,Not Rated,YES,33.1,20.2,13.3,YES,YES,NO,NO,NO,48.3,34.3,40.9,N/A,N/A,N/A,N/A,N/A,N/A,N/A,37.9,NO,N/A,NO,N/A,NO,N/A
2022,02,Clark,02252.1,Indian Springs ES,Regular,25,Not Rated,NO,44,24.1,19,YES,YES,YES,NO,NO,46.4,21.4,-,N/A,N/A,N/A,N/A,N/A,N/A,N/A,42.7,YES,2,NO,N/A,NO,N/A
2022,02,Clark,02253.1,Priest ES,Regular,43,Not Rated,YES,36.9,29.6,13.8,YES,YES,NO,NO,NO,45.2,40.1,47.6,N/A,N/A,N/A,N/A,N/A,N/A,N/A,36,YES,4,NO,N/A,NO,N/A
2022,02,Clark,02254.1,Taylor R ES,Regular,33.89,Not Rated,YES,18.5,15.1,7.6,YES,YES,NO,NO,NO,25,50,18.1,N/A,N/A,N/A,N/A,N/A,N/A,N/A,55.5,YES,4,NO,N/A,NO,N/A
2022,02,Clark,02255.1,Virgin Valley ES,Regular,53,Not Rated,YES,47.6,43.4,14.1,YES,YES,YES,NO,NO,52.8,47.6,34.3,N/A,N/A,N/A,N/A,N/A,N/A,N/A,28.7,NO,N/A,YES,1,YES,1
2022,02,Clark,02256.1,Whitney ES,Regular,46.5,Not Rated,YES,34.4,25.1,16.6,YES,YES,NO,NO,NO,56.4,35.1,44.6,N/A,N/A,N/A,N/A,N/A,N/A,N/A,44.5,YES,4,NO,N/A,NO,N/A
2022,02,Clark,02257.1,Ferron ES,Regular,55.5,Not Rated,YES,32.6,27.8,12.3,YES,YES,NO,NO,NO,53.7,56.6,42.6,N/A,N/A,N/A,N/A,N/A,N/A,N/A,31,NO,N/A,NO,N/A,NO,N/A
2022,02,Clark,02258.1,Gene Ward ES,Regular,54.5,Not Rated,YES,33.6,15.9,8.6,YES,YES,NO,NO,NO,59.7,36.8,61.1,N/A,N/A,N/A,N/A,N/A,N/A,N/A,40.5,YES,4,NO,N/A,NO,N/A
2022,02,Clark,02259.1,Wengert ES,Regular,45.5,Not Rated,YES,35.1,15.5,22.6,YES,YES,NO,NO,NO,56.8,39.6,43,N/A,N/A,N/A,N/A,N/A,N/A,N/A,35.7,NO,N/A,YES,3,YES,3
2022,02,Clark,02260.1,Tate ES,Regular,60,Not Rated,YES,29.3,30.3,9.4,YES,YES,YES,NO,NO,56.9,61.9,42.3,N/A,N/A,N/A,N/A,N/A,N/A,N/A,47.1,NO,N/A,YES,3,YES,3
2022,02,Clark,02261.1,Harmon ES,Regular,21,Not Rated,YES,28.6,16.6,6.1,YES,YES,YES,NO,NO,39.7,30.1,22.5,N/A,N/A,N/A,N/A,N/A,N/A,N/A,32.7,NO,N/A,YES,3,YES,3
2022,02,Clark,02262.1,Harris ES,Regular,43.5,Not Rated,YES,35.9,18.7,7.6,YES,YES,YES,NO,NO,66.6,28.1,26.5,N/A,N/A,N/A,N/A,N/A,N/A,N/A,40.5,YES,4,NO,N/A,NO,N/A
2022,02,Clark,02263.1,Diskin ES,Regular,52,Not Rated,YES,36,19.1,8.9,YES,YES,NO,NO,NO,64.2,33.8,64.1,N/A,N/A,N/A,N/A,N/A,N/A,N/A,33.2,NO,N/A,NO,N/A,NO,N/A
2022,02,Clark,02264.1,Smith Helen ES,Regular,65,Not Rated,YES,53.4,32.8,20.8,YES,YES,NO,NO,NO,70.9,49,37.2,N/A,N/A,N/A,N/A,N/A,N/A,N/A,26.1,NO,N/A,NO,N/A,NO,N/A
2022,02,Clark,02265.1,Tomiyasu ES,Regular,53,Not Rated,YES,39.7,24.8,16,YES,YES,NO,NO,NO,60,48.2,31.1,N/A,N/A,N/A,N/A,N/A,N/A,N/A,35,NO,N/A,NO,N/A,NO,N/A
2022,02,Clark,02266.1,Dondero ES,Regular,49,Not Rated,YES,27.3,24.6,16.6,YES,YES,NO,NO,NO,51.9,59.7,29.5,N/A,N/A,N/A,N/A,N/A,N/A,N/A,27.4,NO,N/A,NO,N/A,NO,N/A
2022,02,Clark,02267.1,Edwards ES,Regular,38.5,Not Rated,YES,26.8,13.1,7.2,YES,YES,NO,NO,NO,53.2,33.7,29.4,N/A,N/A,N/A,N/A,N/A,N/A,N/A,41,NO,N/A,NO,N/A,NO,N/A
2022,02,Clark,02268.1,French ES,Regular,49.5,Not Rated,YES,41.7,23.3,<5,YES,YES,NO,NO,NO,67,40.4,34.6,N/A,N/A,N/A,N/A,N/A,N/A,N/A,39,NO,N/A,NO,N/A,NO,N/A
2022,02,Clark,02269.1,Decker ES,Regular,61,Not Rated,YES,33.6,27.6,10.4,YES,YES,NO,NO,NO,66.4,59.5,39.3,N/A,N/A,N/A,N/A,N/A,N/A,N/A,38.4,NO,N/A,YES,3,YES,3
2022,02,Clark,02270.1,Long ES,Regular,13,Not Rated,YES,22.9,17,<5,YES,YES,NO,NO,NO,33.6,18.4,20.5,N/A,N/A,N/A,N/A,N/A,N/A,N/A,44.1,YES,3,NO,N/A,NO,N/A
2022,02,Clark,02271.1,Bilbray ES,Regular,72.5,Not Rated,NO,61.2,51.7,34.4,YES,YES,NO,NO,NO,59.5,66.1,13.3,N/A,N/A,N/A,N/A,N/A,N/A,N/A,19.6,NO,N/A,NO,N/A,NO,N/A
2022,02,Clark,02272.1,Frias ES,Regular,79,Not Rated,NO,67,52.3,27.1,YES,YES,YES,NO,NO,72,62.4,39.3,N/A,N/A,N/A,N/A,N/A,N/A,N/A,22.5,NO,N/A,NO,N/A,NO,N/A
2022,02,Clark,02273.1,Hollingsworth ES,Regular,38.5,Not Rated,YES,19.8,13.3,<5,YES,YES,NO,NO,NO,38,45.7,36.3,N/A,N/A,N/A,N/A,N/A,N/A,N/A,40.9,YES,4,NO,N/A,NO,N/A
2022,02,Clark,02274.1,Miller Sandy ES,Regular,70,Not Rated,YES,47,39.8,16.9,YES,YES,NO,NO,NO,60.7,61.7,49.4,N/A,N/A,N/A,N/A,N/A,N/A,N/A,20.2,NO,N/A,NO,N/A,NO,N/A
2022,02,Clark,02275.1,Gragson ES,Regular,45.5,Not Rated,YES,33.5,18,5.3,YES,YES,YES,NO,NO,57.1,42.4,23.7,N/A,N/A,N/A,N/A,N/A,N/A,N/A,39,NO,N/A,NO,N/A,NO,N/A
2022,02,Clark,02276.1,Galloway ES,Regular,38.5,Not Rated,YES,39.5,33,11,YES,YES,NO,NO,NO,40.1,44.3,41.6,N/A,N/A,N/A,N/A,N/A,N/A,N/A,31.9,NO,N/A,NO,N/A,NO,N/A
2022,02,Clark,02277.1,Mack ES,Regular,62.5,Not Rated,YES,50,38.5,18.6,YES,YES,YES,NO,NO,67.5,56.1,22.2,N/A,N/A,N/A,N/A,N/A,N/A,N/A,23.6,NO,N/A,NO,N/A,NO,N/A
2022,02,Clark,02278.1,Gray ES,Regular,29.5,Not Rated,YES,32.5,14.2,8.1,YES,YES,NO,NO,NO,53.6,20.8,19.4,N/A,N/A,N/A,N/A,N/A,N/A,N/A,40.7,NO,N/A,YES,3,YES,3
2022,02,Clark,02279.1,Bowler Grant ES,Regular,57.22,Not Rated,NO,52.4,41.7,28,YES,YES,NO,NO,NO,59.2,45,-,N/A,N/A,N/A,N/A,N/A,N/A,N/A,44.8,NO,N/A,YES,3,YES,3
2022,02,Clark,02280.1,Bass ES,Regular,55.5,Not Rated,YES,41.4,36.1,13.2,YES,YES,NO,NO,NO,60.5,51.2,31.5,N/A,N/A,N/A,N/A,N/A,N/A,N/A,34.4,NO,N/A,NO,N/A,NO,N/A
2022,02,Clark,02281.1,Martinez ES,Regular,43.5,Not Rated,YES,22.7,18.8,9.6,YES,YES,NO,NO,NO,48.8,40.3,40.5,N/A,N/A,N/A,N/A,N/A,N/A,N/A,40.2,NO,N/A,YES,2,YES,2
2022,02,Clark,02282.1,Moore ES,Regular,30,Not Rated,YES,22.3,17.4,12.9,YES,YES,NO,NO,NO,38.8,38.3,41.3,N/A,N/A,N/A,N/A,N/A,N/A,N/A,41.1,YES,4,NO,N/A,NO,N/A
2022,02,Clark,02283.1,Ober ES,Regular,52.5,Not Rated,YES,47.6,29.5,19.7,YES,YES,NO,NO,NO,63,45.3,26.5,N/A,N/A,N/A,N/A,N/A,N/A,N/A,39.2,NO,N/A,NO,N/A,NO,N/A
2022,02,Clark,02284.1,Smith Hal ES,Regular,9,Not Rated,YES,13.2,9.7,<5,NO,NO,YES,NO,NO,26.6,11.5,18.6,N/A,N/A,N/A,N/A,N/A,N/A,N/A,60.5,YES,4,NO,N/A,NO,N/A
2022,02,Clark,02285.1,Tarr ES,Regular,78,Not Rated,NO,55,44.1,24,YES,YES,NO,NO,NO,64.7,57.7,75,N/A,N/A,N/A,N/A,N/A,N/A,N/A,20.5,NO,N/A,NO,N/A,NO,N/A
2022,02,Clark,02286.1,Staton ES,Regular,93.5,Not Rated,NO,74,70.9,42.4,YES,YES,NO,NO,NO,73.4,73.9,57.6,N/A,N/A,N/A,N/A,N/A,N/A,N/A,15.9,NO,N/A,NO,N/A,NO,N/A
2022,02,Clark,02287.1,Wolff ES,Regular,90.5,Not Rated,NO,73.3,67.7,35.8,YES,YES,YES,NO,NO,83.2,74,64.2,N/A,N/A,N/A,N/A,N/A,N/A,N/A,23.3,NO,N/A,NO,N/A,NO,N/A
2022,02,Clark,02289.1,Petersen ES,Regular,13,Not Rated,YES,18.1,9.4,6.3,YES,YES,NO,NO,NO,30,19.2,24.2,N/A,N/A,N/A,N/A,N/A,N/A,N/A,54.2,YES,3,NO,N/A,NO,N/A
2022,02,Clark,02290.1,Tobler ES,Regular,60,Not Rated,YES,43,31.9,6.8,YES,YES,NO,NO,NO,60.1,53.9,25,N/A,N/A,N/A,N/A,N/A,N/A,N/A,31,NO,N/A,YES,3,YES,3
2022,02,Clark,02291.1,Sandy Valley ES,Regular,57.5,Not Rated,YES,27.2,29.5,36.3,YES,YES,NO,NO,NO,62.5,79.1,38.4,N/A,N/A,N/A,N/A,N/A,N/A,N/A,30.1,YES,3,NO,N/A,NO,N/A
2022,02,Clark,02292.1,Bennett William ES,Regular,46.11,Not Rated,YES,28.5,21.9,6.6,NO,NO,YES,NO,NO,55.3,39.2,-,N/A,N/A,N/A,N/A,N/A,N/A,N/A,50.7,YES,4,NO,N/A,NO,N/A
2022,02,Clark,02293.1,Cox C ES,Regular,8,Not Rated,YES,16.5,11.7,<5,YES,YES,NO,NO,NO,24,13.7,25.2,N/A,N/A,N/A,N/A,N/A,N/A,N/A,39.3,YES,1,NO,N/A,NO,N/A
2022,02,Clark,02294.1,Stanford ES,Regular,50.5,Not Rated,YES,44.3,26.6,9.2,YES,YES,NO,NO,NO,60.5,36.7,43.6,N/A,N/A,N/A,N/A,N/A,N/A,N/A,20.3,NO,N/A,YES,3,NO,N/A
2022,02,Clark,02295.1,Reed ES,Regular,35.5,Not Rated,YES,27.7,18.3,5.6,YES,YES,NO,NO,NO,45,42.2,22.5,N/A,N/A,N/A,N/A,N/A,N/A,N/A,47.8,YES,4,NO,N/A,NO,N/A
2022,02,Clark,02296.1,Earl M ES,Regular,48.5,Not Rated,YES,30.8,26.1,13.5,YES,YES,NO,NO,NO,48.2,51.3,40.8,N/A,N/A,N/A,N/A,N/A,N/A,N/A,32.3,NO,N/A,NO,N/A,NO,N/A
2022,02,Clark,02297.1,Hinman ES,Regular,59,Not Rated,YES,38.7,26,20.9,YES,YES,NO,NO,NO,71.6,48.4,6.2,N/A,N/A,N/A,N/A,N/A,N/A,N/A,37.2,NO,N/A,NO,N/A,NO,N/A
2022,02,Clark,02298.1,McDoniel ES,Regular,73,Not Rated,YES,52.3,45.8,37.3,YES,YES,NO,NO,NO,87.3,85,27.2,N/A,N/A,N/A,N/A,N/A,N/A,N/A,16.6,NO,N/A,NO,N/A,NO,N/A
2022,02,Clark,02299.1,Odyssey ES,District Charter,39.5,Not Rated,YES,48.4,30.7,13.3,NO,NO,YES,NO,NO,47,21.6,72.7,N/A,N/A,N/A,N/A,N/A,N/A,N/A,5.7,NO,N/A,NO,N/A,NO,N/A
2022,02,Clark,02300.1,Detwiler ES,Regular,38,Not Rated,YES,25.4,12.9,<5,YES,YES,NO,NO,NO,48.5,37.1,21.4,N/A,N/A,N/A,N/A,N/A,N/A,N/A,43.9,YES,4,NO,N/A,NO,N/A
2022,02,Clark,02301.2,Von Tobel MS,Regular,20.5,Not Rated,YES,23.4,11.1,14.4,YES,YES,YES,NO,NO,28.9,16.5,10.3,64,N/A,N/A,N/A,N/A,N/A,N/A,45.1,YES,3,NO,N/A,NO,N/A
2022,02,Clark,02302.2,Garside MS,Regular,19,Not Rated,YES,25,6.8,20.5,YES,YES,NO,NO,NO,30.6,8.8,14,62.6,N/A,N/A,N/A,N/A,N/A,N/A,37.5,NO,N/A,YES,3,YES,3
2022,02,Clark,02303.2,Hyde Park MS,Regular,70.5,Not Rated,YES,55.6,47.4,49.1,NO,NO,YES,NO,NO,60.2,61.4,23,80.2,N/A,N/A,N/A,N/A,N/A,N/A,27.4,NO,N/A,YES,3,YES,3
2022,02,Clark,02304.2,Cashman MS,Regular,17.5,Not Rated,YES,33.3,13.3,21.4,YES,YES,NO,NO,NO,34.8,13.2,5,69.8,N/A,N/A,N/A,N/A,N/A,N/A,39.1,NO,N/A,YES,3,YES,3
2022,02,Clark,02305.2,Smith MS,Regular,28,Not Rated,YES,26.3,7.1,15.6,YES,YES,YES,NO,NO,37.8,14.9,17.4,67.9,N/A,N/A,N/A,N/A,N/A,N/A,41.9,YES,4,NO,N/A,NO,N/A
2022,02,Clark,02306.2,Brinley MS,Regular,39,Not Rated,YES,28.5,10.4,24.7,YES,YES,NO,NO,NO,38.2,18.2,29,74.6,N/A,N/A,N/A,N/A,N/A,N/A,42.4,YES,4,NO,N/A,NO,N/A
2022,02,Clark,02307.2,Bridger MS,Regular,20,Not Rated,YES,28.1,16.7,24.7,YES,YES,NO,NO,NO,30.3,18.9,8.4,74,N/A,N/A,N/A,N/A,N/A,N/A,38,NO,N/A,YES,3,YES,3
2022,02,Clark,02308.2,Fremont MS,Regular,17.5,Not Rated,YES,22.9,6.9,9.3,YES,YES,NO,NO,NO,33.4,8.4,14.7,84.6,N/A,N/A,N/A,N/A,N/A,N/A,42.9,NO,N/A,YES,3,YES,3
2022,02,Clark,02309.2,Knudson MS,Regular,41,Not Rated,YES,45.9,12.5,20.2,YES,YES,NO,NO,NO,51.5,18.9,11.5,80.1,N/A,N/A,N/A,N/A,N/A,N/A,34.7,NO,N/A,YES,3,YES,3
2022,02,Clark,02310.2,Gibson MS,Regular,40,Not Rated,YES,32.9,12.7,26.6,YES,YES,YES,NO,NO,42.2,21.1,18,50.2,N/A,N/A,N/A,N/A,N/A,N/A,29.7,NO,N/A,YES,3,YES,3
2022,02,Clark,02311.2,Martin MS,Regular,19.5,Not Rated,YES,31,14.8,24.7,YES,YES,NO,NO,NO,30.3,15.9,21.7,57.5,N/A,N/A,N/A,N/A,N/A,N/A,37.3,NO,N/A,YES,3,YES,3
2022,02,Clark,02312.2,Orr MS,Regular,27.5,Not Rated,YES,23.6,8.7,14.9,NO,NO,YES,NO,NO,33.4,10.4,17.9,68.8,N/A,N/A,N/A,N/A,N/A,N/A,48.3,YES,3,NO,N/A,NO,N/A
2022,02,Clark,02313.2,Burkholder MS,Regular,26,Not Rated,YES,33.3,18.1,30.6,YES,YES,NO,NO,NO,37.9,24.7,11.7,77.8,N/A,N/A,N/A,N/A,N/A,N/A,42.2,NO,N/A,YES,3,YES,3
2022,02,Clark,02314.2,Woodbury MS,Regular,22.5,Not Rated,YES,30.2,7.2,16.6,YES,YES,YES,NO,NO,43.8,9.5,<5,74.5,N/A,N/A,N/A,N/A,N/A,N/A,39,NO,N/A,YES,3,YES,3
2022,02,Clark,02315.2,Robison MS,Regular,18,Not Rated,YES,26.9,9,14.1,YES,YES,NO,NO,NO,27,9.8,11.3,82.9,N/A,N/A,N/A,N/A,N/A,N/A,44.3,NO,N/A,YES,3,YES,3
2022,02,Clark,02316.2,Cannon JHS MS,Regular,24,Not Rated,YES,29.4,11.7,16.9,YES,YES,NO,NO,NO,33.1,16.6,14.1,76.3,N/A,N/A,N/A,N/A,N/A,N/A,41.5,NO,N/A,YES,3,YES,3
2022,02,Clark,02317.2,Guinn MS,Regular,59.5,Not Rated,YES,47.7,28.4,35.7,YES,YES,YES,NO,NO,53.2,35.4,22.4,69.9,N/A,N/A,N/A,N/A,N/A,N/A,27.2,NO,N/A,YES,3,YES,3
2022,02,Clark,02318.2,Garrett MS,Regular,83.33,Not Rated,NO,61,44.4,50,YES,YES,NO,NO,NO,65.3,52.4,N/A,78.4,N/A,N/A,N/A,N/A,N/A,N/A,27.2,NO,N/A,YES,3,YES,3
2022,02,Clark,02319.2,Brown JHS MS,Regular,42.5,Not Rated,YES,43,16,37,YES,YES,NO,NO,NO,46.2,23.2,48,81.7,N/A,N/A,N/A,N/A,N/A,N/A,36.6,NO,N/A,YES,3,YES,3
2022,02,Clark,02320.2,Sandy Valley JSHS MS,Regular,52,Not Rated,YES,35.2,16.9,26,YES,YES,NO,NO,NO,41.3,23.2,20,72,N/A,N/A,N/A,N/A,N/A,N/A,22,NO,N/A,NO,N/A,NO,N/A
2022,02,Clark,02320.3,Sandy Valley JSHS HS,Regular,73.5,Not Rated,YES,43.7,23.5,6.8,-,YES,NO,NO,NO,N/A,N/A,12.5,N/A,95.8,73.3,60,40.9,>95,90,19.3,NO,N/A,NO,N/A,NO,N/A
2022,02,Clark,02321.2,Laughlin JSHS MS,Regular,27.78,Not Rated,YES,30.7,14.1,15.2,YES,YES,YES,NO,NO,36.6,22.7,-,51.7,N/A,N/A,N/A,N/A,N/A,N/A,45,NO,N/A,YES,3,YES,3
2022,02,Clark,02321.3,Laughlin JSHS HS,Regular,26.11,Not Rated,YES,32.6,12.7,12.7,YES,YES,NO,NO,NO,N/A,N/A,-,N/A,90.6,47.6,4.7,26.8,74.5,83,49,NO,N/A,NO,N/A,NO,N/A
2022,02,Clark,02322.2,OCallaghan i3 ACAD MS,Regular,79,Not Rated,YES,56.8,37.7,32.7,YES,YES,NO,NO,NO,60.4,41.4,46.6,87.6,N/A,N/A,N/A,N/A,N/A,N/A,24.4,YES,4,NO,N/A,NO,N/A
2022,02,Clark,02323.2,Johnson JHS MS,Regular,76,Not Rated,YES,55.7,32.2,51,YES,YES,NO,NO,NO,62.2,42.7,20.5,65.1,N/A,N/A,N/A,N/A,N/A,N/A,29.5,NO,N/A,YES,3,YES,3
2022,02,Clark,02324.2,Greenspun JHS MS,Regular,65.5,Not Rated,NO,50.2,30.2,47.3,YES,YES,NO,NO,NO,58.2,44.3,13.5,76.6,N/A,N/A,N/A,N/A,N/A,N/A,26.3,NO,N/A,YES,3,YES,3
2022,02,Clark,02325.2,Swainston MS,Regular,11,Not Rated,YES,22.5,6.8,10.8,YES,YES,NO,NO,NO,27.2,8.8,12.9,55.7,N/A,N/A,N/A,N/A,N/A,N/A,42.9,NO,N/A,YES,3,YES,3
2022,02,Clark,02326.2,White MS,Regular,70,Not Rated,NO,64.2,31.3,53.9,YES,YES,NO,NO,NO,65.3,36.3,12.1,91.4,N/A,N/A,N/A,N/A,N/A,N/A,25,NO,N/A,YES,3,YES,3
2022,02,Clark,02327.2,Becker MS,Regular,56,Not Rated,YES,48.2,24.8,36.5,YES,YES,NO,NO,NO,58.8,31.8,8.8,74.7,N/A,N/A,N/A,N/A,N/A,N/A,37.5,NO,N/A,YES,2,YES,2
2022,02,Clark,02328.2,Sawyer MS,Regular,46.5,Not Rated,YES,40.5,14.6,17.2,YES,YES,NO,NO,NO,52.3,22.4,17.6,55.7,N/A,N/A,N/A,N/A,N/A,N/A,38.8,NO,N/A,YES,3,YES,3
2022,02,Clark,02329.2,Lyon MS,Regular,74.44,Not Rated,NO,56.3,54.3,44.4,NO,NO,YES,NO,NO,55.7,62,-,92,N/A,N/A,N/A,N/A,N/A,N/A,44.1,NO,N/A,YES,3,YES,3
2022,02,Clark,02330.2,West Prep JSHS MS,Regular,19.5,Not Rated,YES,26.2,10,18.1,YES,YES,NO,NO,NO,31.2,15.6,12.8,66.9,N/A,N/A,N/A,N/A,N/A,N/A,43.2,YES,3,NO,N/A,NO,N/A
2022,02,Clark,02330.3,West Prep JSHS HS,Regular,71.5,Not Rated,YES,32.4,14.4,20.8,YES,YES,NO,NO,NO,N/A,N/A,22.8,N/A,100,94.9,37.9,33.6,>95,86.5,17.7,NO,N/A,NO,N/A,NO,N/A
2022,02,Clark,02331.2,Lied STEM ACAD MS,Regular,82.5,Not Rated,NO,61.1,43.7,49.3,YES,YES,NO,NO,NO,61.3,48.3,42.3,90.7,N/A,N/A,N/A,N/A,N/A,N/A,23.3,NO,N/A,YES,3,YES,3
2022,02,Clark,02332.2,Keller MS,Regular,12,Not Rated,YES,20.8,<5,12.7,YES,YES,NO,NO,NO,24.1,7.4,6.4,72.2,N/A,N/A,N/A,N/A,N/A,N/A,44,YES,4,NO,N/A,NO,N/A
2022,02,Clark,02333.2,Molasky JHS MS,Regular,19.5,Not Rated,YES,26,9.3,18.1,YES,YES,YES,NO,NO,29.7,15.4,8.1,65.1,N/A,N/A,N/A,N/A,N/A,N/A,48,NO,N/A,YES,3,YES,3
2022,02,Clark,02334.2,Silvestri JHS MS,Regular,30,Not Rated,YES,36.6,19.8,31.3,YES,YES,YES,NO,NO,36.8,21.8,10.8,74,N/A,N/A,N/A,N/A,N/A,N/A,35.6,NO,N/A,YES,3,YES,3
2022,02,Clark,02335.2,Cortney JHS MS,Regular,19.5,Not Rated,YES,29.2,10,19.5,NO,NO,NO,NO,NO,35.6,13,12.1,46.9,N/A,N/A,N/A,N/A,N/A,N/A,46,NO,N/A,YES,3,YES,3
2022,02,Clark,02336.2,Indian Springs MS,Regular,37.22,Not Rated,YES,46.5,15.2,33.3,YES,YES,NO,NO,NO,52.2,17.7,N/A,61.5,N/A,N/A,N/A,N/A,N/A,N/A,34.7,NO,N/A,NO,N/A,NO,N/A
2022,02,Clark,02337.2,Lawrence JHS MS,Regular,55.5,Not Rated,YES,42.1,19.7,31.5,YES,YES,YES,NO,NO,48.3,26.5,22.6,78.2,N/A,N/A,N/A,N/A,N/A,N/A,36.8,NO,N/A,YES,3,YES,3
2022,02,Clark,02338.2,Miller MS,Regular,86,Not Rated,NO,68,46.8,51,YES,YES,YES,NO,NO,68.8,50.6,40,88.3,N/A,N/A,N/A,N/A,N/A,N/A,20.8,NO,N/A,YES,2,YES,2
2022,02,Clark,02339.2,Rogich MS,Regular,76.5,Not Rated,NO,73.2,51.2,49,YES,YES,NO,NO,NO,73.5,56.3,17.2,81.4,N/A,N/A,N/A,N/A,N/A,N/A,19,NO,N/A,NO,N/A,NO,N/A
2022,02,Clark,02341.2,Leavitt MS,Regular,46.5,Not Rated,YES,46.7,24.3,41.9,YES,YES,NO,NO,NO,45,30.2,21,73.7,N/A,N/A,N/A,N/A,N/A,N/A,28.9,NO,N/A,YES,3,YES,3
2022,02,Clark,02342.2,Cram MS,Regular,53,Not Rated,YES,38.7,19.6,29.6,YES,YES,NO,NO,NO,46.9,27.4,23.4,72.1,N/A,N/A,N/A,N/A,N/A,N/A,23.3,NO,N/A,YES,3,YES,3
2022,02,Clark,02343.2,Monaco MS,Regular,40.5,Not Rated,YES,28.6,12.6,14.9,YES,YES,NO,NO,NO,38.9,22.8,17.3,67.4,N/A,N/A,N/A,N/A,N/A,N/A,45.1,YES,4,NO,N/A,NO,N/A
2022,02,Clark,02344.2,Schofield MS,Regular,34,Not Rated,YES,40.3,14,30.5,YES,YES,NO,NO,NO,44,22.2,10.2,69.2,N/A,N/A,N/A,N/A,N/A,N/A,36.2,NO,N/A,YES,3,YES,3
2022,02,Clark,02345.2,Sedway MS,Regular,26,Not Rated,YES,22,8.1,21.1,YES,YES,YES,NO,NO,30.8,19,<5,79,N/A,N/A,N/A,N/A,N/A,N/A,46.6,YES,4,NO,N/A,NO,N/A
2022,02,Clark,02346.2,Harney MS,Regular,11,Not Rated,YES,26,8.4,18.7,NO,NO,YES,NO,NO,26.3,9.4,<5,68.1,N/A,N/A,N/A,N/A,N/A,N/A,51.4,NO,N/A,YES,3,YES,3
2022,02,Clark,02347.2,Fertitta MS,Regular,64,Not Rated,NO,57.7,30.3,40.7,YES,YES,YES,NO,NO,62.5,31,21.6,84.5,N/A,N/A,N/A,N/A,N/A,N/A,23.2,NO,N/A,YES,3,YES,3
2022,02,Clark,02348.2,Cadwallader MS,Regular,67.5,Not Rated,NO,51.5,35,39.1,YES,YES,YES,NO,NO,53.8,44.6,20,73.4,N/A,N/A,N/A,N/A,N/A,N/A,24,NO,N/A,YES,3,YES,3
2022,02,Clark,02349.2,Canarelli MS,Regular,69,Not Rated,NO,56.7,31.5,46,NO,YES,YES,NO,NO,63.8,37.7,18,88.9,N/A,N/A,N/A,N/A,N/A,N/A,27.3,NO,N/A,YES,3,YES,3
2022,02,Clark,02350.2,Hughes MS,Regular,55,Not Rated,YES,38.9,27.1,31.8,YES,YES,NO,NO,NO,44.6,36.5,23.1,87.4,N/A,N/A,N/A,N/A,N/A,N/A,34.7,NO,N/A,YES,3,YES,3
2022,02,Clark,02352.2,Findlay MS,Regular,9,Not Rated,YES,21.4,7.5,13.3,YES,YES,NO,NO,NO,23.5,8.9,12.3,65.7,N/A,N/A,N/A,N/A,N/A,N/A,49.4,NO,N/A,YES,3,YES,3
2022,02,Clark,02353.2,Mannion MS,Regular,82.5,Not Rated,NO,62.6,38,41.4,YES,YES,NO,NO,NO,66.2,47.9,50,82.9,N/A,N/A,N/A,N/A,N/A,N/A,21.8,NO,N/A,YES,3,YES,3
2022,02,Clark,02354.2,Saville MS,Regular,55,Not Rated,NO,49,27.2,28.2,YES,YES,NO,NO,NO,53.4,33,<5,78.4,N/A,N/A,N/A,N/A,N/A,N/A,30.6,NO,N/A,YES,3,YES,3
2022,02,Clark,02355.2,Webb MS,Regular,76.5,Not Rated,NO,64.2,45.3,57.4,YES,YES,NO,NO,NO,67.5,53.3,19.4,82.3,N/A,N/A,N/A,N/A,N/A,N/A,23,NO,N/A,YES,2,YES,2
2022,02,Clark,02356.2,Mack MS,Regular,25.5,Not Rated,YES,25,11.2,20.8,NO,NO,YES,NO,NO,30.6,15.9,16,79.4,N/A,N/A,N/A,N/A,N/A,N/A,45.3,YES,4,NO,N/A,NO,N/A
2022,02,Clark,02357.2,Bailey MS,Regular,24,Not Rated,YES,24.3,9,17.7,NO,YES,YES,NO,NO,36.1,15.8,6.7,52,N/A,N/A,N/A,N/A,N/A,N/A,49.6,YES,4,NO,N/A,NO,N/A
2022,02,Clark,02358.2,Odyssey MS,District Charter,69.5,Not Rated,NO,56.1,22.2,43,NO,NO,YES,NO,NO,60.8,27.4,31.5,87.1,N/A,N/A,N/A,N/A,N/A,N/A,<5,NO,N/A,YES,1,YES,1
2022,02,Clark,02359.2,Johnston MS,Regular,32,Not Rated,YES,31,10.5,16.4,NO,NO,YES,NO,NO,37.1,18,26.1,71.9,N/A,N/A,N/A,N/A,N/A,N/A,46.9,YES,4,NO,N/A,NO,N/A
2022,02,Clark,02360.2,Tarkanian MS,Regular,84,Not Rated,NO,60.1,36.8,45.5,YES,YES,NO,NO,NO,66.5,47,32.3,88,N/A,N/A,N/A,N/A,N/A,N/A,20.9,NO,N/A,YES,3,YES,3
2022,02,Clark,02361.2,Escobedo MS,Regular,34,Not Rated,NO,38.4,18.1,32.1,YES,YES,YES,NO,NO,41.6,21.7,22.7,74.7,N/A,N/A,N/A,N/A,N/A,N/A,31.2,NO,N/A,YES,3,YES,3
2022,02,Clark,02362.2,Faiss MS,Regular,66,Not Rated,YES,51.1,25.9,34.3,YES,YES,NO,NO,NO,61,36.8,22.2,78.6,N/A,N/A,N/A,N/A,N/A,N/A,26.2,NO,N/A,YES,3,YES,3
2022,02,Clark,02363.2,Innovations SEC MS,District Charter,15,Not Rated,YES,25.3,5.6,10,YES,YES,NO,NO,NO,27.7,6.7,<5,>95,N/A,N/A,N/A,N/A,N/A,N/A,49.1,NO,N/A,YES,3,YES,3
2022,02,Clark,02363.3,Innovations SEC HS,District Charter,55,Not Rated,YES,5.8,<5,7.5,-,N/A,NO,NO,NO,N/A,N/A,9,N/A,100,>95,8.3,15,>95,>95,40.5,YES,4,NO,N/A,NO,N/A
2022,02,,02364.2,100 Academy 6-8 MS,District Charter,12.22,Not Rated,YES,5.2,<5,8.3,YES,NO,YES,NO,NO,12.2,<5,-,40.5,N/A,N/A,N/A,N/A,N/A,N/A,26.7,NO,N/A,YES,1,YES,1
2022,02,Clark,02368.2,Gunderson MS,Regular,74,Not Rated,NO,59.1,40.3,37.2,YES,YES,NO,NO,NO,65.3,55.8,15.9,73.3,N/A,N/A,N/A,N/A,N/A,N/A,27,NO,N/A,NO,N/A,NO,N/A
2022,02,Clark,02369.2,Mackey MS,Regular,79.31,Not Rated,NO,64.8,20,N/A,YES,YES,NO,NO,NO,74,38.8,-,N/A,N/A,N/A,N/A,N/A,N/A,N/A,20.8,NO,N/A,NO,N/A,NO,N/A
2022,02,Clark,02401.3,Clark HS,Regular,54.5,Not Rated,YES,45.6,30.7,27.1,YES,YES,NO,NO,NO,N/A,N/A,6.8,N/A,85.7,63.2,35.6,42.7,82.9,87.9,44,NO,N/A,YES,2,YES,2
2022,02,Clark,02402.3,Las Vegas HS,Regular,59.5,Not Rated,YES,31.4,7.9,10.8,YES,YES,NO,NO,NO,N/A,N/A,<5,N/A,87.6,80.8,55.6,26,88.4,91.7,48.3,NO,N/A,YES,2,YES,2
2022,02,Clark,02403.3,Rancho HS,Regular,70.5,Not Rated,YES,34.7,19.3,27.7,YES,YES,YES,NO,NO,N/A,N/A,8.9,N/A,92.2,85,73.6,43.1,93.8,>95,40.5,NO,N/A,NO,N/A,NO,N/A
2022,02,Clark,02404.3,Valley HS,Regular,44,Not Rated,YES,21.7,6.5,10.3,YES,YES,NO,NO,NO,N/A,N/A,12.1,N/A,74.4,60.4,29.3,21.7,83.5,89.1,58.8,NO,N/A,YES,2,YES,2
2022,02,Clark,02405.3,Western HS,Regular,40,Not Rated,YES,14.9,5.8,12.4,YES,YES,NO,NO,NO,N/A,N/A,<5,N/A,84.7,74.5,30.8,28.2,80,88.8,50.5,NO,N/A,YES,2,YES,2
2022,02,Clark,02406.3,Basic ACAD HS,Regular,53,Not Rated,YES,28.3,8.1,15.2,YES,YES,NO,NO,NO,N/A,N/A,12,N/A,87.8,61.2,28.9,27.6,87,86,47.9,NO,N/A,YES,2,YES,2
2022,02,Clark,02408.3,Morris Sunset HS,Alternative,22,Not Rated,YES,-,-,-,YES,YES,NO,NO,NO,N/A,N/A,10,N/A,85.7,34.2,5.2,<5,68.2,80.2,50.8,YES,3,NO,N/A,NO,N/A
2022,02,Clark,02409.3,Chaparral HS,Regular,36,Not Rated,YES,16.5,<5,8.1,YES,YES,NO,NO,NO,N/A,N/A,<5,N/A,75,54.6,19.9,24.6,84.6,93.6,55.9,NO,N/A,YES,2,YES,2
2022,02,Clark,02410.3,Eldorado HS,Regular,46,Not Rated,YES,23.9,5.9,10.8,YES,YES,NO,NO,NO,N/A,N/A,7.3,N/A,87.6,64.9,23.5,32.1,84.3,88.1,60.4,NO,N/A,YES,2,YES,2
2022,02,Clark,02411.3,Bonanza HS,Regular,46,Not Rated,YES,19.5,6.6,15.7,YES,YES,NO,NO,NO,N/A,N/A,<5,N/A,80.9,70.8,37.8,23.7,85.3,89.1,48.1,NO,N/A,NO,N/A,NO,N/A
2022,02,Clark,02412.3,SECTA HS,Regular,86,Not Rated,NO,69.4,28.6,38.4,YES,YES,NO,NO,NO,N/A,N/A,12,N/A,98.8,>95,>95,57.1,>95,>95,18.6,NO,N/A,NO,N/A,NO,N/A
2022,02,Clark,02414.3,Cimarron Mem HS,Regular,55,Not Rated,YES,25.2,8.9,12.7,YES,YES,NO,NO,NO,N/A,N/A,<5,N/A,89.8,67.7,38.3,33.8,93.1,94.6,49.9,NO,N/A,NO,N/A,NO,N/A
2022,02,Clark,02415.3,Cheyenne HS,Regular,46,Not Rated,YES,13.4,<5,12.6,YES,YES,NO,NO,NO,N/A,N/A,17.9,N/A,86.1,69.4,38.3,13.6,80.5,90.6,54.3,NO,N/A,YES,2,NO,N/A
2022,02,Clark,02416.3,Green Valley HS,Regular,63.5,Not Rated,NO,51.6,25.3,17.6,YES,YES,NO,NO,NO,N/A,N/A,8.5,N/A,96.3,56.1,29.1,37.2,90,>95,32.2,NO,N/A,NO,N/A,NO,N/A
2022,02,Clark,02417.3,Durango HS,Regular,53.5,Not Rated,YES,29.8,15.6,13.8,YES,YES,NO,NO,NO,N/A,N/A,7.7,N/A,84.1,75.6,37.8,39.7,84,88.7,47.9,NO,N/A,YES,2,YES,2
2022,02,Clark,02418.3,Las Vegas ACAD HS,Regular,93.89,Not Rated,NO,82.6,41.9,50.8,YES,YES,NO,NO,NO,N/A,N/A,-,N/A,99.7,83.4,63.3,73.9,>95,>95,22,NO,N/A,NO,N/A,NO,N/A
2022,02,Clark,02420.3,Adv Tech ACAD HS,Regular,96.11,Not Rated,NO,94.1,68.9,63.7,YES,YES,NO,NO,NO,N/A,N/A,-,N/A,99.3,>95,>95,80,>95,>95,14.1,NO,N/A,NO,N/A,NO,N/A
2022,02,Clark,02421.3,Silverado HS,Regular,65,Not Rated,NO,39.7,15.6,22.2,YES,YES,NO,NO,NO,N/A,N/A,11.7,N/A,92.9,69.9,38.5,34.5,91.2,90.8,41,NO,N/A,YES,2,NO,N/A
2022,02,Clark,02422.3,CSN East HS,Regular,89.38,Not Rated,NO,73.6,33.3,N/A,YES,YES,NO,NO,NO,N/A,N/A,N/A,N/A,N/A,>95,>95,80.7,>95,>95,25.6,NO,N/A,NO,N/A,NO,N/A
2022,02,Clark,02423.3,CSN West HS,Regular,94.38,Not Rated,NO,92.3,73.6,N/A,YES,YES,NO,NO,NO,N/A,N/A,N/A,N/A,N/A,>95,>95,86.1,>95,>95,22.7,NO,N/A,NO,N/A,NO,N/A
2022,02,Clark,02424.3,Mojave HS,Regular,40.5,Not Rated,YES,19.8,<5,7.5,YES,YES,NO,NO,NO,N/A,N/A,5.7,N/A,86.9,59,25,19.6,84.7,82.6,59.3,YES,4,NO,N/A,NO,N/A
2022,02,Clark,02425.3,Palo Verde HS,Regular,87.5,Not Rated,NO,61,40.9,29.8,YES,YES,NO,NO,NO,N/A,N/A,15,N/A,94.6,79.5,61.3,49.7,93.8,>95,29.1,NO,N/A,YES,1,YES,1
2022,02,Clark,02426.3,CSN South HS,Regular,98.13,Not Rated,NO,>95,68.6,N/A,YES,YES,NO,NO,NO,N/A,N/A,N/A,N/A,N/A,>95,>95,82.7,>95,>95,9.1,NO,N/A,NO,N/A,NO,N/A
2022,02,Clark,02427.3,Shadow Ridge HS,Regular,72,Not Rated,NO,51.2,18.6,22.9,YES,YES,YES,NO,NO,N/A,N/A,7.2,N/A,92.2,76.9,51.6,41.6,91.4,>95,35.2,NO,N/A,YES,1,YES,1
2022,02,Clark,02428.3,Liberty HS,Regular,70.5,Not Rated,NO,48.3,20,19.6,YES,YES,NO,NO,NO,N/A,N/A,12,N/A,94.5,68.7,39.2,40.3,92.9,94.6,36.7,NO,N/A,YES,2,NO,N/A
2022,02,Clark,02429.3,Canyon Springs HS,Regular,52.5,Not Rated,YES,26.1,6,10.8,YES,YES,NO,NO,NO,N/A,N/A,5.6,N/A,86.2,74,39,16.4,86.1,92.2,56.6,NO,N/A,YES,1,YES,1
2022,02,Clark,02430.3,Del Sol ACAD HS,Regular,55,Not Rated,YES,33.1,9.3,14.1,YES,YES,NO,NO,NO,N/A,N/A,6.1,N/A,94.6,62.7,39.6,30,88,90.9,43.1,NO,N/A,YES,2,YES,2
2022,02,Clark,02431.3,Spring Valley HS,Regular,76.5,Not Rated,YES,54.3,21.1,25.6,YES,YES,NO,NO,NO,N/A,N/A,11.1,N/A,90.8,79.3,58.6,38.7,91.4,94.6,36.9,NO,N/A,YES,2,NO,N/A
2022,02,Clark,02432.3,VTCTA HS,Regular,88,Not Rated,YES,74.2,28.7,36.4,YES,YES,NO,NO,NO,N/A,N/A,20.5,N/A,99.5,>95,>95,86.5,>95,>95,20.4,NO,N/A,NO,N/A,NO,N/A
2022,02,Clark,02433.3,SWCTA HS,Regular,93,Not Rated,NO,86.7,50,49.3,YES,YES,NO,NO,NO,N/A,N/A,13.8,N/A,99.7,>95,>95,66.6,>95,>95,18,NO,N/A,NO,N/A,NO,N/A
2022,02,Clark,02434.3,Sunrise Mountain HS,Regular,42.5,Not Rated,YES,20.8,6.5,6.9,YES,YES,NO,NO,NO,N/A,N/A,<5,N/A,89.1,63.5,30.4,15.4,84.1,91.4,59.2,NO,N/A,YES,1,YES,1
2022,02,Clark,02435.3,WCTA HS,Regular,96,Not Rated,NO,89.9,54.5,62,YES,YES,NO,NO,NO,N/A,N/A,16.6,N/A,99.7,>95,>95,83.1,>95,>95,11.6,NO,N/A,NO,N/A,NO,N/A
2022,02,Clark,02501.1,Brown H M ES,Regular,89,Not Rated,NO,67.5,58.9,39.7,YES,YES,NO,NO,NO,70.3,62.7,59,N/A,N/A,N/A,N/A,N/A,N/A,N/A,14.1,NO,N/A,NO,N/A,NO,N/A
2022,02,Clark,02601.3,Boulder City HS,Regular,73.89,Not Rated,NO,74.2,37.4,19.2,YES,YES,NO,NO,NO,N/A,N/A,-,N/A,94.4,81.6,48.8,52,83.1,92.3,30.9,NO,N/A,NO,N/A,NO,N/A
2022,02,Clark,02602.3,Moapa Valley HS,Regular,85.56,Not Rated,NO,68.2,33.5,31.5,YES,YES,NO,NO,NO,N/A,N/A,-,N/A,94,79,56.4,48,>95,>95,47.8,NO,N/A,NO,N/A,NO,N/A
2022,02,Clark,02603.3,Virgin Valley HS,Regular,60,Not Rated,NO,37.4,20.1,24.1,YES,YES,NO,NO,NO,N/A,N/A,9.1,N/A,95.3,91.3,59.7,48.5,80.9,93,42.5,NO,N/A,YES,1,YES,1
2022,02,Clark,02604.3,Indian Springs HS,Regular,55.56,Not Rated,YES,50,15,14.2,YES,YES,NO,NO,NO,N/A,N/A,N/A,N/A,96.8,58.3,25,25,85.7,>95,46.3,NO,N/A,NO,N/A,NO,N/A
2022,02,Clark,02607.3,Centennial HS,Regular,66,Not Rated,NO,44.6,18.9,13.9,YES,YES,NO,NO,NO,N/A,N/A,6.2,N/A,89.5,73.6,54,35,90.3,93.8,47.9,NO,N/A,YES,2,NO,N/A
2022,02,Clark,02608.3,Foothill HS,Regular,65,Not Rated,NO,59.1,25.8,26.8,YES,YES,NO,NO,NO,N/A,N/A,9.3,N/A,85.7,56.1,30.7,43.8,87.7,91.4,33.4,NO,N/A,YES,2,NO,N/A
2022,02,Clark,02609.3,Desert Pines HS,Regular,32.5,Not Rated,YES,14.9,<5,7.1,YES,YES,YES,NO,NO,N/A,N/A,5.1,N/A,83,64.2,33.4,34.8,73.7,89.6,60.3,YES,4,NO,N/A,NO,N/A
2022,02,Clark,02611.3,Sierra Vista HS,Regular,46.5,Not Rated,YES,45.7,16.8,20.4,YES,YES,NO,NO,NO,N/A,N/A,8.2,N/A,89.7,57.5,28.5,34.9,80.3,94,45.6,NO,N/A,YES,2,NO,N/A
2022,02,Clark,02612.3,Coronado HS,Regular,90,Not Rated,NO,69.7,43.3,37,YES,YES,NO,NO,NO,N/A,N/A,20.5,N/A,89.3,73.2,55.7,62.5,90,93.8,25,NO,N/A,NO,N/A,NO,N/A
2022,02,Clark,02614.3,Odyssey HS,District Charter,59.5,Not Rated,NO,45.3,10.9,28.4,YES,YES,NO,NO,NO,N/A,N/A,16.1,N/A,93.3,33.4,10,30.3,92.1,91.5,10.5,YES,4,NO,N/A,NO,N/A
2022,02,Clark,02615.1,Expl Knowledge ES,District Charter,45.5,Not Rated,NO,54,17.6,28.5,YES,YES,NO,NO,NO,66.6,21.7,38.4,N/A,N/A,N/A,N/A,N/A,N/A,N/A,9.1,NO,N/A,NO,N/A,NO,N/A
2022,02,Clark,02616.2,Expl Knowledge SEC MS,District Charter,86.11,Not Rated,NO,66.8,21.5,60,YES,YES,NO,NO,NO,69.7,38.1,-,79.2,N/A,N/A,N/A,N/A,N/A,N/A,5.6,NO,N/A,NO,N/A,NO,N/A
2022,02,Clark,02616.3,Expl Knowledge SEC HS,District Charter,68.57,Not Rated,NO,N/A,N/A,42.8,YES,YES,NO,NO,NO,N/A,N/A,-,N/A,90.6,47.6,19,46.6,>95,>95,11.5,NO,N/A,NO,N/A,NO,N/A
2022,02,Clark,02618.3,Arbor View HS,Regular,66,Not Rated,NO,53.2,26.9,16.9,YES,YES,NO,NO,NO,N/A,N/A,6.6,N/A,88.8,61.3,41.4,39.9,93.8,>95,36.2,NO,N/A,YES,2,NO,N/A
2022,02,Clark,02619.3,Legacy HS,Regular,44.5,Not Rated,YES,28.1,9.8,8.4,YES,YES,NO,NO,NO,N/A,N/A,<5,N/A,79,69.1,21.7,25.8,84.4,90.3,47.4,NO,N/A,YES,2,NO,N/A
2022,02,Clark,02620.3,NWCTA HS,Regular,93,Not Rated,NO,83.7,38.5,35.9,YES,YES,NO,NO,NO,N/A,N/A,21.6,N/A,99.6,>95,>95,73,>95,>95,14.8,NO,N/A,NO,N/A,NO,N/A
2022,02,Clark,02621.2,Delta Charter MS,District Charter,23.5,Not Rated,YES,27.5,12.3,27,NO,NO,YES,NO,NO,30.5,12,10,60.1,N/A,N/A,N/A,N/A,N/A,N/A,5,NO,N/A,YES,3,YES,3
2022,02,Clark,02621.3,Delta Charter HS,District Charter,19.5,Not Rated,YES,38.3,<5,18.7,YES,YES,NO,NO,NO,N/A,N/A,<5,N/A,78.7,29.6,4.6,13.5,58.7,82,8.7,YES,4,NO,N/A,NO,N/A
2022,02,Clark,02623.3,Desert Oasis HS,Regular,62.5,Not Rated,NO,44.3,19.2,21.1,YES,YES,NO,NO,NO,N/A,N/A,6.7,N/A,93.7,66.2,46.2,42.6,88.5,93.3,36.6,NO,N/A,YES,2,YES,2
2022,02,Clark,02624.3,ECTA HS,Regular,80.5,Not Rated,YES,65.4,25.2,22,YES,YES,NO,NO,NO,N/A,N/A,10.1,N/A,98.2,>95,93.2,54.4,>95,>95,24.7,NO,N/A,NO,N/A,NO,N/A
2022,02,Clark,02625.2,NV LRN Academy MS,Regular,49,Not Rated,NO,9.7,<5,33.8,NO,NO,YES,NO,NO,62.6,23.3,28,56.3,N/A,N/A,N/A,N/A,N/A,N/A,<5,NO,N/A,NO,N/A,NO,N/A
2022,02,Clark,02625.3,NV LRN Academy HS,Regular,59.5,Not Rated,NO,45,7.9,41.6,YES,YES,YES,NO,NO,N/A,N/A,11.5,N/A,36.6,52.3,17.1,36.6,91,87.5,<5,YES,4,NO,N/A,NO,N/A
2022,02,Clark,02626.1,NV LRN ACAD ES,Regular,19,Not Rated,NO,9.1,<5,9.3,NO,NO,YES,NO,NO,48.9,13.7,25.6,N/A,N/A,N/A,N/A,N/A,N/A,N/A,44,NO,N/A,NO,N/A,NO,N/A
2022,02,Clark,02716.3,Acceleration Academy HS,Alternative,12.31,Not Rated,YES,-,-,N/A,-,-,NO,NO,NO,N/A,N/A,N/A,N/A,8.5,28.2,<4.5,<5,6.6,18.3,<5,YES,1,NO,N/A,NO,N/A
2022,02,Clark,02777.2,CC Detention JSHS MS,Correctional,N/A,Not Rated,NO,N/A,N/A,N/A,N/A,N/A,NO,NO,NO,N/A,N/A,N/A,N/A,N/A,N/A,N/A,N/A,N/A,N/A,N/A,NO,N/A,NO,N/A,NO,N/A
2022,02,Clark,02777.3,CC Detention JSHS HS,Correctional,10.91,Not Rated,NO,-,-,N/A,-,-,NO,NO,NO,N/A,N/A,N/A,N/A,N/A,15.3,<4.5,N/A,<5,<5,<5,YES,3,NO,N/A,NO,N/A
2022,02,Clark,02910.1,Stewart ES,Special Education,3.33,Not Rated,YES,<5,<5,-,-,N/A,NO,NO,NO,N/A,N/A,N/A,N/A,N/A,N/A,N/A,N/A,N/A,N/A,56.2,YES,2,NO,N/A,NO,N/A
2022,02,Clark,02910.2,Stewart MS,Special Education,2.7,Not Rated,YES,<5,<5,-,-,N/A,NO,NO,NO,N/A,N/A,N/A,-,N/A,N/A,N/A,N/A,N/A,N/A,31.5,YES,2,NO,N/A,NO,N/A
2022,02,Clark,02910.3,Stewart HS,Special Education,4.12,Not Rated,YES,<5,<5,<5,-,N/A,NO,NO,NO,N/A,N/A,N/A,N/A,<5,6.6,<4.5,N/A,<5,<5,40.4,YES,2,NO,N/A,NO,N/A
2022,02,Clark,02911.2,Variety JSHS MS,Special Education,7.5,Not Rated,YES,<5,<5,-,YES,YES,NO,NO,NO,-,-,N/A,85.7,N/A,N/A,N/A,N/A,N/A,N/A,53.8,NO,N/A,NO,N/A,NO,N/A
2022,02,Clark,02911.3,Variety JSHS HS,Special Education,1.82,Not Rated,YES,-,-,-,-,-,NO,NO,NO,N/A,N/A,-,N/A,-,<5,<4.5,N/A,<5,<5,37.5,YES,3,NO,N/A,NO,N/A
2022,02,Clark,02912.2,Juvenile Court MS,Correctional,N/A,Not Rated,NO,N/A,N/A,N/A,-,-,YES,NO,NO,N/A,N/A,N/A,-,N/A,N/A,N/A,N/A,N/A,N/A,N/A,NO,N/A,NO,N/A,NO,N/A
2022,02,Clark,02912.3,Juvenile Court HS,Correctional,0,Not Rated,NO,-,-,N/A,-,N/A,NO,NO,NO,N/A,N/A,N/A,N/A,-,-,-,N/A,<5,<5,-,YES,3,NO,N/A,NO,N/A
2022,02,Clark,02913.2,Spring Mtn JSHS MS,Alternative,N/A,Not Rated,NO,N/A,N/A,N/A,-,-,NO,NO,NO,N/A,N/A,N/A,-,N/A,N/A,N/A,N/A,N/A,N/A,-,NO,N/A,NO,N/A,NO,N/A
2022,02,Clark,02913.3,Spring Mtn JSHS HS,Alternative,14.29,Not Rated,NO,N/A,N/A,N/A,-,-,NO,NO,NO,N/A,N/A,N/A,N/A,-,-,-,-,9,21.4,<5,YES,3,NO,N/A,NO,N/A
2022,02,Clark,02916.2,Miley Achvmt SEC MS,Special Education,8.11,Not Rated,YES,<5,<5,-,NO,NO,YES,NO,NO,-,-,N/A,-,N/A,N/A,N/A,N/A,N/A,N/A,69.4,YES,2,NO,N/A,NO,N/A
2022,02,Clark,02916.3,Miley Achvmt SEC HS,Special Education,0,Not Rated,YES,-,-,-,-,-,NO,NO,NO,N/A,N/A,-,N/A,-,-,-,N/A,<5,18.1,70.9,YES,2,NO,N/A,NO,N/A
2022,02,Clark,02917.1,Miley Achvmt ES,Special Education,N/A,Not Rated,YES,-,-,N/A,-,N/A,YES,NO,NO,-,-,N/A,N/A,N/A,N/A,N/A,N/A,N/A,N/A,-,YES,2,NO,N/A,NO,N/A
2022,02,Clark,02919.2,Summit View JSHS MS,Alternative,N/A,Not Rated,NO,N/A,N/A,N/A,N/A,N/A,NO,NO,NO,N/A,N/A,N/A,N/A,N/A,N/A,N/A,N/A,N/A,N/A,N/A,NO,N/A,NO,N/A,NO,N/A
2022,02,Clark,02919.3,Summit View JSHS HS,Alternative,10,Not Rated,NO,N/A,-,N/A,-,-,NO,NO,NO,N/A,N/A,N/A,N/A,-,10,<4.5,-,<5,<5,6.6,YES,3,NO,N/A,NO,N/A
2022,02,Clark,02922.3,Burk Horizon SW HS,Alternative,1.82,Not Rated,YES,N/A,N/A,N/A,-,-,NO,NO,NO,N/A,N/A,N/A,N/A,-,27.2,<4.5,-,53.3,64.5,56.2,YES,4,NO,N/A,NO,N/A
2022,02,Clark,02923.3,Global Community HS,Alternative,40.5,Not Rated,YES,<5,<5,<5,YES,YES,NO,NO,NO,N/A,N/A,10.5,N/A,100,65,20,21.2,79.6,86.3,27.7,YES,3,NO,N/A,NO,N/A
2022,02,Clark,02924.3,Cowan Sunset SE HS,Alternative,1.82,Not Rated,YES,-,-,N/A,-,-,NO,NO,NO,N/A,N/A,N/A,N/A,-,30,<4.5,-,27.2,52.1,63.1,YES,4,NO,N/A,NO,N/A
2022,02,Clark,02926.1,Desert Willow ES,Special Education,N/A,Not Rated,NO,N/A,N/A,N/A,N/A,N/A,NO,NO,NO,N/A,N/A,N/A,N/A,N/A,N/A,N/A,N/A,N/A,N/A,N/A,NO,N/A,NO,N/A,NO,N/A
2022,02,Clark,02927.2,Desert Willow JSHS MS,Special Education,N/A,Not Rated,NO,N/A,N/A,N/A,-,-,YES,NO,NO,N/A,N/A,N/A,-,N/A,N/A,N/A,N/A,N/A,N/A,-,NO,N/A,NO,N/A,NO,N/A
2022,02,Clark,02927.3,Desert Willow JSHS HS,Special Education,0,Not Rated,NO,N/A,N/A,N/A,-,-,NO,NO,NO,N/A,N/A,N/A,N/A,N/A,N/A,N/A,N/A,-,<5,-,YES,2,NO,N/A,NO,N/A
2022,02,Clark,02928.2,South Cont JSHS MS,Alternative,33.33,Not Rated,YES,N/A,N/A,N/A,NO,NO,YES,NO,NO,N/A,N/A,N/A,60.6,N/A,N/A,N/A,N/A,N/A,N/A,-,NO,N/A,NO,N/A,NO,N/A
2022,02,Clark,02928.3,South Cont JSHS HS,Alternative,0,Not Rated,YES,N/A,N/A,-,-,N/A,NO,NO,NO,N/A,N/A,N/A,N/A,-,N/A,N/A,N/A,<5,-,-,YES,3,NO,N/A,NO,N/A
2022,02,Clark,02932.2,Cowan Behavior MS,Alternative,66.67,Not Rated,YES,N/A,N/A,N/A,NO,NO,YES,NO,NO,N/A,N/A,N/A,82.3,N/A,N/A,N/A,N/A,N/A,N/A,-,NO,N/A,NO,N/A,NO,N/A
2022,02,Clark,02932.3,Cowan Behavior HS,Alternative,0,Not Rated,YES,N/A,N/A,N/A,-,-,NO,NO,NO,N/A,N/A,N/A,N/A,N/A,-,-,N/A,<5,-,N/A,YES,3,NO,N/A,NO,N/A
2022,02,Clark,02933.2,Peterson Behavior MS,Alternative,0,Not Rated,YES,N/A,N/A,N/A,NO,NO,YES,NO,NO,N/A,N/A,N/A,51.6,N/A,N/A,N/A,N/A,N/A,N/A,-,NO,N/A,NO,N/A,NO,N/A
2022,02,Clark,02933.3,Peterson Behavior HS,Alternative,0,Not Rated,YES,N/A,N/A,N/A,-,-,NO,NO,NO,N/A,N/A,N/A,N/A,-,-,-,N/A,<5,8.3,29.4,YES,3,NO,N/A,NO,N/A
2022,02,Clark,02935.1,Variety ES,Special Education,3.33,Not Rated,YES,7.6,15.3,-,YES,YES,NO,NO,NO,N/A,N/A,N/A,N/A,N/A,N/A,N/A,N/A,N/A,N/A,66.6,NO,N/A,NO,N/A,NO,N/A
2022,02,Clark,02939.1,Juvenile Det ES,Correctional,N/A,Not Rated,NO,N/A,N/A,N/A,N/A,N/A,NO,NO,NO,N/A,N/A,N/A,N/A,N/A,N/A,N/A,N/A,N/A,N/A,N/A,NO,N/A,NO,N/A,NO,N/A
2022,02,Clark,02940.3,Prison Program HS,Correctional,N/A,Not Rated,NO,N/A,N/A,N/A,N/A,N/A,NO,NO,NO,N/A,N/A,N/A,N/A,N/A,N/A,N/A,N/A,N/A,N/A,N/A,NO,N/A,NO,N/A,NO,N/A
2022,02,Clark,02955.3,Desert Rose ALT HS,Alternative,1.82,Not Rated,YES,-,-,N/A,-,N/A,NO,NO,NO,N/A,N/A,-,N/A,N/A,34.4,<4.5,-,5.6,27.7,88.5,YES,4,NO,N/A,NO,N/A
2022,02,Clark,02956.3,HGHDSRTYOP HS,Correctional,0,Not Rated,NO,N/A,N/A,N/A,N/A,N/A,NO,NO,NO,N/A,N/A,N/A,N/A,N/A,N/A,N/A,N/A,N/A,<5,N/A,YES,3,NO,N/A,NO,N/A
2022,02,Clark,02957.2,Mission MS,Alternative,N/A,Not Rated,YES,N/A,N/A,N/A,N/A,N/A,NO,NO,NO,N/A,N/A,N/A,N/A,N/A,N/A,N/A,N/A,N/A,N/A,N/A,NO,N/A,NO,N/A,NO,N/A
2022,02,Clark,02957.3,Mission HS,Alternative,1.82,Not Rated,YES,-,-,N/A,-,-,NO,NO,NO,N/A,N/A,-,N/A,-,35.7,<4.5,-,41.1,30.5,78.2,YES,1,NO,N/A,NO,N/A
2022,03,Douglas,03201.1,Gardnerville ES,Regular,46,Not Rated,NO,53.6,43.5,26,YES,YES,NO,NO,NO,48.9,46.3,41.6,N/A,N/A,N/A,N/A,N/A,N/A,N/A,17.4,NO,N/A,NO,N/A,NO,N/A
2022,03,Douglas,03202.1,Zephyr Cove ES,Regular,52.78,Not Rated,NO,55.5,55.1,44.8,NO,YES,YES,NO,NO,55.3,32.6,-,N/A,N/A,N/A,N/A,N/A,N/A,N/A,33.1,NO,N/A,NO,N/A,NO,N/A
2022,03,Douglas,03205.1,Meneley  ES,Regular,37.5,Not Rated,YES,33.3,27,31.2,YES,YES,NO,NO,NO,51.7,35.7,27.2,N/A,N/A,N/A,N/A,N/A,N/A,N/A,18.1,NO,N/A,NO,N/A,NO,N/A
2022,03,Douglas,03206.1,Jacks Valley ES,Regular,35.5,Not Rated,YES,52.6,42.7,18.5,YES,YES,NO,NO,NO,44.3,31.9,58.3,N/A,N/A,N/A,N/A,N/A,N/A,N/A,20.2,NO,N/A,NO,N/A,NO,N/A
2022,03,Douglas,03207.1,Scarselli ES,Regular,40,Not Rated,NO,53.2,44.3,28.8,YES,YES,NO,NO,NO,48.3,23,41.6,N/A,N/A,N/A,N/A,N/A,N/A,N/A,17.1,NO,N/A,NO,N/A,NO,N/A
2022,03,Douglas,03209.1,Pinon Hills ES,Regular,59.44,Not Rated,NO,67.8,62.5,28.3,YES,YES,NO,NO,NO,47.6,40.2,-,N/A,N/A,N/A,N/A,N/A,N/A,N/A,10,NO,N/A,NO,N/A,NO,N/A
2022,03,Douglas,03210.1,Minden ES,Regular,30,Not Rated,NO,48.4,39.2,28.9,YES,YES,YES,NO,NO,39.7,19.7,50,N/A,N/A,N/A,N/A,N/A,N/A,N/A,14,NO,N/A,NO,N/A,NO,N/A
2022,03,Douglas,03301.2,Carson Valley MS,Regular,55.5,Not Rated,NO,51.3,31.4,46.8,YES,YES,NO,NO,NO,51.7,29.3,28.5,90.5,N/A,N/A,N/A,N/A,N/A,N/A,18.3,NO,N/A,YES,3,YES,3
2022,03,Douglas,03302.2,Pau Wa Lu MS,Regular,27,Not Rated,YES,38,23.9,49,YES,YES,YES,NO,NO,36.8,18.6,7.1,93.9,N/A,N/A,N/A,N/A,N/A,N/A,19.3,NO,N/A,YES,3,YES,3
2022,03,Douglas,03501.3,Douglas HS,Regular,83,Not Rated,NO,55.5,28.3,40.6,YES,YES,NO,NO,NO,N/A,N/A,10.2,N/A,91.8,79.4,55.9,56.7,90.5,94.5,20.2,NO,N/A,NO,N/A,NO,N/A
2022,03,Douglas,03502.2,Whittell MS,Regular,40,Not Rated,NO,40.2,31.5,55,NO,YES,YES,NO,NO,35.5,29,-,95,N/A,N/A,N/A,N/A,N/A,N/A,28.9,NO,N/A,NO,N/A,NO,N/A
2022,03,Douglas,03502.3,Whittell HS,Regular,73.33,Not Rated,NO,43.8,13.1,16.6,NO,NO,YES,NO,NO,N/A,N/A,-,N/A,92.5,88.8,61.1,72.7,>95,>95,39,NO,N/A,NO,N/A,NO,N/A
2022,03,Douglas,03503.2,Jacobsen MS,Correctional,N/A,Not Rated,NO,N/A,N/A,N/A,-,-,NO,NO,NO,N/A,N/A,N/A,-,N/A,N/A,N/A,N/A,N/A,N/A,N/A,NO,N/A,NO,N/A,NO,N/A
2022,03,Douglas,03503.3,Jacobsen HS,Correctional,N/A,Not Rated,NO,N/A,N/A,N/A,-,-,NO,NO,NO,N/A,N/A,N/A,N/A,N/A,-,-,-,-,-,-,YES,3,NO,N/A,NO,N/A
2022,03,Douglas,03504.3,ASPIRE HS,Alternative,6.88,Not Rated,NO,<5,<5,-,-,N/A,NO,NO,NO,N/A,N/A,N/A,N/A,-,40.9,4.5,<5,65,73.3,57.4,YES,2,NO,N/A,NO,N/A
2022,03,Douglas,03601.1,Douglas Online ES,Alternative,40,Not Rated,NO,-,-,-,-,N/A,YES,NO,NO,-,-,N/A,N/A,N/A,N/A,N/A,N/A,N/A,N/A,<5,NO,N/A,NO,N/A,NO,N/A
2022,03,Douglas,03601.2,Douglas Online MS,Alternative,75.53,Not Rated,NO,-,-,-,-,N/A,YES,NO,NO,-,-,N/A,-,N/A,N/A,N/A,N/A,N/A,N/A,21.4,NO,N/A,NO,N/A,NO,N/A
2022,03,Douglas,03601.3,Douglas Online HS,Alternative,13.33,Not Rated,NO,-,-,33.3,-,-,NO,NO,NO,N/A,N/A,N/A,N/A,-,47.8,13,23,65,-,28.8,YES,1,NO,N/A,NO,N/A
2022,03,Douglas,03901.1,Douglas Alternative ES,Alternative,N/A,Not Rated,NO,N/A,N/A,N/A,N/A,N/A,NO,NO,NO,N/A,N/A,N/A,N/A,N/A,N/A,N/A,N/A,N/A,N/A,N/A,NO,N/A,NO,N/A,NO,N/A
2022,03,Douglas,03901.2,Douglas Alternative MS,Alternative,N/A,Not Rated,NO,N/A,N/A,N/A,-,-,NO,NO,NO,N/A,N/A,N/A,-,N/A,N/A,N/A,N/A,N/A,N/A,-,NO,N/A,NO,N/A,NO,N/A
2022,03,Douglas,03901.3,Douglas Alternative HS,Alternative,N/A,Not Rated,NO,N/A,N/A,N/A,N/A,N/A,NO,NO,NO,N/A,N/A,N/A,N/A,N/A,-,-,N/A,N/A,-,-,NO,N/A,NO,N/A,NO,N/A
2022,04,Elko,04104.1,Independence Vly ES,Regular,5,Not Rated,NO,-,-,-,-,-,NO,NO,NO,-,-,-,N/A,N/A,N/A,N/A,N/A,N/A,N/A,-,NO,N/A,NO,N/A,NO,N/A
2022,04,Elko,04104.2,Independence Vly MS,Regular,N/A,Not Rated,NO,-,-,N/A,-,-,NO,NO,NO,-,-,N/A,N/A,N/A,N/A,N/A,N/A,N/A,N/A,-,NO,N/A,NO,N/A,NO,N/A
2022,04,Elko,04105.1,Jackpot ES,Regular,39,Not Rated,YES,38.7,25.8,-,YES,YES,NO,NO,NO,70.5,29.4,30,N/A,N/A,N/A,N/A,N/A,N/A,N/A,30,NO,N/A,NO,N/A,NO,N/A
2022,04,Elko,04107.1,Montello ES,Regular,61.67,Not Rated,NO,-,-,-,-,-,NO,NO,NO,-,-,N/A,N/A,N/A,N/A,N/A,N/A,N/A,N/A,15.3,NO,N/A,NO,N/A,NO,N/A
2022,04,Elko,04107.2,Montello MS,Regular,N/A,Not Rated,NO,N/A,N/A,N/A,N/A,N/A,NO,NO,NO,N/A,N/A,N/A,N/A,N/A,N/A,N/A,N/A,N/A,N/A,N/A,NO,N/A,NO,N/A,NO,N/A
2022,04,Elko,04108.1,Mound Valley ES,Regular,N/A,Not Rated,NO,-,-,N/A,-,-,NO,NO,NO,-,-,N/A,N/A,N/A,N/A,N/A,N/A,N/A,N/A,-,NO,N/A,NO,N/A,NO,N/A
2022,04,Elko,04108.2,Mound Valley MS,Regular,N/A,Not Rated,NO,-,-,-,-,-,NO,NO,NO,-,-,N/A,N/A,N/A,N/A,N/A,N/A,N/A,N/A,-,NO,N/A,NO,N/A,NO,N/A
2022,04,Elko,04111.1,Ruby Valley ES,Regular,100,Not Rated,NO,63.6,72.7,-,-,N/A,NO,NO,NO,-,-,N/A,N/A,N/A,N/A,N/A,N/A,N/A,N/A,<5,NO,N/A,NO,N/A,NO,N/A
2022,04,Elko,04111.2,Ruby Valley MS,Regular,100,Not Rated,NO,-,-,-,-,-,NO,NO,NO,-,-,N/A,N/A,N/A,N/A,N/A,N/A,N/A,N/A,-,NO,N/A,NO,N/A,NO,N/A
2022,04,Elko,04120.1,Liberty Peak ES,Regular,48.89,Not Rated,NO,45.5,48.8,31,YES,YES,YES,NO,NO,50.3,47.6,-,N/A,N/A,N/A,N/A,N/A,N/A,N/A,21.7,NO,N/A,NO,N/A,NO,N/A
2022,04,Elko,04202.1,Elko Grammar ES,Regular,42,Not Rated,NO,42.5,49,N/A,YES,YES,YES,NO,NO,54.7,40.4,38.8,N/A,N/A,N/A,N/A,N/A,N/A,N/A,18.7,NO,N/A,NO,N/A,NO,N/A
2022,04,Elko,04203.1,Northside ES,Regular,70.5,Not Rated,NO,50.8,45,N/A,YES,YES,NO,NO,NO,64.2,53.4,37.9,N/A,N/A,N/A,N/A,N/A,N/A,N/A,11.9,NO,N/A,NO,N/A,NO,N/A
2022,04,Elko,04204.1,Southside ES,Regular,20.5,Not Rated,YES,24.8,12.9,N/A,YES,YES,YES,NO,NO,39.5,28.5,40.9,N/A,N/A,N/A,N/A,N/A,N/A,N/A,31.4,NO,N/A,NO,N/A,NO,N/A
2022,04,Elko,04205.1,Carlin ES,Regular,16.11,Not Rated,NO,30.2,23.9,12.5,YES,YES,NO,NO,NO,37.5,30.3,N/A,N/A,N/A,N/A,N/A,N/A,N/A,N/A,30.1,YES,4,NO,N/A,NO,N/A
2022,04,Elko,04206.1,Owyhee ES,Regular,7.78,Not Rated,YES,8.3,<5,<5,NO,NO,YES,NO,NO,11.7,<5,-,N/A,N/A,N/A,N/A,N/A,N/A,N/A,56.4,YES,4,NO,N/A,NO,N/A
2022,04,Elko,04207.1,Wells ES,Regular,51.5,Not Rated,NO,41.7,31.8,26,YES,YES,NO,NO,NO,53,39.3,52.1,N/A,N/A,N/A,N/A,N/A,N/A,N/A,7.1,NO,N/A,NO,N/A,NO,N/A
2022,04,Elko,04208.1,W Wendover ES,Regular,29.5,Not Rated,YES,29.4,22.7,8,YES,YES,NO,NO,NO,50,25.8,37.1,N/A,N/A,N/A,N/A,N/A,N/A,N/A,31.4,YES,4,NO,N/A,NO,N/A
2022,04,Elko,04209.1,Mtn View ES,Regular,75,Not Rated,NO,46.4,49.7,N/A,YES,YES,YES,NO,NO,65.1,52.8,83.3,N/A,N/A,N/A,N/A,N/A,N/A,N/A,16.4,NO,N/A,NO,N/A,NO,N/A
2022,04,Elko,04210.1,Spring Creek ES,Regular,37.22,Not Rated,NO,44.5,41.1,27.9,YES,YES,NO,NO,NO,47.1,37.9,-,N/A,N/A,N/A,N/A,N/A,N/A,N/A,23.1,NO,N/A,YES,2,YES,2
2022,04,Elko,04211.1,Sage ES,Regular,34,Not Rated,NO,38.5,34.4,21.7,YES,YES,NO,NO,NO,44,38.5,40,N/A,N/A,N/A,N/A,N/A,N/A,N/A,22.2,YES,2,NO,N/A,NO,N/A
2022,04,Elko,04213.1,Flagview Intermediate ES,Regular,41.05,Not Rated,NO,41.9,28.6,15.7,YES,YES,NO,NO,NO,47,38.6,33.8,N/A,N/A,N/A,N/A,N/A,N/A,N/A,16.8,NO,N/A,YES,3,YES,3
2022,04,Elko,04213.2,Flagview Intermediate MS,Regular,N/A,Not Rated,NO,N/A,N/A,N/A,N/A,N/A,NO,NO,NO,N/A,N/A,N/A,N/A,N/A,N/A,N/A,N/A,N/A,N/A,N/A,NO,N/A,NO,N/A,NO,N/A
2022,04,Elko,04501.2,Carlin JHS MS,Regular,20.56,Not Rated,NO,33.3,10.4,41.3,YES,YES,NO,NO,NO,36.5,<5,N/A,81.8,N/A,N/A,N/A,N/A,N/A,N/A,32.6,YES,4,NO,N/A,NO,N/A
2022,04,Elko,04502.2,Wells JHS MS,Regular,49.44,Not Rated,NO,47.6,21.4,35,YES,YES,NO,NO,NO,38,21.9,-,90,N/A,N/A,N/A,N/A,N/A,N/A,6.8,YES,4,NO,N/A,NO,N/A
2022,04,Elko,04503.2,Adobe MS,Regular,16,Not Rated,NO,34,16.5,25.1,YES,YES,YES,NO,NO,27.4,13.8,14.7,80.2,N/A,N/A,N/A,N/A,N/A,N/A,32.1,NO,N/A,YES,3,YES,3
2022,04,Elko,04504.2,Spring Creek MS,Regular,48.89,Not Rated,NO,42.2,22.9,45.5,YES,YES,YES,NO,NO,44.4,24.5,-,>95,N/A,N/A,N/A,N/A,N/A,N/A,23.4,NO,N/A,YES,3,YES,3
2022,04,Elko,04505.2,Jackpot JHS MS,Regular,47.22,Not Rated,YES,40,15,27.2,YES,YES,NO,NO,NO,42.1,5.2,-,>95,N/A,N/A,N/A,N/A,N/A,N/A,10,NO,N/A,NO,N/A,NO,N/A
2022,04,Elko,04506.2,Owyhee JHS MS,Regular,10,Not Rated,NO,5.5,<5,<5,NO,NO,YES,NO,NO,10.7,<5,N/A,66.6,N/A,N/A,N/A,N/A,N/A,N/A,61.2,YES,4,NO,N/A,NO,N/A
2022,04,Elko,04507.2,W Wendover MS,Regular,37,Not Rated,YES,37.1,15.7,22,YES,YES,NO,NO,NO,43.5,16.4,<5,76.5,N/A,N/A,N/A,N/A,N/A,N/A,32.2,YES,4,NO,N/A,NO,N/A
2022,04,Elko,04601.3,Carlin HS,Regular,35.56,Not Rated,NO,37.1,6.2,36.8,-,N/A,YES,NO,NO,N/A,N/A,-,N/A,96,55.5,44.4,25,70.5,83.3,32.4,NO,N/A,NO,N/A,NO,N/A
2022,04,Elko,04602.3,Wells HS,Regular,88.57,Not Rated,NO,-,-,26,-,-,NO,NO,NO,N/A,N/A,-,N/A,100,83.3,50,43.4,>95,>95,13,NO,N/A,NO,N/A,NO,N/A
2022,04,Elko,04603.3,Elko HS,Regular,56.5,Not Rated,NO,38.5,14.9,12.5,YES,YES,NO,NO,NO,N/A,N/A,27.4,N/A,83.1,73.3,46.6,43.4,79.3,85.3,32.5,NO,N/A,NO,N/A,NO,N/A
2022,04,Elko,04604.3,Owyhee HS,Regular,30,Not Rated,NO,8.3,<5,<5,-,N/A,NO,NO,NO,N/A,N/A,N/A,N/A,41.1,25,12.5,23.5,85,72.7,71.4,YES,4,NO,N/A,NO,N/A
2022,04,Elko,04605.3,Jackpot HS,Regular,46.67,Not Rated,NO,16.6,8.3,-,-,N/A,NO,NO,NO,N/A,N/A,-,N/A,100,-,-,-,81.8,85.7,14.6,NO,N/A,NO,N/A,NO,N/A
2022,04,Elko,04606.3,Spring Creek HS,Regular,74.44,Not Rated,NO,57.8,31.1,28.5,YES,YES,NO,NO,NO,N/A,N/A,-,N/A,85.5,69.5,30.4,47,89.5,88.5,26.4,NO,N/A,YES,2,NO,N/A
2022,04,Elko,04607.3,W Wendover HS,Regular,56.5,Not Rated,YES,16.2,5,6.5,YES,YES,NO,NO,NO,N/A,N/A,25,N/A,97,75.3,41,37.7,82.8,87,34.3,NO,N/A,NO,N/A,NO,N/A
2022,04,Elko,04610.1,NE NV Virtual ES,Regular,28.82,Not Rated,NO,34.1,22.7,-,NO,NO,YES,NO,NO,56.5,23.8,-,N/A,N/A,N/A,N/A,N/A,N/A,N/A,16.9,NO,N/A,NO,N/A,NO,N/A
2022,04,Elko,04610.2,NE NV Virtual MS,Regular,30.63,Not Rated,NO,37.8,12.6,35.7,NO,NO,YES,NO,NO,46.1,23,-,67.6,N/A,N/A,N/A,N/A,N/A,N/A,44.1,NO,N/A,NO,N/A,NO,N/A
2022,04,Elko,04610.3,NE NV Virtual HS,Regular,33.33,Not Rated,NO,35,10,38.8,YES,YES,NO,NO,NO,N/A,N/A,-,N/A,77.2,6.6,6.6,28,80.6,80,38.1,YES,3,NO,N/A,NO,N/A
2022,04,Elko,04908.3,Battle Born Academy HS,Alternative,100,Not Rated,NO,N/A,N/A,N/A,-,-,NO,NO,NO,N/A,N/A,N/A,N/A,-,-,-,N/A,N/A,N/A,<5,NO,N/A,NO,N/A,NO,N/A
2022,05,Esmeralda,05101.1,Dyer ES,Regular,6.67,Not Rated,YES,-,-,-,-,-,NO,NO,NO,-,-,-,N/A,N/A,N/A,N/A,N/A,N/A,N/A,72.7,YES,3,NO,N/A,NO,N/A
2022,05,Esmeralda,05101.2,Dyer MS,Regular,17.24,Not Rated,YES,12.5,<5,-,-,N/A,NO,NO,NO,25,<5,-,-,N/A,N/A,N/A,N/A,N/A,N/A,33.3,YES,3,NO,N/A,NO,N/A
2022,05,Esmeralda,05102.1,Goldfield ES,Regular,3.33,Not Rated,YES,-,-,-,-,-,NO,NO,NO,-,-,N/A,N/A,N/A,N/A,N/A,N/A,N/A,N/A,44.4,NO,N/A,NO,N/A,NO,N/A
2022,05,Esmeralda,05102.2,Goldfield MS,Regular,77.66,Not Rated,YES,54.5,18.1,-,-,N/A,NO,NO,NO,-,-,N/A,-,N/A,N/A,N/A,N/A,N/A,N/A,9,YES,2,NO,N/A,NO,N/A
2022,05,Esmeralda,05103.1,Silver Peak ES,Regular,N/A,Not Rated,NO,-,-,N/A,-,-,NO,NO,NO,-,-,N/A,N/A,N/A,N/A,N/A,N/A,N/A,N/A,-,NO,N/A,NO,N/A,NO,N/A
2022,05,Esmeralda,05103.2,Silver Peak MS,Regular,100,Not Rated,NO,-,-,N/A,-,-,NO,NO,NO,N/A,-,N/A,N/A,N/A,N/A,N/A,N/A,N/A,N/A,-,NO,N/A,NO,N/A,NO,N/A
2022,05,Esmeralda,05501.3,Esmeralda Virtual HS,Alternative,N/A,Not Rated,NO,-,-,-,-,-,NO,NO,NO,N/A,N/A,N/A,N/A,-,N/A,N/A,-,-,N/A,-,NO,N/A,NO,N/A,NO,N/A
2022,06,Eureka,06101.1,Crescent Valley ES,Regular,6.67,Not Rated,NO,44.4,16.6,-,YES,YES,NO,NO,NO,-,-,N/A,N/A,N/A,N/A,N/A,N/A,N/A,N/A,36.1,NO,N/A,NO,N/A,NO,N/A
2022,06,Eureka,06103.1,Eureka ES,Regular,82.22,Not Rated,NO,64.3,59.7,29.4,YES,YES,NO,NO,NO,74.1,68.9,-,N/A,N/A,N/A,N/A,N/A,N/A,N/A,26,NO,N/A,NO,N/A,NO,N/A
2022,06,Eureka,06601.2,Eureka MS,Regular,51.11,Not Rated,NO,63,34.7,50,YES,YES,NO,NO,NO,55,27.5,N/A,>95,N/A,N/A,N/A,N/A,N/A,N/A,10.4,NO,N/A,NO,N/A,NO,N/A
2022,06,Eureka,06601.3,Eureka HS,Regular,69.44,Not Rated,NO,70.5,35.2,39.1,-,N/A,NO,NO,NO,N/A,N/A,-,N/A,100,>95,64.7,54.5,73.3,>95,20,NO,N/A,NO,N/A,NO,N/A
2022,07,Humboldt,07101.1,Denio ES,Regular,N/A,Not Rated,YES,-,-,-,-,-,NO,NO,NO,-,-,N/A,N/A,N/A,N/A,N/A,N/A,N/A,N/A,-,NO,N/A,NO,N/A,NO,N/A
2022,07,Humboldt,07101.2,Denio MS,Regular,N/A,Not Rated,YES,-,-,N/A,-,-,NO,NO,NO,-,-,N/A,N/A,N/A,N/A,N/A,N/A,N/A,N/A,-,NO,N/A,NO,N/A,NO,N/A
2022,07,Humboldt,07103.1,Kings River ES,Regular,N/A,Not Rated,NO,-,-,N/A,-,-,NO,NO,NO,-,-,-,N/A,N/A,N/A,N/A,N/A,N/A,N/A,-,NO,N/A,NO,N/A,NO,N/A
2022,07,Humboldt,07103.2,Kings River MS,Regular,100,Not Rated,NO,-,-,-,-,-,NO,NO,NO,-,-,N/A,-,N/A,N/A,N/A,N/A,N/A,N/A,-,NO,N/A,NO,N/A,NO,N/A
2022,07,Humboldt,07104.1,Orovada ES,Regular,26.67,Not Rated,NO,54.5,36.3,-,-,N/A,NO,NO,NO,-,-,-,N/A,N/A,N/A,N/A,N/A,N/A,N/A,33.3,NO,N/A,NO,N/A,NO,N/A
2022,07,Humboldt,07104.2,Orovada MS,Regular,24,Not Rated,NO,-,-,-,-,-,NO,NO,NO,-,-,-,-,N/A,N/A,N/A,N/A,N/A,N/A,-,NO,N/A,NO,N/A,NO,N/A
2022,07,Humboldt,07105.1,Paradise Valley ES,Regular,6.67,Not Rated,YES,50,8.3,-,-,N/A,NO,NO,NO,-,-,N/A,N/A,N/A,N/A,N/A,N/A,N/A,N/A,65.3,NO,N/A,NO,N/A,NO,N/A
2022,07,Humboldt,07105.2,Paradise Valley MS,Regular,76,Not Rated,YES,-,-,-,-,-,NO,NO,NO,-,-,-,-,N/A,N/A,N/A,N/A,N/A,N/A,-,NO,N/A,NO,N/A,NO,N/A
2022,07,Humboldt,07201.1,Sonoma Heights ES,Regular,64.5,Not Rated,YES,41.8,44.3,N/A,YES,YES,NO,NO,NO,64.5,50.6,60,N/A,N/A,N/A,N/A,N/A,N/A,N/A,41.7,YES,4,NO,N/A,NO,N/A
2022,07,Humboldt,07202.1,Winnemucca GS ES,Regular,44.5,Not Rated,YES,33.3,28.3,N/A,YES,YES,NO,NO,NO,65.3,40.3,35.7,N/A,N/A,N/A,N/A,N/A,N/A,N/A,40.3,NO,N/A,NO,N/A,NO,N/A
2022,07,Humboldt,07203.1,McDermitt ES,Regular,18.24,Not Rated,YES,12.1,<5,-,YES,YES,NO,NO,NO,35.7,14.2,N/A,N/A,N/A,N/A,N/A,N/A,N/A,N/A,68.5,YES,4,NO,N/A,NO,N/A
2022,07,Humboldt,07205.1,Grass Valley ES,Regular,34.5,Not Rated,YES,28.1,36,N/A,YES,YES,NO,NO,NO,45.1,48.3,26,N/A,N/A,N/A,N/A,N/A,N/A,N/A,45.7,NO,N/A,NO,N/A,NO,N/A
2022,07,Humboldt,07206.1,French Ford ES,Regular,22.63,Not Rated,YES,39.1,29.2,14.8,YES,YES,NO,NO,NO,42.3,29.7,30.4,N/A,N/A,N/A,N/A,N/A,N/A,N/A,50.7,YES,4,NO,N/A,NO,N/A
2022,07,Humboldt,07301.2,Winnemucca JHS MS,Regular,47,Not Rated,YES,43,28.1,41.2,YES,YES,NO,NO,NO,42.4,28,43.7,89.9,N/A,N/A,N/A,N/A,N/A,N/A,48.2,NO,N/A,YES,3,YES,3
2022,07,Humboldt,07302.2,McDermitt JHS MS,Regular,15.56,Not Rated,YES,10.5,<5,16.6,-,N/A,NO,NO,NO,10.5,<5,N/A,>95,N/A,N/A,N/A,N/A,N/A,N/A,75,YES,4,NO,N/A,NO,N/A
2022,07,Humboldt,07501.3,Lowry HS,Regular,61.5,Not Rated,NO,36.6,11.3,21.3,YES,YES,NO,NO,NO,N/A,N/A,29.6,N/A,93,53.5,28.4,26.7,>95,>95,46.1,NO,N/A,NO,N/A,NO,N/A
2022,07,Humboldt,07601.3,McDermitt HS,Regular,5,Not Rated,YES,-,-,8.3,-,-,NO,NO,NO,N/A,N/A,-,N/A,-,-,-,-,-,-,53.5,YES,4,NO,N/A,NO,N/A
2022,07,Humboldt,07901.1,Leighton Hall ES,Alternative,N/A,Not Rated,NO,N/A,N/A,N/A,N/A,N/A,NO,NO,NO,N/A,N/A,N/A,N/A,N/A,N/A,N/A,N/A,N/A,N/A,N/A,NO,N/A,NO,N/A,NO,N/A
2022,07,Humboldt,07901.2,Leighton Hall MS,Alternative,N/A,Not Rated,NO,N/A,N/A,N/A,N/A,N/A,NO,NO,NO,N/A,N/A,N/A,N/A,N/A,N/A,N/A,N/A,N/A,N/A,N/A,NO,N/A,NO,N/A,NO,N/A
2022,07,Humboldt,07901.3,Leighton Hall HS,Alternative,N/A,Not Rated,NO,N/A,N/A,N/A,N/A,N/A,NO,NO,NO,N/A,N/A,N/A,N/A,N/A,N/A,N/A,N/A,N/A,N/A,N/A,NO,N/A,NO,N/A,NO,N/A
2022,08,Lander,08201.1,Battle Mtn ES,Regular,26,Not Rated,YES,33.5,30.3,N/A,YES,YES,YES,NO,NO,36,32.2,42.8,N/A,N/A,N/A,N/A,N/A,N/A,N/A,31.8,NO,N/A,NO,N/A,NO,N/A
2022,08,Lander,08302.2,Lemaire JHS MS,Regular,23,Not Rated,NO,27.8,11.5,13.1,NO,NO,YES,NO,NO,28.7,9.9,38.8,>95,N/A,N/A,N/A,N/A,N/A,N/A,29.7,YES,4,NO,N/A,NO,N/A
2022,08,Lander,08601.3,Battle Mtn HS,Regular,38.89,Not Rated,NO,36.6,<5,24.5,YES,YES,YES,NO,NO,N/A,N/A,-,N/A,90.6,64.4,46,43.1,72.1,84.7,35.4,NO,N/A,NO,N/A,NO,N/A
2022,08,Lander,08602.1,Austin Combined ES,Regular,N/A,Not Rated,NO,-,-,N/A,-,-,NO,NO,NO,-,-,N/A,N/A,N/A,N/A,N/A,N/A,N/A,N/A,-,NO,N/A,NO,N/A,NO,N/A
2022,08,Lander,08602.2,Austin Combined MS,Regular,N/A,Not Rated,NO,-,-,N/A,-,-,NO,NO,NO,-,-,N/A,N/A,N/A,N/A,N/A,N/A,N/A,N/A,-,NO,N/A,NO,N/A,NO,N/A
2022,08,Lander,08602.3,Austin Combined HS,Regular,N/A,Not Rated,NO,N/A,N/A,N/A,N/A,N/A,NO,NO,NO,N/A,N/A,N/A,N/A,N/A,N/A,N/A,N/A,N/A,N/A,N/A,NO,N/A,NO,N/A,NO,N/A
2022,09,Lincoln,09102.1,Pahranagat Valley ES,Regular,31.11,Not Rated,YES,37.7,43.9,23.5,NO,NO,YES,NO,NO,29.7,29.7,N/A,N/A,N/A,N/A,N/A,N/A,N/A,N/A,<5,NO,N/A,NO,N/A,NO,N/A
2022,09,Lincoln,09201.1,Caliente ES,Regular,58.24,Not Rated,YES,61.1,50,18.1,YES,YES,NO,NO,NO,65.3,34.6,-,N/A,N/A,N/A,N/A,N/A,N/A,N/A,23.4,YES,4,NO,N/A,NO,N/A
2022,09,Lincoln,09202.1,Panaca ES,Regular,80.56,Not Rated,YES,59.6,69.3,37.5,YES,YES,NO,NO,NO,57.7,75,N/A,N/A,N/A,N/A,N/A,N/A,N/A,N/A,22.9,NO,N/A,NO,N/A,NO,N/A
2022,09,Lincoln,09203.1,Pioche ES,Regular,37.65,Not Rated,YES,19.2,30.7,-,YES,YES,NO,NO,NO,33.3,47.6,-,N/A,N/A,N/A,N/A,N/A,N/A,N/A,28.2,NO,N/A,NO,N/A,NO,N/A
2022,09,Lincoln,09301.2,Meadow Valley MS,Regular,58.89,Not Rated,NO,55.2,31.3,54.8,YES,YES,NO,NO,NO,60,21.6,-,>95,N/A,N/A,N/A,N/A,N/A,N/A,13.2,NO,N/A,NO,N/A,NO,N/A
2022,09,Lincoln,09302.2,Pahranagat Valley MS,Regular,69.44,Not Rated,NO,50.4,39,57.1,NO,NO,YES,NO,NO,56.8,34.4,-,91.6,N/A,N/A,N/A,N/A,N/A,N/A,<5,NO,N/A,NO,N/A,NO,N/A
2022,09,Lincoln,09501.3,Lincoln HS,Regular,62.22,Not Rated,NO,37.8,29.7,22.2,YES,YES,NO,NO,NO,N/A,N/A,-,N/A,97.2,45.4,33.3,78.5,>95,94.5,30.2,NO,N/A,NO,N/A,NO,N/A
2022,09,Lincoln,09601.3,Pahranagat Valley HS,Regular,85.56,Not Rated,NO,45.4,22.7,45.4,YES,YES,NO,NO,NO,N/A,N/A,-,N/A,95.2,84.3,81.2,57.6,>95,>95,<5,NO,N/A,NO,N/A,NO,N/A
2022,09,Lincoln,09602.2,C O Bastian MS,Juvenile Correctional,N/A,Not Rated,NO,N/A,-,-,-,-,YES,NO,NO,N/A,N/A,N/A,-,N/A,N/A,N/A,N/A,N/A,N/A,-,NO,N/A,NO,N/A,NO,N/A
2022,09,Lincoln,09602.3,C O Bastian HS,Juvenile Correctional,15,Not Rated,NO,N/A,-,-,-,-,NO,NO,NO,N/A,N/A,N/A,N/A,-,-,-,<5,12,27.1,<5,YES,4,NO,N/A,NO,N/A
2022,18,"State Public Charter School Authority ",101101.1,NV Rise CS ES,SPCSA,20,Not Rated,YES,31.5,16.2,N/A,YES,YES,YES,NO,NO,44.1,20,22,N/A,N/A,N/A,N/A,N/A,N/A,N/A,48,NO,N/A,NO,N/A,NO,N/A
2022,10,Lyon,10201.1,Dayton ES,Regular,59,Not Rated,YES,39.7,30.4,32.8,YES,YES,NO,NO,NO,54.1,45.3,50,N/A,N/A,N/A,N/A,N/A,N/A,N/A,18,NO,N/A,NO,N/A,NO,N/A
2022,10,Lyon,10202.1,Yerington ES,Regular,14.5,Not Rated,YES,26.1,28.8,N/A,YES,YES,YES,NO,NO,28.9,24,38.9,N/A,N/A,N/A,N/A,N/A,N/A,N/A,30.6,NO,N/A,YES,3,YES,3
2022,10,Lyon,10203.1,Fernley ES,Regular,59.5,Not Rated,YES,35.6,41.3,N/A,YES,YES,NO,NO,NO,53.8,58.2,42.3,N/A,N/A,N/A,N/A,N/A,N/A,N/A,40.4,NO,N/A,NO,N/A,NO,N/A
2022,10,Lyon,10205.1,Silver Stage ES,Regular,11.11,Not Rated,YES,22.2,25.3,N/A,YES,YES,NO,NO,NO,22.7,25,-,N/A,N/A,N/A,N/A,N/A,N/A,N/A,46.1,YES,4,NO,N/A,NO,N/A
2022,10,Lyon,10206.1,East Valley ES,Regular,50.5,Not Rated,YES,49.7,45.9,N/A,YES,YES,YES,NO,NO,60.9,39,41.1,N/A,N/A,N/A,N/A,N/A,N/A,N/A,28.2,NO,N/A,NO,N/A,NO,N/A
2022,10,Lyon,10208.2,Dayton Intermediate MS,Regular,30.5,Not Rated,YES,33.1,23.9,35.4,NO,NO,YES,NO,NO,31.8,27.5,<5,76,N/A,N/A,N/A,N/A,N/A,N/A,24.4,NO,N/A,YES,3,YES,3
2022,10,Lyon,10209.1,Cottonwood ES,Regular,19,Not Rated,YES,28.2,24.4,N/A,YES,YES,NO,NO,NO,29.8,14.9,57.8,N/A,N/A,N/A,N/A,N/A,N/A,N/A,33.7,NO,N/A,YES,1,YES,1
2022,10,Lyon,10210.1,Sutro ES,Regular,43.5,Not Rated,YES,40.5,35.8,5.8,YES,YES,NO,NO,NO,50.3,37.9,42.3,N/A,N/A,N/A,N/A,N/A,N/A,N/A,22.9,NO,N/A,YES,3,YES,3
2022,18,"State Public Charter School Authority ",102100.1,NV Prep CS ES,SPCSA,12.22,Not Rated,YES,18.3,18.3,21,YES,YES,NO,NO,NO,33.3,16.6,-,N/A,N/A,N/A,N/A,N/A,N/A,N/A,18.8,NO,N/A,NO,N/A,NO,N/A
2022,18,"State Public Charter School Authority ",102100.2,NV Prep CS MS,SPCSA,74.44,Not Rated,YES,39.6,27.2,29.6,NO,NO,YES,NO,NO,51.5,42.4,-,>95,N/A,N/A,N/A,N/A,N/A,N/A,17.9,NO,N/A,NO,N/A,NO,N/A
2022,10,Lyon,10211.1,Riverview ES,Regular,23.5,Not Rated,YES,26.1,23.3,16.6,NO,NO,YES,NO,NO,31.2,31.9,23.5,N/A,N/A,N/A,N/A,N/A,N/A,N/A,20.4,NO,N/A,YES,2,YES,2
2022,10,Lyon,10302.2,Yerington Intermediate MS,Regular,40,Not Rated,YES,30.5,19.3,24.1,YES,YES,YES,NO,NO,35.3,28.9,14.5,92,N/A,N/A,N/A,N/A,N/A,N/A,26.5,NO,N/A,YES,3,YES,3
2022,10,Lyon,10303.1,Fernley Intermediate ES,Regular,53.68,Not Rated,YES,40.6,35.7,14.1,YES,YES,YES,NO,NO,51.9,51.2,15,N/A,N/A,N/A,N/A,N/A,N/A,N/A,23.6,NO,N/A,YES,3,NO,N/A
2022,10,Lyon,10304.2,Silver Stage MS,Regular,31.11,Not Rated,YES,31.6,17,15.7,YES,YES,NO,NO,NO,37.2,24.4,-,76,N/A,N/A,N/A,N/A,N/A,N/A,26.2,NO,N/A,YES,2,YES,2
2022,10,Lyon,10305.2,Silverland MS,Regular,23,Not Rated,YES,30.6,17.3,42.5,NO,NO,YES,NO,NO,29.9,14.8,28.5,85.4,N/A,N/A,N/A,N/A,N/A,N/A,33.6,NO,N/A,YES,3,YES,3
2022,18,"State Public Charter School Authority ",104101.3,NSHS II Meadowood HS,SPCSA,94.38,Not Rated,NO,87.5,31.2,N/A,-,N/A,NO,NO,NO,N/A,N/A,N/A,N/A,N/A,>95,>95,78.1,>95,>95,<5,NO,N/A,NO,N/A,NO,N/A
2022,18,"State Public Charter School Authority ",105101.1,Signature Prep CS ES,SPCSA,37.5,Not Rated,YES,46.4,30.2,20.8,YES,YES,NO,NO,NO,55.3,23.2,32.5,N/A,N/A,N/A,N/A,N/A,N/A,N/A,37.5,NO,N/A,NO,N/A,NO,N/A
2022,18,"State Public Charter School Authority ",105101.2,Signature Prep CS MS,SPCSA,57.22,Not Rated,YES,50.5,21.1,19.2,YES,YES,YES,NO,NO,60.9,22.5,-,88.4,N/A,N/A,N/A,N/A,N/A,N/A,37.3,NO,N/A,NO,N/A,NO,N/A
2022,10,Lyon,10601.3,Fernley HS,Regular,58,Not Rated,YES,39,19.6,23.5,YES,YES,NO,NO,NO,N/A,N/A,19.3,N/A,89.3,66.2,27.9,34.9,84.6,87.7,33,NO,N/A,NO,N/A,NO,N/A
2022,10,Lyon,10602.1,Smith Valley Combined ES,Regular,32.78,Not Rated,NO,48,34,38.4,YES,YES,NO,NO,NO,48.6,18.9,-,N/A,N/A,N/A,N/A,N/A,N/A,N/A,17.8,NO,N/A,NO,N/A,NO,N/A
2022,10,Lyon,10602.2,Smith Valley Combined MS,Regular,12.22,Not Rated,NO,19.2,<5,17.6,YES,YES,NO,NO,NO,14.8,<5,-,90,N/A,N/A,N/A,N/A,N/A,N/A,25.8,YES,2,NO,N/A,NO,N/A
2022,10,Lyon,10602.3,Smith Valley Combined HS,Regular,71.67,Not Rated,NO,41.1,5.5,16.6,-,N/A,NO,NO,NO,N/A,N/A,-,N/A,100,>95,60,40,>95,85.7,21.9,NO,N/A,NO,N/A,NO,N/A
2022,10,Lyon,10603.3,Yerington HS,Regular,66,Not Rated,YES,18.5,<5,20.7,YES,YES,NO,NO,NO,N/A,N/A,13,N/A,94.2,82.3,60,32.9,90.1,87.1,31.2,NO,N/A,NO,N/A,NO,N/A
2022,10,Lyon,10604.3,Dayton HS,Regular,63,Not Rated,YES,41.5,16.1,23.1,YES,YES,NO,NO,NO,N/A,N/A,25,N/A,90.4,58.5,30,36.8,89.8,88.8,26.1,NO,N/A,YES,2,NO,N/A
2022,10,Lyon,10605.3,Silver Stage HS,Regular,72.22,Not Rated,YES,34.5,13.5,26.4,YES,YES,NO,NO,NO,N/A,N/A,-,N/A,96.3,93,73.6,26.8,90.5,>95,42.4,NO,N/A,NO,N/A,NO,N/A
2022,18,"State Public Charter School Authority ",106101.1,Pinecrest Northern NV ES,SPCSA,79,Not Rated,NO,52.3,55.5,53.3,YES,YES,NO,NO,NO,60,65.4,66.6,N/A,N/A,N/A,N/A,N/A,N/A,N/A,14.1,NO,N/A,NO,N/A,NO,N/A
2022,18,"State Public Charter School Authority ",106101.2,Pinecrest Northern NV MS,SPCSA,71.67,Not Rated,NO,50.2,44.3,46.7,YES,YES,NO,NO,NO,53.3,45,-,90.6,N/A,N/A,N/A,N/A,N/A,N/A,16,NO,N/A,NO,N/A,NO,N/A
2022,18,"State Public Charter School Authority ",107101.2,Explore ACAD MS,SPCSA,18.89,Not Rated,YES,35,17.5,28,NO,NO,YES,NO,NO,31.8,12.1,-,>95,N/A,N/A,N/A,N/A,N/A,N/A,31.4,NO,N/A,NO,N/A,NO,N/A
2022,18,"State Public Charter School Authority ",107101.3,Explore ACAD HS,SPCSA,40,Not Rated,YES,N/A,N/A,-,N/A,N/A,NO,NO,NO,N/A,N/A,-,N/A,97.1,N/A,N/A,N/A,N/A,N/A,28.3,NO,N/A,NO,N/A,NO,N/A
2022,18,"State Public Charter School Authority ",108101.2,GALS MS,SPCSA,47.5,Not Rated,YES,38.6,<5,13.6,YES,YES,YES,NO,NO,47.6,17.5,16.6,>95,N/A,N/A,N/A,N/A,N/A,N/A,50,NO,N/A,NO,N/A,NO,N/A
2022,10,Lyon,10902.2,Eagle Ridge MS,Alternative,N/A,Not Rated,YES,N/A,N/A,N/A,N/A,N/A,NO,NO,NO,N/A,N/A,N/A,-,N/A,N/A,N/A,N/A,N/A,N/A,N/A,NO,N/A,NO,N/A,NO,N/A
2022,10,Lyon,10902.3,Eagle Ridge HS,Alternative,N/A,Not Rated,YES,N/A,N/A,N/A,N/A,N/A,NO,NO,NO,N/A,N/A,N/A,N/A,N/A,-,-,N/A,N/A,-,-,NO,N/A,NO,N/A,NO,N/A
2022,18,"State Public Charter School Authority ",110100.1,CIVICA Acad ES,SPCSA,26.5,Not Rated,NO,22.9,22.6,9.6,YES,YES,NO,NO,NO,40.2,32.8,22.6,N/A,N/A,N/A,N/A,N/A,N/A,N/A,30.4,NO,N/A,NO,N/A,NO,N/A
2022,18,"State Public Charter School Authority ",110100.2,CIVICA Acad MS,SPCSA,54.64,Not Rated,NO,37.9,12.1,N/A,YES,YES,NO,NO,NO,53.8,33.3,6.2,N/A,N/A,N/A,N/A,N/A,N/A,N/A,26.6,NO,N/A,NO,N/A,NO,N/A
2022,11,Mineral,11201.1,Hawthorne ES,Regular,42.22,Not Rated,YES,44,19.4,12.5,YES,YES,NO,NO,NO,59.3,30.1,N/A,N/A,N/A,N/A,N/A,N/A,N/A,N/A,32.8,YES,3,NO,N/A,NO,N/A
2022,11,Mineral,11202.1,Schurz ES,Regular,16,Not Rated,YES,16.6,7.1,<5,YES,YES,NO,NO,NO,25,21.4,38,N/A,N/A,N/A,N/A,N/A,N/A,N/A,43.3,YES,4,NO,N/A,NO,N/A
2022,11,Mineral,11203.2,Hawthorne JHS MS,Regular,10,Not Rated,YES,18.5,9,11.1,YES,YES,NO,NO,NO,18,<5,N/A,72.4,N/A,N/A,N/A,N/A,N/A,N/A,46.6,YES,4,NO,N/A,NO,N/A
2022,18,"State Public Charter School Authority ",112100.1,TEACH Las Vegas ES,SPCSA,8.57,Not Rated,NO,22.5,10,<5,YES,YES,YES,NO,NO,-,-,-,N/A,N/A,N/A,N/A,N/A,N/A,N/A,39.7,NO,N/A,NO,N/A,NO,N/A
2022,18,"State Public Charter School Authority ",112100.2,TEACH Las Vegas MS,SPCSA,62.64,Not Rated,NO,43.4,21.7,N/A,YES,YES,NO,NO,NO,63.6,18.1,-,N/A,N/A,N/A,N/A,N/A,N/A,N/A,34.7,NO,N/A,NO,N/A,NO,N/A
2022,11,Mineral,11601.3,Mineral HS,Regular,55,Not Rated,YES,<5,<5,19.2,YES,YES,NO,NO,NO,N/A,N/A,N/A,N/A,93.7,88.8,7.4,33.3,88.8,91.6,49.2,NO,N/A,NO,N/A,NO,N/A
2022,12,Nye,12101.1,Duckwater ES,Regular,62.5,Not Rated,NO,-,-,-,-,-,NO,NO,NO,-,-,N/A,N/A,N/A,N/A,N/A,N/A,N/A,N/A,-,NO,N/A,NO,N/A,NO,N/A
2022,12,Nye,12102.1,Manse ES,Regular,34.5,Not Rated,YES,40.1,25.7,13.2,YES,YES,NO,NO,NO,46.9,42.3,31.4,N/A,N/A,N/A,N/A,N/A,N/A,N/A,37.6,NO,N/A,NO,N/A,NO,N/A
2022,12,Nye,12103.1,Round Mtn ES,Regular,35,Not Rated,NO,35.1,24,15,YES,YES,NO,NO,NO,48.5,40,-,N/A,N/A,N/A,N/A,N/A,N/A,N/A,18.1,YES,3,NO,N/A,NO,N/A
2022,12,Nye,12105.1,Gabbs ES,Regular,3.33,Not Rated,YES,-,-,-,-,-,NO,NO,NO,-,-,N/A,N/A,N/A,N/A,N/A,N/A,N/A,N/A,50,YES,2,NO,N/A,NO,N/A
2022,12,Nye,12106.1,Amargosa Valley ES,Regular,36.32,Not Rated,YES,35.4,36.3,15.3,YES,YES,NO,NO,NO,47.8,13,50,N/A,N/A,N/A,N/A,N/A,N/A,N/A,13.6,YES,2,NO,N/A,NO,N/A
2022,12,Nye,12108.1,JG Johnson ES,Regular,14,Not Rated,YES,29.2,18.7,7.1,NO,NO,YES,NO,NO,29.8,26.2,25,N/A,N/A,N/A,N/A,N/A,N/A,N/A,25,YES,3,NO,N/A,NO,N/A
2022,12,Nye,12201.1,Beatty ES,Regular,25.56,Not Rated,YES,17.6,8.8,9,YES,YES,NO,NO,NO,40.9,<5,-,N/A,N/A,N/A,N/A,N/A,N/A,N/A,10.7,NO,N/A,NO,N/A,NO,N/A
2022,12,Nye,12202.1,Tonopah ES,Regular,19.44,Not Rated,YES,27.2,22.7,16.6,YES,YES,NO,NO,NO,33.3,22.2,-,N/A,N/A,N/A,N/A,N/A,N/A,N/A,11.1,YES,4,NO,N/A,NO,N/A
2022,12,Nye,12207.1,Hafen ES,Regular,26.5,Not Rated,YES,35.2,26.7,15.1,YES,YES,NO,NO,NO,46,34.4,33.3,N/A,N/A,N/A,N/A,N/A,N/A,N/A,29.7,NO,N/A,NO,N/A,NO,N/A
2022,12,Nye,12210.1,Floyd ES,Regular,37.5,Not Rated,YES,36.7,34,16.1,YES,YES,NO,NO,NO,47.3,40.6,<5,N/A,N/A,N/A,N/A,N/A,N/A,N/A,29,NO,N/A,NO,N/A,NO,N/A
2022,12,Nye,12301.2,Rosemary Clarke MS,Regular,28,Not Rated,YES,34.9,18,34.2,NO,YES,YES,NO,NO,37.8,19.1,11.3,83.5,N/A,N/A,N/A,N/A,N/A,N/A,34.5,NO,N/A,YES,3,YES,3
2022,12,Nye,12311.2,Beatty MS,Regular,59.09,Not Rated,YES,57.8,36.8,-,-,YES,NO,NO,NO,61.1,22.2,-,-,N/A,N/A,N/A,N/A,N/A,N/A,9.5,YES,2,NO,N/A,NO,N/A
2022,12,Nye,12312.2,Tonopah MS,Regular,38.33,Not Rated,YES,38.5,14,41.1,YES,YES,YES,NO,NO,34.6,21.1,-,88.8,N/A,N/A,N/A,N/A,N/A,N/A,13.1,YES,2,NO,N/A,NO,N/A
2022,12,Nye,12313.2,Round Mtn MS,Regular,23.75,Not Rated,NO,35.8,16.9,29.4,YES,YES,NO,NO,NO,15,15,-,83.3,N/A,N/A,N/A,N/A,N/A,N/A,19.2,YES,3,NO,N/A,NO,N/A
2022,12,Nye,12315.2,Gabbs MS,Regular,24.29,Not Rated,YES,-,-,-,-,-,NO,NO,NO,-,-,N/A,-,N/A,N/A,N/A,N/A,N/A,N/A,9,NO,N/A,NO,N/A,NO,N/A
2022,12,Nye,12316.2,Amargosa Valley MS,Regular,70.5,Not Rated,YES,53.4,39.5,23,YES,YES,NO,NO,NO,64.8,52.7,10,53.3,N/A,N/A,N/A,N/A,N/A,N/A,13.3,NO,N/A,YES,3,YES,3
2022,12,Nye,12317.2,Duckwater MS,Regular,N/A,Not Rated,NO,N/A,N/A,N/A,N/A,N/A,NO,NO,NO,N/A,N/A,N/A,N/A,N/A,N/A,N/A,N/A,N/A,N/A,N/A,NO,N/A,NO,N/A,NO,N/A
2022,12,Nye,12601.3,Beatty HS,Regular,55.79,Not Rated,YES,30.7,7.6,N/A,YES,YES,NO,NO,NO,N/A,N/A,<5,N/A,96,71.4,9.5,77.2,88,>95,31.9,NO,N/A,NO,N/A,NO,N/A
2022,12,Nye,12602.3,Gabbs HS,Regular,N/A,Not Rated,YES,-,-,N/A,-,-,NO,NO,NO,N/A,N/A,N/A,N/A,-,N/A,N/A,-,-,-,-,NO,N/A,NO,N/A,NO,N/A
2022,12,Nye,12603.3,Tonopah HS,Regular,55.88,Not Rated,YES,18.1,8.3,N/A,YES,YES,NO,NO,NO,N/A,N/A,-,N/A,97,56,24,31.8,>95,>95,37.8,YES,4,NO,N/A,NO,N/A
2022,12,Nye,12604.3,Pahrump Valley HS,Regular,63.68,Not Rated,YES,40,10.5,-,YES,YES,NO,NO,NO,N/A,N/A,10.4,N/A,84.7,73.2,31.9,32,89.3,91.7,45.3,NO,N/A,NO,N/A,NO,N/A
2022,12,Nye,12605.3,Round Mtn HS,Regular,60,Not Rated,NO,21.4,7.1,N/A,-,N/A,NO,NO,NO,N/A,N/A,-,N/A,84.6,52.9,41.1,57.1,93.3,87.5,13.4,NO,N/A,NO,N/A,NO,N/A
2022,12,Nye,12606.3,Pathways HS,Alternative,12.35,Not Rated,YES,16.6,<5,N/A,YES,YES,NO,NO,NO,N/A,N/A,-,N/A,87.5,48,12,<5,40.8,26.9,15.4,YES,4,NO,N/A,NO,N/A
2022,12,Nye,12607.2,Pathways MS,Alternative,27.78,Not Rated,YES,22,14.6,18.1,NO,NO,YES,NO,NO,23,13.7,-,34.3,N/A,N/A,N/A,N/A,N/A,N/A,10,YES,4,NO,N/A,NO,N/A
2022,12,Nye,12609.1,Pathways ES,Alternative,20,Not Rated,NO,27.2,7.7,7.1,NO,NO,YES,NO,NO,20,<5,-,N/A,N/A,N/A,N/A,N/A,N/A,N/A,<5,NO,N/A,NO,N/A,NO,N/A
2022,13,Carson City,13201.1,Bordewich Bray ES,Regular,41,Not Rated,YES,38.6,40.6,23.4,YES,YES,NO,NO,NO,40.3,43.7,69.6,N/A,N/A,N/A,N/A,N/A,N/A,N/A,25.5,NO,N/A,NO,N/A,NO,N/A
2022,13,Carson City,13203.1,Fritsch ES,Regular,65,Not Rated,YES,51.9,46.3,36.2,YES,YES,NO,NO,NO,59.4,42.4,68,N/A,N/A,N/A,N/A,N/A,N/A,N/A,30.5,NO,N/A,NO,N/A,NO,N/A
2022,13,Carson City,13204.1,Fremont ES,Regular,55.5,Not Rated,YES,35.8,37,18.5,YES,YES,NO,NO,NO,55.3,47.6,44.2,N/A,N/A,N/A,N/A,N/A,N/A,N/A,21.2,NO,N/A,NO,N/A,NO,N/A
2022,13,Carson City,13207.1,Seeliger ES,Regular,83,Not Rated,YES,53.3,54.6,32.6,YES,YES,NO,NO,NO,63.8,63.3,70,N/A,N/A,N/A,N/A,N/A,N/A,N/A,12.7,NO,N/A,NO,N/A,NO,N/A
2022,13,Carson City,13209.1,Empire ES,Regular,37.5,Not Rated,YES,36.8,30.3,23.2,YES,YES,NO,NO,NO,47.9,35.5,48.1,N/A,N/A,N/A,N/A,N/A,N/A,N/A,25,NO,N/A,NO,N/A,NO,N/A
2022,13,Carson City,13211.1,Mark Twain ES,Regular,68,Not Rated,YES,45.5,43.5,22.9,YES,YES,NO,NO,NO,59.8,58.9,50,N/A,N/A,N/A,N/A,N/A,N/A,N/A,18.4,NO,N/A,NO,N/A,NO,N/A
2022,13,Carson City,13212.1,Carson Montessori ES,District Charter,52.78,Not Rated,NO,50.3,26.3,42.1,YES,YES,NO,NO,NO,56.9,31.9,-,N/A,N/A,N/A,N/A,N/A,N/A,N/A,6.9,NO,N/A,NO,N/A,NO,N/A
2022,13,Carson City,13301.2,Carson MS,Regular,52,Not Rated,NO,49.1,30.9,36.4,YES,YES,NO,NO,NO,51.2,31.2,16.9,>95,N/A,N/A,N/A,N/A,N/A,N/A,33.9,NO,N/A,YES,2,YES,2
2022,13,Carson City,13302.2,Eagle Valley MS,Regular,50,Not Rated,NO,43.5,26.7,37.7,YES,YES,NO,NO,NO,48.3,27,17.8,>95,N/A,N/A,N/A,N/A,N/A,N/A,27.4,NO,N/A,YES,2,YES,2
2022,13,Carson City,13501.3,Carson HS,Regular,74.5,Not Rated,NO,42.2,19.3,35.3,YES,YES,NO,NO,NO,N/A,N/A,20,N/A,81.9,74.4,55.6,42.6,88.7,92.9,32.9,NO,N/A,YES,2,YES,2
2022,13,Carson City,13903.1,Pioneer Academy ES,Alternative,43.33,Not Rated,YES,-,-,-,-,N/A,NO,NO,NO,-,-,N/A,N/A,N/A,N/A,N/A,N/A,N/A,N/A,12.5,NO,N/A,NO,N/A,NO,N/A
2022,13,Carson City,13903.2,Pioneer Academy MS,Alternative,77.14,Not Rated,YES,84.2,57.8,-,YES,YES,NO,NO,NO,73.3,60,N/A,83.3,N/A,N/A,N/A,N/A,N/A,N/A,57.1,NO,N/A,NO,N/A,NO,N/A
2022,13,Carson City,13903.3,Pioneer Academy HS,Alternative,23.89,Not Rated,YES,37.2,<5,8.1,YES,YES,NO,NO,NO,N/A,N/A,-,N/A,57.1,51.7,20.6,11.3,74.5,77.1,72.6,YES,3,NO,N/A,NO,N/A
2022,14,Pershing,14101.1,Imlay ES,Regular,76.67,Not Rated,YES,-,-,N/A,-,-,NO,NO,NO,-,-,N/A,N/A,N/A,N/A,N/A,N/A,N/A,N/A,18.7,NO,N/A,NO,N/A,NO,N/A
2022,14,Pershing,14201.1,Lovelock ES,Regular,24,Not Rated,YES,32,18.9,14.2,YES,YES,YES,NO,NO,48.1,17.9,39.1,N/A,N/A,N/A,N/A,N/A,N/A,N/A,22,NO,N/A,NO,N/A,NO,N/A
2022,14,Pershing,14301.2,Pershing MS,Regular,28.33,Not Rated,YES,38.8,13.6,34.6,YES,YES,NO,NO,NO,43.2,16.4,-,14.2,N/A,N/A,N/A,N/A,N/A,N/A,21.8,YES,3,NO,N/A,NO,N/A
2022,14,Pershing,14601.3,Pershing HS,Regular,52.22,Not Rated,NO,30.2,11.6,16.2,YES,YES,NO,NO,NO,N/A,N/A,-,N/A,100,11.4,11.4,53.1,>95,>95,31.7,NO,N/A,NO,N/A,NO,N/A
2022,15,Storey,15101.1,Gallagher ES,Regular,59.44,Not Rated,NO,36.5,46,21,YES,YES,NO,NO,NO,54.2,71.4,N/A,N/A,N/A,N/A,N/A,N/A,N/A,N/A,39,NO,N/A,NO,N/A,NO,N/A
2022,15,Storey,15102.1,Hillside ES,Regular,23.85,Not Rated,YES,47.6,38,-,YES,YES,NO,NO,NO,45.4,18.1,N/A,N/A,N/A,N/A,N/A,N/A,N/A,N/A,18.3,YES,3,NO,N/A,NO,N/A
2022,15,Storey,15301.2,Virginia City MS,Regular,52.22,Not Rated,NO,51.5,29.8,56.2,YES,YES,NO,NO,NO,47.2,26.6,N/A,91.8,N/A,N/A,N/A,N/A,N/A,N/A,42.9,NO,N/A,NO,N/A,NO,N/A
2022,15,Storey,15601.3,Virginia City HS,Regular,68.89,Not Rated,NO,61.3,34,24.1,YES,YES,NO,NO,NO,N/A,N/A,-,N/A,92.6,42.8,37.1,60.6,>95,85,42.5,NO,N/A,NO,N/A,NO,N/A
2022,16,Washoe,16201.1,Anderson ES,Regular,15,Not Rated,YES,26,14,7.5,YES,YES,YES,NO,NO,40,11.5,11.5,N/A,N/A,N/A,N/A,N/A,N/A,N/A,34.8,YES,3,NO,N/A,NO,N/A
2022,16,Washoe,16202.1,Loder ES,Regular,31,Not Rated,YES,24.8,21.5,13.4,YES,YES,NO,NO,NO,43.6,35.3,40.9,N/A,N/A,N/A,N/A,N/A,N/A,N/A,21.4,YES,4,NO,N/A,NO,N/A
2022,16,Washoe,16203.1,Elmcrest ES,Regular,34,Not Rated,YES,28.8,27.3,21.2,YES,YES,NO,NO,NO,46.8,31.9,47.7,N/A,N/A,N/A,N/A,N/A,N/A,N/A,22.6,NO,N/A,NO,N/A,NO,N/A
2022,16,Washoe,16204.1,Duncan ES,Regular,26,Not Rated,YES,17.2,17.5,<5,YES,YES,NO,NO,NO,39.4,21.5,50,N/A,N/A,N/A,N/A,N/A,N/A,N/A,20,YES,4,NO,N/A,NO,N/A
2022,16,Washoe,16205.1,Warner ES,Regular,44,Not Rated,YES,34.7,32.6,20.5,YES,YES,NO,NO,NO,53.6,44.5,14.8,N/A,N/A,N/A,N/A,N/A,N/A,N/A,36.9,NO,N/A,YES,3,YES,3
2022,16,Washoe,16206.1,Hunter Lake ES,Regular,78,Not Rated,NO,68.3,61,67.5,YES,YES,NO,NO,NO,66.9,58.6,20,N/A,N/A,N/A,N/A,N/A,N/A,N/A,18.3,NO,N/A,NO,N/A,NO,N/A
2022,16,Washoe,16207.1,Beck ES,Regular,92,Not Rated,NO,71.3,62.9,54.7,YES,YES,NO,NO,NO,75.1,61.3,61.7,N/A,N/A,N/A,N/A,N/A,N/A,N/A,12.2,NO,N/A,NO,N/A,NO,N/A
2022,16,Washoe,16208.1,Booth ES,Regular,35.5,Not Rated,YES,38.5,28.8,<5,YES,YES,NO,NO,NO,44.4,35.8,25.8,N/A,N/A,N/A,N/A,N/A,N/A,N/A,30.8,YES,4,NO,N/A,NO,N/A
2022,16,Washoe,16209.1,Towles ES,Regular,87.5,Not Rated,NO,72.2,60.5,41.6,YES,YES,NO,NO,NO,66.6,61.6,33.3,N/A,N/A,N/A,N/A,N/A,N/A,N/A,5.8,NO,N/A,NO,N/A,NO,N/A
2022,16,Washoe,16210.1,Melton ES,Regular,86,Not Rated,NO,69.3,72.5,45.9,YES,YES,NO,NO,NO,63.2,57.5,71.4,N/A,N/A,N/A,N/A,N/A,N/A,N/A,<5,NO,N/A,NO,N/A,NO,N/A
2022,16,Washoe,16211.1,Mount Rose K 8 ES,Regular,84.5,Not Rated,NO,70.1,65.4,45.2,YES,YES,NO,NO,NO,65.4,57.4,52.1,N/A,N/A,N/A,N/A,N/A,N/A,N/A,7.3,NO,N/A,NO,N/A,NO,N/A
2022,16,Washoe,16211.2,Mount Rose K 8 MS,Regular,99.44,Not Rated,NO,90.1,89.2,81.5,YES,YES,NO,NO,NO,90,89,N/A,92.1,N/A,N/A,N/A,N/A,N/A,N/A,5.2,NO,N/A,NO,N/A,NO,N/A
2022,16,Washoe,16212.1,Double Diamond ES,Regular,59,Not Rated,NO,47.8,39.6,21.9,YES,YES,NO,NO,NO,55.7,41.5,54.5,N/A,N/A,N/A,N/A,N/A,N/A,N/A,12.4,NO,N/A,NO,N/A,NO,N/A
2022,16,Washoe,16213.1,Peavine ES,Regular,56.5,Not Rated,NO,52,39.4,23.6,YES,YES,NO,NO,NO,56.6,44.3,57.1,N/A,N/A,N/A,N/A,N/A,N/A,N/A,27.2,NO,N/A,NO,N/A,NO,N/A
2022,16,Washoe,16214.1,Cannan ES,Regular,24,Not Rated,YES,26.8,17.2,<5,YES,YES,NO,NO,NO,40,21.3,50.6,N/A,N/A,N/A,N/A,N/A,N/A,N/A,22.1,YES,3,NO,N/A,NO,N/A
2022,16,Washoe,16215.1,Corbett ES,Regular,24.5,Not Rated,YES,29.7,24.7,11.1,YES,YES,NO,NO,NO,33.6,31,36.7,N/A,N/A,N/A,N/A,N/A,N/A,N/A,14.6,NO,N/A,NO,N/A,NO,N/A
2022,16,Washoe,16216.1,Gomm ES,Regular,87.78,Not Rated,NO,79.4,77.6,72.7,YES,YES,YES,NO,NO,71.9,66.4,-,N/A,N/A,N/A,N/A,N/A,N/A,N/A,<5,NO,N/A,NO,N/A,NO,N/A
2022,16,Washoe,16218.1,Smithridge ES,Regular,34.5,Not Rated,YES,32.1,23.4,8.2,YES,YES,NO,NO,NO,47.5,33.1,43.8,N/A,N/A,N/A,N/A,N/A,N/A,N/A,21.5,NO,N/A,NO,N/A,NO,N/A
2022,16,Washoe,16219.1,Stead ES,Regular,11,Not Rated,YES,20.2,13.8,9,YES,YES,NO,NO,NO,30.1,18,32.3,N/A,N/A,N/A,N/A,N/A,N/A,N/A,20,YES,3,NO,N/A,NO,N/A
2022,16,Washoe,16220.1,Veterans Memorial STEM ES,Regular,45.5,Not Rated,YES,29.2,24.2,10.2,YES,YES,NO,NO,NO,38.7,47.4,36.9,N/A,N/A,N/A,N/A,N/A,N/A,N/A,9.6,YES,4,NO,N/A,NO,N/A
2022,16,Washoe,16221.1,Risley ES,Regular,12.5,Not Rated,YES,17.7,16.1,12.9,YES,YES,NO,NO,NO,31,20.3,34.7,N/A,N/A,N/A,N/A,N/A,N/A,N/A,21.8,NO,N/A,NO,N/A,NO,N/A
2022,16,Washoe,16222.1,Maxwell ES,Regular,49,Not Rated,YES,45.4,44.8,14.2,YES,YES,NO,NO,NO,48.5,49,33.6,N/A,N/A,N/A,N/A,N/A,N/A,N/A,18.4,NO,N/A,NO,N/A,NO,N/A
2022,16,Washoe,16223.1,Drake ES,Regular,61.5,Not Rated,YES,71.4,62.2,28.5,YES,YES,NO,NO,NO,43.8,28.5,70,N/A,N/A,N/A,N/A,N/A,N/A,N/A,<5,NO,N/A,YES,3,YES,3
2022,16,Washoe,16224.1,Greenbrae ES,Regular,45.5,Not Rated,YES,31.8,28.3,15.3,YES,YES,NO,NO,NO,56.3,34,38.2,N/A,N/A,N/A,N/A,N/A,N/A,N/A,11.3,NO,N/A,NO,N/A,NO,N/A
2022,16,Washoe,16225.1,Smith Kate ES,Regular,62.5,Not Rated,YES,37.3,31.3,31.2,YES,YES,NO,NO,NO,58.2,50,48.1,N/A,N/A,N/A,N/A,N/A,N/A,N/A,21.7,NO,N/A,NO,N/A,NO,N/A
2022,16,Washoe,16226.1,Juniper ES,Regular,71,Not Rated,NO,52.9,48.9,9.3,YES,YES,YES,NO,NO,55.7,48.8,51.8,N/A,N/A,N/A,N/A,N/A,N/A,N/A,<5,NO,N/A,NO,N/A,NO,N/A
2022,16,Washoe,16227.1,Lincoln Park ES,Regular,28.5,Not Rated,YES,22.6,19.6,12.7,YES,YES,NO,NO,NO,35.7,34.7,30.1,N/A,N/A,N/A,N/A,N/A,N/A,N/A,10.5,NO,N/A,YES,3,NO,N/A
2022,16,Washoe,16228.1,Mitchell ES,Regular,10.5,Not Rated,YES,21.5,15.3,5.8,YES,YES,NO,NO,NO,24.2,18.5,36.2,N/A,N/A,N/A,N/A,N/A,N/A,N/A,23.5,YES,1,NO,N/A,NO,N/A
2022,16,Washoe,16229.1,Brown ES,Regular,76.5,Not Rated,NO,62.5,57.7,13.4,YES,YES,NO,NO,NO,61.6,55.3,45.8,N/A,N/A,N/A,N/A,N/A,N/A,N/A,8.2,NO,N/A,NO,N/A,NO,N/A
2022,16,Washoe,16230.1,Huffaker ES,Regular,58.5,Not Rated,NO,53.2,43.8,17.6,YES,YES,NO,NO,NO,55.2,50,10.5,N/A,N/A,N/A,N/A,N/A,N/A,N/A,14.3,NO,N/A,NO,N/A,NO,N/A
2022,16,Washoe,16231.1,Lemelson STEM ES,Regular,29.5,Not Rated,NO,15.5,17.8,15,YES,YES,YES,NO,NO,36.6,38.8,22.5,N/A,N/A,N/A,N/A,N/A,N/A,N/A,28,YES,4,NO,N/A,NO,N/A
2022,16,Washoe,16232.1,Lemmon Valley ES,Regular,38.5,Not Rated,YES,37.6,24.9,11.7,YES,YES,NO,NO,NO,52.1,32.5,37.1,N/A,N/A,N/A,N/A,N/A,N/A,N/A,12.7,NO,N/A,YES,2,YES,2
2022,16,Washoe,16233.1,Pleasant Valley ES,Regular,76.11,Not Rated,NO,67.5,57.3,21.7,YES,YES,NO,NO,NO,59.1,46.2,-,N/A,N/A,N/A,N/A,N/A,N/A,N/A,<5,NO,N/A,NO,N/A,NO,N/A
2022,16,Washoe,16234.1,Sun Valley ES,Regular,16,Not Rated,YES,18.9,13.2,<5,YES,YES,NO,NO,NO,30.6,15,35.8,N/A,N/A,N/A,N/A,N/A,N/A,N/A,16.8,NO,N/A,YES,3,YES,3
2022,16,Washoe,16235.1,Verdi ES,Regular,75,Not Rated,NO,70.8,61.6,42.8,YES,YES,NO,NO,NO,59.4,40.5,-,N/A,N/A,N/A,N/A,N/A,N/A,N/A,6.6,NO,N/A,NO,N/A,NO,N/A
2022,16,Washoe,16237.1,Natchez ES,Regular,20,Not Rated,YES,14.8,10.6,<5,YES,YES,NO,NO,NO,29,19.3,N/A,N/A,N/A,N/A,N/A,N/A,N/A,N/A,10.9,YES,4,NO,N/A,NO,N/A
2022,16,Washoe,16238.1,Diedrichsen ES,Regular,39,Not Rated,NO,50,42.5,27.4,YES,YES,NO,NO,NO,46.3,38.4,36.8,N/A,N/A,N/A,N/A,N/A,N/A,N/A,13.8,NO,N/A,NO,N/A,NO,N/A
2022,16,Washoe,16239.1,Dunn ES,Regular,22,Not Rated,NO,39,36.2,21.6,YES,YES,NO,NO,NO,36.1,26.9,16.3,N/A,N/A,N/A,N/A,N/A,N/A,N/A,13.9,NO,N/A,NO,N/A,NO,N/A
2022,16,Washoe,16240.1,Palmer ES,Regular,27.5,Not Rated,YES,32.2,25.9,<5,YES,YES,NO,NO,NO,35.5,17.5,57.7,N/A,N/A,N/A,N/A,N/A,N/A,N/A,12.9,NO,N/A,YES,3,YES,3
2022,16,Washoe,16241.1,Hall ES,Regular,50,Not Rated,NO,47.7,44.2,14,YES,YES,NO,NO,NO,52.5,40.1,-,N/A,N/A,N/A,N/A,N/A,N/A,N/A,7.7,NO,N/A,YES,3,YES,3
2022,16,Washoe,16242.1,Sepulveda ES,Regular,48,Not Rated,NO,44.8,42.2,21.6,YES,YES,NO,NO,NO,52.3,37.7,43.1,N/A,N/A,N/A,N/A,N/A,N/A,N/A,12.5,NO,N/A,YES,3,NO,N/A
2022,16,Washoe,16243.1,Poulakidas ES,Regular,83,Not Rated,NO,69,61.9,58.8,YES,YES,NO,NO,NO,64.7,53.1,66.6,N/A,N/A,N/A,N/A,N/A,N/A,N/A,8.9,NO,N/A,NO,N/A,NO,N/A
2022,16,Washoe,16244.1,JOHN BOHACH ES,Regular,91.5,Not Rated,NO,69.2,63.8,61.3,YES,YES,YES,NO,NO,68.2,69.5,55.2,N/A,N/A,N/A,N/A,N/A,N/A,N/A,13.5,NO,N/A,NO,N/A,NO,N/A
2022,16,Washoe,16245.1,Inskeep ES,Regular,52,Not Rated,NO,44.6,40.4,18.9,YES,YES,NO,NO,NO,47.4,43.1,27.2,N/A,N/A,N/A,N/A,N/A,N/A,N/A,<5,NO,N/A,NO,N/A,NO,N/A
2022,16,Washoe,16251.1,Incline ES,Regular,48,Not Rated,NO,48.1,43.5,31.2,YES,YES,NO,NO,NO,56.8,41.1,27.6,N/A,N/A,N/A,N/A,N/A,N/A,N/A,12,NO,N/A,NO,N/A,NO,N/A
2022,16,Washoe,16256.1,Gomes ES,Regular,42.5,Not Rated,NO,33.8,32,21.6,YES,YES,NO,NO,NO,50,41,25,N/A,N/A,N/A,N/A,N/A,N/A,N/A,20.4,NO,N/A,NO,N/A,NO,N/A
2022,16,Washoe,16257.1,Lenz ES,Regular,75,Not Rated,NO,68.9,63.2,36.5,YES,YES,NO,NO,NO,66,49.3,-,N/A,N/A,N/A,N/A,N/A,N/A,N/A,7.8,NO,N/A,NO,N/A,NO,N/A
2022,16,Washoe,16258.1,Dodson ES,Regular,27,Not Rated,YES,32.7,27.5,12.1,YES,YES,NO,NO,NO,44.5,28.9,20.5,N/A,N/A,N/A,N/A,N/A,N/A,N/A,13.8,NO,N/A,NO,N/A,NO,N/A
2022,16,Washoe,16259.1,Whitehead ES,Regular,32,Not Rated,NO,44.8,24.1,12.9,YES,YES,NO,NO,NO,39.7,20.6,56,N/A,N/A,N/A,N/A,N/A,N/A,N/A,10.7,NO,N/A,NO,N/A,NO,N/A
2022,16,Washoe,16260.1,Smith Alice ES,Regular,36.5,Not Rated,YES,34.2,29.1,22.4,YES,YES,NO,NO,NO,48.9,32.8,27.1,N/A,N/A,N/A,N/A,N/A,N/A,N/A,12.3,NO,N/A,YES,2,YES,2
2022,16,Washoe,16261.1,Caughlin Ranch ES,Regular,89.44,Not Rated,NO,79.5,76.7,61.6,YES,YES,NO,NO,NO,71,63,-,N/A,N/A,N/A,N/A,N/A,N/A,N/A,5.9,NO,N/A,NO,N/A,NO,N/A
2022,16,Washoe,16262.1,Hidden Valley ES,Regular,46.5,Not Rated,NO,48.6,44.9,11.5,YES,YES,NO,NO,NO,54.2,38.5,28.5,N/A,N/A,N/A,N/A,N/A,N/A,N/A,16.3,NO,N/A,YES,3,YES,3
2022,16,Washoe,16263.1,Silver Lake ES,Regular,37.5,Not Rated,NO,45.3,29,7.5,YES,YES,NO,NO,NO,50,29.2,47.8,N/A,N/A,N/A,N/A,N/A,N/A,N/A,14.7,NO,N/A,NO,N/A,NO,N/A
2022,16,Washoe,16264.1,Westergard ES,Regular,70.5,Not Rated,NO,63.8,57.5,29.7,YES,YES,NO,NO,NO,53.9,49.2,50,N/A,N/A,N/A,N/A,N/A,N/A,N/A,10.9,NO,N/A,NO,N/A,NO,N/A
2022,16,Washoe,16265.1,Taylor ES,Regular,59.44,Not Rated,NO,48.1,48.6,26.3,YES,YES,NO,NO,NO,59.2,49.2,-,N/A,N/A,N/A,N/A,N/A,N/A,N/A,13,NO,N/A,NO,N/A,NO,N/A
2022,16,Washoe,16266.1,Allen ES,Regular,12,Not Rated,YES,17.7,15.9,<5,YES,YES,NO,NO,NO,32,16,37.3,N/A,N/A,N/A,N/A,N/A,N/A,N/A,24.7,NO,N/A,YES,3,YES,3
2022,16,Washoe,16267.1,Moss ES,Regular,44,Not Rated,NO,51.1,43.4,25.7,YES,YES,NO,NO,NO,55.2,34.3,40,N/A,N/A,N/A,N/A,N/A,N/A,N/A,18.2,NO,N/A,YES,3,NO,N/A
2022,16,Washoe,16268.1,Desert Heights ES,Regular,38,Not Rated,YES,31.3,22.5,13.5,YES,YES,NO,NO,NO,54.3,36,32.6,N/A,N/A,N/A,N/A,N/A,N/A,N/A,22.7,YES,4,NO,N/A,NO,N/A
2022,16,Washoe,16269.1,Spanish Spgs ES,Regular,74.44,Not Rated,NO,65,56.6,40.4,YES,YES,NO,NO,NO,55,46.5,-,N/A,N/A,N/A,N/A,N/A,N/A,N/A,7.3,NO,N/A,NO,N/A,NO,N/A
2022,16,Washoe,16270.1,Winnemucca ES,Regular,58,Not Rated,NO,43.6,40.1,22.3,YES,YES,NO,NO,NO,59.5,36.4,46.1,N/A,N/A,N/A,N/A,N/A,N/A,N/A,11.9,NO,N/A,YES,3,YES,3
2022,16,Washoe,16271.1,Beasley ES,Regular,70,Not Rated,NO,65.2,60.1,47,YES,YES,NO,NO,NO,60.6,44.6,38.4,N/A,N/A,N/A,N/A,N/A,N/A,N/A,7.9,NO,N/A,YES,2,YES,2
2022,16,Washoe,16272.1,Donner Springs ES,Regular,26,Not Rated,YES,29,19.8,12.3,YES,YES,NO,NO,NO,42.9,26.3,40.6,N/A,N/A,N/A,N/A,N/A,N/A,N/A,21.2,NO,N/A,NO,N/A,NO,N/A
2022,16,Washoe,16273.1,Mathews ES,Regular,23.5,Not Rated,YES,25.1,16.4,9.8,YES,YES,NO,NO,NO,29.8,10.5,45.5,N/A,N/A,N/A,N/A,N/A,N/A,N/A,5.1,YES,4,NO,N/A,NO,N/A
2022,16,Washoe,16274.1,Hunsberger ES,Regular,76.67,Not Rated,NO,82.6,79.4,60.7,YES,YES,NO,NO,NO,66.9,59.2,-,N/A,N/A,N/A,N/A,N/A,N/A,N/A,<5,NO,N/A,NO,N/A,NO,N/A
2022,16,Washoe,16275.1,Bennett ES,Regular,20.5,Not Rated,YES,18.2,17.8,<5,YES,YES,NO,NO,NO,39.6,14,31.2,N/A,N/A,N/A,N/A,N/A,N/A,N/A,11.3,NO,N/A,YES,3,YES,3
2022,16,Washoe,16276.1,Van Gorder ES,Regular,78,Not Rated,NO,71.3,67.9,49.4,YES,YES,NO,NO,NO,67.5,48.1,81.8,N/A,N/A,N/A,N/A,N/A,N/A,N/A,6.6,NO,N/A,NO,N/A,NO,N/A
2022,16,Washoe,16278.1,Bailey CH ES,District Charter,17.5,Not Rated,YES,17.5,10.1,<5,YES,YES,NO,NO,NO,31.6,24,10.1,N/A,N/A,N/A,N/A,N/A,N/A,N/A,46.7,NO,N/A,NO,N/A,NO,N/A
2022,16,Washoe,16279.1,Coral Acad-South ES,District Charter,93,Not Rated,NO,67.1,74.3,N/A,YES,YES,NO,NO,NO,86.1,78.3,52.9,N/A,N/A,N/A,N/A,N/A,N/A,N/A,12.4,NO,N/A,NO,N/A,NO,N/A
2022,16,Washoe,16281.1,Mariposa CS ES,District Charter,83,Not Rated,YES,48.6,39.1,13.6,YES,YES,NO,NO,NO,72.3,59.5,59.5,N/A,N/A,N/A,N/A,N/A,N/A,N/A,<5,YES,4,NO,N/A,NO,N/A
2022,16,Washoe,16282.1,High Desert CS ES,District Charter,26,Not Rated,NO,33.3,17.5,6.4,YES,YES,NO,NO,NO,43.9,23,6.6,N/A,N/A,N/A,N/A,N/A,N/A,N/A,13.7,NO,N/A,NO,N/A,NO,N/A
2022,16,Washoe,16282.2,High Desert CS MS,District Charter,47.22,Not Rated,NO,45.4,14,34.4,YES,YES,YES,NO,NO,44,19.6,-,87,N/A,N/A,N/A,N/A,N/A,N/A,18.4,NO,N/A,NO,N/A,NO,N/A
2022,16,Washoe,16301.2,Clayton Academy MS,Regular,42,Not Rated,NO,47.8,25.1,49.5,YES,YES,NO,NO,NO,46.4,24,24.4,85.3,N/A,N/A,N/A,N/A,N/A,N/A,26.1,NO,N/A,YES,2,YES,2
2022,16,Washoe,16302.2,Pine MS,Regular,48,Not Rated,YES,45.1,23.2,35.1,YES,YES,NO,NO,NO,48.9,23.9,9,81,N/A,N/A,N/A,N/A,N/A,N/A,18.7,NO,N/A,YES,3,YES,3
2022,16,Washoe,16303.2,Swope MS,Regular,70.5,Not Rated,NO,75.4,53.5,62.4,NO,YES,YES,NO,NO,67.6,47.6,23,>95,N/A,N/A,N/A,N/A,N/A,N/A,17,NO,N/A,YES,3,YES,3
2022,16,Washoe,16304.2,Vaughn MS,Regular,14,Not Rated,YES,23.1,8.5,20.8,YES,YES,NO,NO,NO,25.1,10.6,7.9,80.7,N/A,N/A,N/A,N/A,N/A,N/A,40.4,YES,4,NO,N/A,NO,N/A
2022,16,Washoe,16305.2,Traner MS,Regular,16,Not Rated,YES,17.9,7.2,12.2,YES,YES,NO,NO,NO,24,8.9,12.2,88.5,N/A,N/A,N/A,N/A,N/A,N/A,34.6,YES,4,NO,N/A,NO,N/A
2022,16,Washoe,16306.2,Dilworth MS,Regular,21.5,Not Rated,YES,24.9,14.1,23.9,YES,YES,NO,NO,NO,25.5,15.6,22.7,>95,N/A,N/A,N/A,N/A,N/A,N/A,26.1,NO,N/A,YES,3,YES,3
2022,16,Washoe,16307.2,Sparks MS,Regular,18,Not Rated,YES,22,8.9,19.2,YES,YES,NO,NO,NO,23.9,11.5,19.2,>95,N/A,N/A,N/A,N/A,N/A,N/A,28.1,NO,N/A,YES,3,YES,3
2022,16,Washoe,16308.2,OBrien MS,Regular,12,Not Rated,YES,26.8,9.8,25.8,YES,YES,YES,NO,NO,28.5,8.2,5.4,74.4,N/A,N/A,N/A,N/A,N/A,N/A,26.7,NO,N/A,YES,3,YES,3
2022,16,Washoe,16309.2,Incline MS,Regular,79,Not Rated,NO,52.6,35.3,35.4,NO,NO,YES,NO,NO,60.3,43.5,21,>95,N/A,N/A,N/A,N/A,N/A,N/A,17.5,NO,N/A,YES,2,YES,2
2022,16,Washoe,16310.2,Billinghurst MS,Regular,62.5,Not Rated,NO,53.5,40.9,42.8,YES,YES,YES,NO,NO,51.5,42.8,15.1,89.4,N/A,N/A,N/A,N/A,N/A,N/A,18.2,NO,N/A,YES,3,YES,3
2022,16,Washoe,16311.2,Mendive MS,Regular,48,Not Rated,NO,42,21.8,28.5,YES,YES,NO,NO,NO,43.1,20.5,41.1,78.3,N/A,N/A,N/A,N/A,N/A,N/A,15.1,NO,N/A,YES,1,YES,1
2022,16,Washoe,16312.3,Coral Acad HS,District Charter,93.5,Not Rated,NO,77.9,44,52.6,YES,YES,NO,NO,NO,N/A,N/A,8.3,N/A,93.6,86.2,56.2,80.4,>95,>95,<5,NO,N/A,NO,N/A,NO,N/A
2022,16,Washoe,16315.2,Depoali MS,Regular,81.5,Not Rated,NO,62.6,44.3,60.3,YES,YES,NO,NO,NO,64.7,43.3,26.9,91.4,N/A,N/A,N/A,N/A,N/A,N/A,15.3,NO,N/A,NO,N/A,NO,N/A
2022,16,Washoe,16316.2,Shaw MS,Regular,72.5,Not Rated,NO,59.5,45.3,43.5,YES,YES,NO,NO,NO,55.8,41.9,20,84.2,N/A,N/A,N/A,N/A,N/A,N/A,12.3,NO,N/A,YES,3,YES,3
2022,16,Washoe,16317.2,Cold Springs MS,Regular,37,Not Rated,NO,38.3,16.5,36.1,YES,YES,NO,NO,NO,41.8,21.2,5.2,78.5,N/A,N/A,N/A,N/A,N/A,N/A,27.6,NO,N/A,YES,3,YES,3
2022,16,Washoe,16318.1,Coral Acad ES,District Charter,42,Not Rated,NO,43.4,42.2,N/A,YES,YES,NO,NO,NO,43,38.8,45.8,N/A,N/A,N/A,N/A,N/A,N/A,N/A,6.7,NO,N/A,NO,N/A,NO,N/A
2022,16,Washoe,16319.2,Sky Ranch MS,Regular,70.5,Not Rated,NO,62.4,43.3,55.8,YES,YES,NO,NO,NO,62.2,42,<5,85,N/A,N/A,N/A,N/A,N/A,N/A,15.1,NO,N/A,NO,N/A,NO,N/A
2022,16,Washoe,16320.2,Coral Academy MS,District Charter,85,Not Rated,NO,63,40.1,53.1,YES,YES,NO,NO,NO,61.6,45.5,45.8,73.5,N/A,N/A,N/A,N/A,N/A,N/A,<5,NO,N/A,NO,N/A,NO,N/A
2022,16,Washoe,16321.2,Desert Skies MS,Regular,25.5,Not Rated,YES,26.5,9.1,16.3,YES,YES,NO,NO,NO,34.1,12.6,11.2,94.8,N/A,N/A,N/A,N/A,N/A,N/A,35.4,NO,N/A,NO,N/A,NO,N/A
2022,16,Washoe,16322.2,Herz MS,Regular,81.67,Not Rated,NO,65.4,47.7,58.1,YES,YES,NO,NO,NO,61.1,41.4,-,93.6,N/A,N/A,N/A,N/A,N/A,N/A,10.3,NO,N/A,NO,N/A,NO,N/A
2022,16,Washoe,16501.3,Wooster HS,Regular,51,Not Rated,NO,32,14.9,17.8,YES,YES,NO,NO,NO,N/A,N/A,9.6,N/A,80,65.3,40.1,48.5,82.7,85.5,51.1,NO,N/A,YES,2,YES,2
2022,16,Washoe,16502.3,Reno HS,Regular,87,Not Rated,NO,72.4,50.5,44.6,YES,YES,NO,NO,NO,N/A,N/A,16.6,N/A,83.7,69.7,55.2,71.2,90.9,93.3,22.2,NO,N/A,NO,N/A,NO,N/A
2022,16,Washoe,16503.3,Sparks HS,Regular,40.5,Not Rated,YES,10.5,6.8,10.4,YES,YES,NO,NO,NO,N/A,N/A,7.5,N/A,78.7,52.7,18.2,34.6,85.9,89.4,43.6,NO,N/A,YES,2,YES,2
2022,16,Washoe,16504.3,Hug HS,Regular,45.5,Not Rated,YES,21.7,8.7,17.6,YES,YES,NO,NO,NO,N/A,N/A,8.1,N/A,76.7,66.7,30,42.3,83.5,84.1,58.6,NO,N/A,YES,2,YES,2
2022,16,Washoe,16505.3,Reed HS,Regular,62.5,Not Rated,NO,56.2,26.8,28,YES,YES,NO,NO,NO,N/A,N/A,18,N/A,76.4,64.8,38.3,44.9,82,88.2,25.9,NO,N/A,YES,2,YES,2
2022,16,Washoe,16507.1,Inspire Academy ES,Alternative,N/A,Not Rated,YES,N/A,N/A,N/A,-,-,NO,NO,NO,N/A,N/A,N/A,N/A,N/A,N/A,N/A,N/A,N/A,N/A,N/A,NO,N/A,NO,N/A,NO,N/A
2022,16,Washoe,16507.2,Inspire Academy MS,Alternative,66.67,Not Rated,YES,-,-,-,NO,NO,YES,NO,NO,-,-,N/A,80,N/A,N/A,N/A,N/A,N/A,N/A,-,NO,N/A,NO,N/A,NO,N/A
2022,16,Washoe,16507.3,Inspire Academy HS,Alternative,1.82,Not Rated,YES,-,-,-,-,N/A,NO,NO,NO,N/A,N/A,-,N/A,-,15.3,<4.5,-,14.8,25,46.6,YES,4,NO,N/A,NO,N/A
2022,16,Washoe,16508.3,McQueen HS,Regular,80,Not Rated,NO,69.4,35.6,41.8,YES,YES,NO,NO,NO,N/A,N/A,7.1,N/A,93.1,73.7,41.5,55.9,91.1,>95,26.7,NO,N/A,YES,2,NO,N/A
2022,16,Washoe,16509.3,Galena HS,Regular,84.5,Not Rated,NO,65,46.3,38.7,YES,YES,NO,NO,NO,N/A,N/A,<5,N/A,96.7,79.2,60.1,61.3,92,90,16.6,NO,N/A,YES,1,YES,1
2022,16,Washoe,16510.3,Innovations HS,Alternative,31.18,Not Rated,NO,21.7,8.6,-,YES,YES,NO,NO,NO,N/A,N/A,-,N/A,46.1,28.5,4.7,16.6,81.8,>95,57.2,YES,4,NO,N/A,NO,N/A
2022,16,Washoe,16601.1,Gerlach K 12 ES,Regular,100,Not Rated,NO,N/A,N/A,N/A,-,-,NO,NO,NO,N/A,N/A,N/A,N/A,N/A,N/A,N/A,N/A,N/A,N/A,<5,NO,N/A,NO,N/A,NO,N/A
2022,16,Washoe,16601.2,Gerlach K 12 MS,Regular,N/A,Not Rated,NO,N/A,N/A,N/A,-,-,NO,NO,NO,N/A,N/A,N/A,N/A,N/A,N/A,N/A,N/A,N/A,N/A,-,NO,N/A,NO,N/A,NO,N/A
2022,16,Washoe,16601.3,Gerlach K 12 HS,Regular,N/A,Not Rated,NO,-,-,N/A,-,-,NO,NO,NO,N/A,N/A,N/A,N/A,-,-,-,-,-,-,-,NO,N/A,NO,N/A,NO,N/A
2022,16,Washoe,16602.3,Incline HS,Regular,77,Not Rated,NO,41,24.6,33.3,YES,YES,NO,NO,NO,N/A,N/A,11.1,N/A,98.7,80,60,53.6,94.2,>95,19.3,NO,N/A,NO,N/A,NO,N/A
2022,16,Washoe,16603.3,TMCC Magnet HS,Regular,95.88,Not Rated,NO,>95,73.6,90,YES,YES,NO,NO,NO,N/A,N/A,-,N/A,N/A,>95,>95,68.7,>95,>95,18.4,NO,N/A,NO,N/A,NO,N/A
2022,16,Washoe,16605.1,Sierra NV Acad CS ES,District Charter,16.11,Not Rated,NO,17.7,12.6,<5,YES,YES,NO,NO,NO,37.5,25,-,N/A,N/A,N/A,N/A,N/A,N/A,N/A,35.2,NO,N/A,YES,2,YES,2
2022,16,Washoe,16605.2,Sierra NV Acad CS MS,District Charter,37.22,Not Rated,NO,34,10.2,33.3,YES,YES,NO,NO,NO,42.1,14.4,-,>95,N/A,N/A,N/A,N/A,N/A,N/A,25.2,NO,N/A,NO,N/A,NO,N/A
2022,16,Washoe,16605.3,Sierra NV Acad CS HS,District Charter,10,Not Rated,NO,N/A,N/A,-,N/A,N/A,NO,NO,NO,N/A,N/A,N/A,N/A,10,N/A,N/A,N/A,N/A,N/A,46.6,NO,N/A,NO,N/A,NO,N/A
2022,16,Washoe,16606.3,Spanish Springs HS,Regular,66.5,Not Rated,NO,55.6,22.6,25,YES,YES,NO,NO,NO,N/A,N/A,10.7,N/A,83.8,69.9,44.8,43.8,85.4,90.6,29.1,NO,N/A,YES,2,YES,2
2022,16,Washoe,16607.3,North Valleys HS,Regular,42,Not Rated,NO,24.9,10,17.1,YES,YES,NO,NO,NO,N/A,N/A,11.1,N/A,78.3,59.3,21.8,28.9,81.5,86.1,42.8,NO,N/A,YES,2,YES,2
2022,16,Washoe,16608.3,ACE ACAD HS,District Charter,77.5,Not Rated,NO,30.6,14.2,39.5,YES,YES,NO,NO,NO,N/A,N/A,15,N/A,100,>95,79.5,45.2,>95,>95,18.6,NO,N/A,NO,N/A,NO,N/A
2022,16,Washoe,16609.3,Damonte Ranch HS,Regular,79.5,Not Rated,NO,69.6,36.8,38.2,YES,YES,NO,NO,NO,N/A,N/A,12.2,N/A,81.5,76.3,44.8,52.2,88.2,93.1,27.6,NO,N/A,NO,N/A,NO,N/A
2022,16,Washoe,16610.3,enCompass CS HS,District Charter,27.78,Not Rated,YES,23.5,<5,22.2,YES,YES,NO,NO,NO,N/A,N/A,-,N/A,75,27.5,<4.5,36.3,81.4,75.8,49,YES,4,NO,N/A,NO,N/A
2022,16,Washoe,16611.3,Arts Careers Tech HS,Regular,95.56,Not Rated,NO,68.4,37.8,67.3,YES,YES,NO,NO,NO,N/A,N/A,-,N/A,100,>95,>95,84.4,>95,>95,11.8,NO,N/A,NO,N/A,NO,N/A
2022,16,Washoe,16911.1,Picollo K 12 ES,Special Education,3.33,Not Rated,YES,-,-,-,-,N/A,YES,NO,NO,N/A,N/A,N/A,N/A,N/A,N/A,N/A,N/A,N/A,N/A,55,YES,2,NO,N/A,NO,N/A
2022,16,Washoe,16911.2,Picollo K 12 MS,Special Education,8.11,Not Rated,YES,-,-,-,-,N/A,YES,NO,NO,N/A,N/A,N/A,-,N/A,N/A,N/A,N/A,N/A,N/A,46.6,YES,2,NO,N/A,NO,N/A
2022,16,Washoe,16911.3,Picollo K 12 HS,Special Education,0,Not Rated,YES,-,-,-,-,-,YES,NO,NO,N/A,N/A,N/A,N/A,-,-,-,N/A,-,-,45,NO,N/A,NO,N/A,NO,N/A
2022,16,Washoe,16917.1,Turning Point ES,Alternative,3.33,Not Rated,YES,-,-,-,-,N/A,NO,NO,NO,-,-,N/A,N/A,N/A,N/A,N/A,N/A,N/A,N/A,50,NO,N/A,NO,N/A,NO,N/A
2022,16,Washoe,16917.2,Turning Point MS,Alternative,N/A,Not Rated,YES,-,-,N/A,-,N/A,NO,NO,NO,-,-,N/A,-,N/A,N/A,N/A,N/A,N/A,N/A,-,NO,N/A,NO,N/A,NO,N/A
2022,16,Washoe,16917.3,Turning Point HS,Alternative,0,Not Rated,YES,-,-,-,-,-,NO,NO,NO,N/A,N/A,-,N/A,-,-,-,-,-,-,64.2,YES,3,NO,N/A,NO,N/A
2022,16,Washoe,16923.1,North Star Online ES,Alternative,55.5,Not Rated,NO,45,29.1,35.5,NO,NO,YES,NO,NO,55.3,35.3,63.6,N/A,N/A,N/A,N/A,N/A,N/A,N/A,<5,NO,N/A,NO,N/A,NO,N/A
2022,16,Washoe,16923.2,North Star Online MS,Alternative,53.33,Not Rated,NO,55.2,27.3,64.6,NO,NO,YES,NO,NO,59.6,27.6,-,83.1,N/A,N/A,N/A,N/A,N/A,N/A,5.3,NO,N/A,NO,N/A,NO,N/A
2022,16,Washoe,16923.3,North Star Online HS,Alternative,63.89,Not Rated,NO,56.9,18.6,54.6,YES,YES,NO,NO,NO,N/A,N/A,-,N/A,72.2,45,14.7,45.8,>95,>95,18.9,NO,N/A,NO,N/A,NO,N/A
2022,17,White Pine,17101.1,Lund ES,Regular,18.82,Not Rated,NO,33.3,29.6,-,YES,YES,NO,NO,NO,38.8,5.5,-,N/A,N/A,N/A,N/A,N/A,N/A,N/A,14.8,YES,4,NO,N/A,NO,N/A
2022,17,White Pine,17103.1,Baker ES,Regular,27.27,Not Rated,NO,33.2,16.6,-,-,N/A,YES,NO,NO,54.5,27.2,-,N/A,N/A,N/A,N/A,N/A,N/A,N/A,-,NO,N/A,NO,N/A,NO,N/A
2022,17,White Pine,17201.1,Norman ES,Regular,18.33,Not Rated,YES,28.2,27.7,16.6,YES,YES,NO,NO,NO,29.3,27.5,-,N/A,N/A,N/A,N/A,N/A,N/A,N/A,18.1,YES,3,NO,N/A,NO,N/A
2022,17,White Pine,17203.1,McGill ES,Regular,31.67,Not Rated,YES,30.9,19,6.6,YES,YES,NO,NO,NO,42.3,34.6,N/A,N/A,N/A,N/A,N/A,N/A,N/A,N/A,18.4,NO,N/A,NO,N/A,NO,N/A
2022,17,White Pine,17301.2,White Pine MS,Regular,70,Not Rated,YES,42.5,28,48.6,YES,YES,NO,NO,NO,50.7,37.3,-,>95,N/A,N/A,N/A,N/A,N/A,N/A,22.9,NO,N/A,YES,3,YES,3
2022,17,White Pine,17502.3,White Pine HS,Regular,71.67,Not Rated,NO,42,15.7,23.9,YES,YES,NO,NO,NO,N/A,N/A,-,N/A,98.1,88.2,51.4,36.4,>95,94.2,30.9,NO,N/A,NO,N/A,NO,N/A
2022,17,White Pine,17601.2,Lund JSHS MS,Regular,32.76,Not Rated,NO,38.4,19.2,-,YES,YES,NO,NO,NO,36,12,N/A,-,N/A,N/A,N/A,N/A,N/A,N/A,<5,YES,2,NO,N/A,NO,N/A
2022,17,White Pine,17601.3,Lund JSHS HS,Regular,15,Not Rated,NO,-,-,9.5,-,-,NO,NO,NO,N/A,N/A,N/A,N/A,-,-,-,-,-,-,20.6,YES,3,NO,N/A,NO,N/A
2022,17,White Pine,17903.3,Steptoe Valley HS,Alternative,8.18,Not Rated,NO,-,-,-,-,N/A,NO,NO,NO,N/A,N/A,N/A,N/A,-,57.1,<4.5,-,52.9,46.6,75,YES,4,NO,N/A,NO,N/A
2022,18,"State Public Charter School Authority ",38435.1,Freedom Class ACAD ES,SPCSA,35,Not Rated,NO,39,38.8,16.6,YES,YES,YES,NO,NO,48,41.5,33.3,N/A,N/A,N/A,N/A,N/A,N/A,N/A,35.1,NO,N/A,YES,2,YES,2
2022,18,"State Public Charter School Authority ",38435.2,Freedom Class ACAD MS,SPCSA,70,Not Rated,NO,49.3,30.4,29.1,YES,YES,NO,NO,NO,57.1,35.1,27,>95,N/A,N/A,N/A,N/A,N/A,N/A,<5,NO,N/A,NO,N/A,NO,N/A
2022,18,"State Public Charter School Authority ",39438.1,Legacy N Valley ES,SPCSA,34.5,Not Rated,NO,40.4,29,19.4,YES,YES,YES,NO,NO,47.9,36.7,30.6,N/A,N/A,N/A,N/A,N/A,N/A,N/A,37.5,NO,N/A,NO,N/A,NO,N/A
2022,18,"State Public Charter School Authority ",39438.2,Legacy N Valley MS,SPCSA,51.5,Not Rated,NO,44.7,21.9,32,YES,YES,NO,NO,NO,49.5,26.5,22.2,63.5,N/A,N/A,N/A,N/A,N/A,N/A,33.3,NO,N/A,NO,N/A,NO,N/A
2022,18,"State Public Charter School Authority ",39439.1,Legacy Cadence ES,SPCSA,23.5,Not Rated,NO,46.5,27.2,18.3,YES,YES,NO,NO,NO,45.5,20.3,40,N/A,N/A,N/A,N/A,N/A,N/A,N/A,39.8,NO,N/A,NO,N/A,NO,N/A
2022,18,"State Public Charter School Authority ",39439.2,Legacy Cadence MS,SPCSA,59.5,Not Rated,NO,62.1,27,47.6,YES,YES,NO,NO,NO,60.4,30,21.4,75.7,N/A,N/A,N/A,N/A,N/A,N/A,40.3,NO,N/A,NO,N/A,NO,N/A
2022,18,"State Public Charter School Authority ",39440.1,Legacy SW ES,SPCSA,69.5,Not Rated,NO,64.3,52.5,25.2,YES,YES,NO,NO,NO,63.5,50.7,44.2,N/A,N/A,N/A,N/A,N/A,N/A,N/A,26,NO,N/A,NO,N/A,NO,N/A
2022,18,"State Public Charter School Authority ",39440.2,Legacy SW MS,SPCSA,73,Not Rated,NO,67.4,42,49.6,YES,YES,NO,NO,NO,66.2,46.2,10.5,77,N/A,N/A,N/A,N/A,N/A,N/A,31.6,NO,N/A,NO,N/A,NO,N/A
2022,18,"State Public Charter School Authority ",43100.1,Futuro ACAD ES,SPCSA,20,Not Rated,YES,23,12.7,<5,NO,NO,YES,NO,NO,44.4,20.4,26,N/A,N/A,N/A,N/A,N/A,N/A,N/A,51.7,NO,N/A,NO,N/A,NO,N/A
2022,18,"State Public Charter School Authority ",44437.1,Mater Northern NV ES,SPCSA,64,Not Rated,YES,25.8,34.2,<5,YES,YES,NO,NO,NO,53.9,53.4,45.3,N/A,N/A,N/A,N/A,N/A,N/A,N/A,7.5,YES,3,NO,N/A,NO,N/A
2022,18,"State Public Charter School Authority ",44437.2,Mater Northern NV MS,SPCSA,55.5,Not Rated,YES,32.3,26.9,24.4,YES,YES,NO,NO,NO,35.9,29.2,21,>95,N/A,N/A,N/A,N/A,N/A,N/A,7.4,NO,N/A,NO,N/A,NO,N/A
2022,18,"State Public Charter School Authority ",46100.1,DP Agassi ES,SPCSA,46.5,Not Rated,YES,34.2,20.1,13.3,NO,NO,YES,NO,NO,48.4,44.7,40.4,N/A,N/A,N/A,N/A,N/A,N/A,N/A,39.2,NO,N/A,NO,N/A,NO,N/A
2022,18,"State Public Charter School Authority ",46200.2,DP Agassi MS,SPCSA,57.5,Not Rated,YES,31.1,18.5,34.3,NO,NO,YES,NO,NO,52.5,35.5,8.3,90.8,N/A,N/A,N/A,N/A,N/A,N/A,50.5,NO,N/A,NO,N/A,NO,N/A
2022,18,"State Public Charter School Authority ",46300.3,DP Agassi  HS,SPCSA,45.26,Not Rated,YES,43.7,10.2,-,YES,YES,NO,NO,NO,N/A,N/A,10.5,N/A,85.6,5,<4.5,<5,86.4,93.9,35.9,NO,N/A,NO,N/A,NO,N/A
2022,18,"State Public Charter School Authority ",47434.1,SLAM ES,SPCSA,60,Not Rated,YES,36.1,31,10.8,YES,YES,NO,NO,NO,64.7,61.3,36.3,N/A,N/A,N/A,N/A,N/A,N/A,N/A,31,NO,N/A,NO,N/A,NO,N/A
2022,18,"State Public Charter School Authority ",47434.2,SLAM MS,SPCSA,57.5,Not Rated,YES,38.4,26.4,21.1,YES,YES,NO,NO,NO,43.2,33.3,30,85.1,N/A,N/A,N/A,N/A,N/A,N/A,31.1,NO,N/A,YES,3,YES,3
2022,18,"State Public Charter School Authority ",47434.3,SLAM HS,SPCSA,73.5,Not Rated,YES,45.7,7.4,13.4,YES,YES,NO,NO,NO,N/A,N/A,20.9,N/A,93.7,80.1,69.3,32.2,>95,94.3,39.3,NO,N/A,NO,N/A,NO,N/A
2022,18,"State Public Charter School Authority ",48433.2,Equipo ACAD MS,SPCSA,68.5,Not Rated,YES,39.6,16.7,14.6,YES,YES,NO,NO,NO,54.5,27.7,10,>95,N/A,N/A,N/A,N/A,N/A,N/A,<5,NO,N/A,NO,N/A,NO,N/A
2022,18,"State Public Charter School Authority ",48433.3,Equipo ACAD HS,SPCSA,69.5,Not Rated,YES,38.4,6.7,14.2,YES,YES,NO,NO,NO,N/A,N/A,10.1,N/A,97.6,>95,40.4,>95,87.3,>95,<5,NO,N/A,NO,N/A,NO,N/A
2022,18,"State Public Charter School Authority ",49432.1,Mater Mtn Vista  ES,SPCSA,61,Not Rated,YES,41.3,45.4,25,YES,YES,NO,NO,NO,51.7,49.5,50,N/A,N/A,N/A,N/A,N/A,N/A,N/A,<5,NO,N/A,NO,N/A,NO,N/A
2022,18,"State Public Charter School Authority ",49432.2,Mater Mtn Vista  MS,SPCSA,85.5,Not Rated,YES,57.5,35.3,34.1,YES,YES,NO,NO,NO,61.7,39.3,31.6,>95,N/A,N/A,N/A,N/A,N/A,N/A,<5,NO,N/A,NO,N/A,NO,N/A
2022,18,"State Public Charter School Authority ",49433.1,Mater Bonanza ES,SPCSA,48.5,Not Rated,YES,41,34.6,20.5,YES,YES,NO,NO,NO,48.5,39.7,40,N/A,N/A,N/A,N/A,N/A,N/A,N/A,8.2,YES,3,NO,N/A,NO,N/A
2022,18,"State Public Charter School Authority ",49433.2,Mater Bonanza MS,SPCSA,47,Not Rated,YES,36.4,15.7,17.3,YES,YES,NO,NO,NO,40.4,20.1,19,>95,N/A,N/A,N/A,N/A,N/A,N/A,6.7,NO,N/A,NO,N/A,NO,N/A
2022,18,"State Public Charter School Authority ",49434.1,Mater East ES,SPCSA,26.5,Not Rated,YES,33.3,26.6,19.8,YES,YES,NO,NO,NO,41.4,25.1,28.3,N/A,N/A,N/A,N/A,N/A,N/A,N/A,8.1,NO,N/A,NO,N/A,NO,N/A
2022,18,"State Public Charter School Authority ",49434.2,Mater East MS,SPCSA,46,Not Rated,YES,37.2,14.9,26.4,YES,YES,NO,NO,NO,42.7,17.2,17,>95,N/A,N/A,N/A,N/A,N/A,N/A,<5,NO,N/A,NO,N/A,NO,N/A
2022,18,"State Public Charter School Authority ",49434.3,Mater East HS,SPCSA,58,Not Rated,YES,N/A,N/A,14.1,N/A,N/A,NO,NO,NO,N/A,N/A,8.7,N/A,100,N/A,N/A,N/A,N/A,N/A,7.8,NO,N/A,NO,N/A,NO,N/A
2022,18,"State Public Charter School Authority ",50431.1,Amplus Durango ES,SPCSA,76.5,Not Rated,NO,63.5,59.2,61,YES,YES,NO,NO,NO,64.3,58.8,25,N/A,N/A,N/A,N/A,N/A,N/A,N/A,17.6,NO,N/A,NO,N/A,NO,N/A
2022,18,"State Public Charter School Authority ",50431.2,Amplus Durango MS,SPCSA,87,Not Rated,NO,66.3,44.8,52.9,YES,YES,NO,NO,NO,66.9,48.3,35.7,87,N/A,N/A,N/A,N/A,N/A,N/A,14.8,NO,N/A,NO,N/A,NO,N/A
2022,18,"State Public Charter School Authority ",50431.3,Amplus Durango HS,SPCSA,80.5,Not Rated,NO,60.5,36.8,42,YES,YES,NO,NO,NO,N/A,N/A,14.2,N/A,99.2,73.2,23.2,67.9,>95,>95,23.1,YES,2,NO,N/A,NO,N/A
2022,18,"State Public Charter School Authority ",50432.1,Amplus Rainbow ES,SPCSA,82,Not Rated,NO,67.9,59.5,38.8,YES,YES,NO,NO,NO,66.4,50,50.6,N/A,N/A,N/A,N/A,N/A,N/A,N/A,11.3,NO,N/A,NO,N/A,NO,N/A
2022,18,"State Public Charter School Authority ",51430.1,Founders ACAD ES,SPCSA,55,Not Rated,NO,42.9,46.1,12.1,YES,YES,NO,NO,NO,46,63.8,31.7,N/A,N/A,N/A,N/A,N/A,N/A,N/A,15.8,NO,N/A,NO,N/A,NO,N/A
2022,18,"State Public Charter School Authority ",51430.2,Founders ACAD MS,SPCSA,63.89,Not Rated,NO,56.8,33.1,21,YES,YES,NO,NO,NO,50.7,37.4,-,70.1,N/A,N/A,N/A,N/A,N/A,N/A,15.2,NO,N/A,NO,N/A,NO,N/A
2022,18,"State Public Charter School Authority ",51430.3,Founders ACAD HS,SPCSA,68.89,Not Rated,NO,70.3,33.3,34.7,YES,YES,NO,NO,NO,N/A,N/A,-,N/A,94.2,16.6,6.6,53.3,93.7,>95,15.7,NO,N/A,NO,N/A,NO,N/A
2022,18,"State Public Charter School Authority ",52429.2,Leadership ACAD MS,SPCSA,75.56,Not Rated,NO,61.9,37.9,48.1,NO,NO,YES,NO,NO,65,37.9,N/A,73.6,N/A,N/A,N/A,N/A,N/A,N/A,<5,NO,N/A,NO,N/A,NO,N/A
2022,18,"State Public Charter School Authority ",52429.3,Leadership ACAD HS,SPCSA,81.67,Not Rated,NO,80,40,41.1,-,N/A,NO,NO,NO,N/A,N/A,N/A,N/A,72.3,53.8,46.1,50,>95,>95,<5,NO,N/A,NO,N/A,NO,N/A
2022,18,"State Public Charter School Authority ",54428.1,Learning Bridge ES,SPCSA,16.11,Not Rated,NO,37,33.8,13.6,YES,YES,NO,NO,NO,26.8,12.1,-,N/A,N/A,N/A,N/A,N/A,N/A,N/A,15.3,NO,N/A,NO,N/A,NO,N/A
2022,18,"State Public Charter School Authority ",54428.2,Learning Bridge MS,SPCSA,63.33,Not Rated,NO,59.3,44,58.8,YES,YES,NO,NO,NO,56.1,36.8,-,>95,N/A,N/A,N/A,N/A,N/A,N/A,25.3,NO,N/A,NO,N/A,NO,N/A
2022,18,"State Public Charter School Authority ",55200.1,Doral Cactus  ES,SPCSA,89.5,Not Rated,NO,69.9,64.7,36,YES,YES,NO,NO,NO,66.3,62.8,55.5,N/A,N/A,N/A,N/A,N/A,N/A,N/A,7.3,NO,N/A,NO,N/A,NO,N/A
2022,18,"State Public Charter School Authority ",55200.2,Doral Cactus  MS,SPCSA,96.11,Not Rated,NO,77,48.5,53.3,YES,YES,NO,NO,NO,77,50.3,-,>95,N/A,N/A,N/A,N/A,N/A,N/A,9.8,NO,N/A,NO,N/A,NO,N/A
2022,18,"State Public Charter School Authority ",55201.1,Doral Fire Mesa ES,SPCSA,61,Not Rated,NO,62.5,47.7,37.3,YES,YES,NO,NO,NO,57.8,42.8,25,N/A,N/A,N/A,N/A,N/A,N/A,N/A,13.4,NO,N/A,NO,N/A,NO,N/A
2022,18,"State Public Charter School Authority ",55201.2,Doral Fire Mesa MS,SPCSA,82.22,Not Rated,NO,61.1,31.9,49.5,YES,YES,NO,NO,NO,61.1,37.8,-,>95,N/A,N/A,N/A,N/A,N/A,N/A,18,NO,N/A,NO,N/A,NO,N/A
2022,18,"State Public Charter School Authority ",55202.1,Doral Red Rock ES,SPCSA,89,Not Rated,NO,69.6,66.6,43.7,YES,YES,NO,NO,NO,69.5,72.8,50,N/A,N/A,N/A,N/A,N/A,N/A,N/A,16.8,NO,N/A,NO,N/A,NO,N/A
2022,18,"State Public Charter School Authority ",55202.2,Doral Red Rock MS,SPCSA,90,Not Rated,NO,73.8,52.2,72.7,YES,YES,NO,NO,NO,72.5,56.6,-,>95,N/A,N/A,N/A,N/A,N/A,N/A,20.4,NO,N/A,NO,N/A,NO,N/A
2022,18,"State Public Charter School Authority ",55202.3,Doral Red Rock HS,SPCSA,76,Not Rated,NO,48.6,18.1,34.9,YES,YES,NO,NO,NO,N/A,N/A,42.8,N/A,96.8,74.5,28.9,54.8,>95,>95,33.2,NO,N/A,NO,N/A,NO,N/A
2022,18,"State Public Charter School Authority ",55203.1,Doral Saddle ES,SPCSA,84.5,Not Rated,NO,69.1,58.6,39.6,YES,YES,NO,NO,NO,63.3,61.7,44.4,N/A,N/A,N/A,N/A,N/A,N/A,N/A,11.4,NO,N/A,NO,N/A,NO,N/A
2022,18,"State Public Charter School Authority ",55203.2,Doral Saddle MS,SPCSA,85.56,Not Rated,NO,62,41.7,50.8,YES,YES,NO,NO,NO,60,45.4,-,>95,N/A,N/A,N/A,N/A,N/A,N/A,13.5,NO,N/A,NO,N/A,NO,N/A
2022,18,"State Public Charter School Authority ",55204.1,Doral W Pebble ES,SPCSA,87.5,Not Rated,NO,65.6,64.2,37.6,YES,YES,NO,NO,NO,66.6,64.6,39.4,N/A,N/A,N/A,N/A,N/A,N/A,N/A,9,NO,N/A,NO,N/A,NO,N/A
2022,18,"State Public Charter School Authority ",55204.2,Doral W Pebble MS,SPCSA,89.44,Not Rated,NO,70,48.9,57.6,YES,YES,NO,NO,NO,70.4,46.5,-,92.3,N/A,N/A,N/A,N/A,N/A,N/A,9,NO,N/A,NO,N/A,NO,N/A
2022,18,"State Public Charter School Authority ",57424.1,Honors ACAD ES,SPCSA,38.89,Not Rated,NO,46.5,30.9,35.2,YES,YES,NO,NO,NO,45.7,30.5,-,N/A,N/A,N/A,N/A,N/A,N/A,N/A,15.1,NO,N/A,NO,N/A,NO,N/A
2022,18,"State Public Charter School Authority ",57424.2,Honors ACAD MS,SPCSA,45,Not Rated,NO,36.7,23.7,36.3,YES,YES,NO,NO,NO,44.4,26.9,-,>95,N/A,N/A,N/A,N/A,N/A,N/A,10.5,NO,N/A,NO,N/A,NO,N/A
2022,18,"State Public Charter School Authority ",58422.1,Pinecrest Horizon ES,SPCSA,80.5,Not Rated,NO,70.1,68,38.6,YES,YES,NO,NO,NO,69.4,71,40,N/A,N/A,N/A,N/A,N/A,N/A,N/A,23.5,NO,N/A,NO,N/A,NO,N/A
2022,18,"State Public Charter School Authority ",58423.1,Pinecrest Cadence ES,SPCSA,83,Not Rated,NO,63,63,48.2,YES,YES,NO,NO,NO,69.1,69.1,52.6,N/A,N/A,N/A,N/A,N/A,N/A,N/A,22.8,NO,N/A,NO,N/A,NO,N/A
2022,18,"State Public Charter School Authority ",58423.2,Pinecrest Cadence MS,SPCSA,71,Not Rated,NO,55,49.3,45.2,YES,YES,NO,NO,NO,50.5,54,50,86.1,N/A,N/A,N/A,N/A,N/A,N/A,18.9,NO,N/A,YES,1,YES,1
2022,18,"State Public Charter School Authority ",58423.3,Pinecrest Cadence HS,SPCSA,87.22,Not Rated,NO,61.6,44.4,38,YES,YES,NO,NO,NO,N/A,N/A,-,N/A,89.6,67,60.9,57.8,91.9,>95,23.7,NO,N/A,NO,N/A,NO,N/A
2022,18,"State Public Charter School Authority ",58425.1,Pinecrest Inspirada ES,SPCSA,92.78,Not Rated,NO,85,84.8,64.5,YES,YES,NO,NO,NO,74.7,73,-,N/A,N/A,N/A,N/A,N/A,N/A,N/A,7.1,NO,N/A,NO,N/A,NO,N/A
2022,18,"State Public Charter School Authority ",58425.2,Pinecrest Inspirada MS,SPCSA,97.22,Not Rated,NO,84.4,76.2,72.8,YES,YES,NO,NO,NO,82.7,74.3,-,94.3,N/A,N/A,N/A,N/A,N/A,N/A,5.3,NO,N/A,NO,N/A,NO,N/A
2022,18,"State Public Charter School Authority ",58427.1,Pinecrest St Rose ES,SPCSA,83.5,Not Rated,NO,67.9,71.8,42.9,YES,YES,NO,NO,NO,58.8,66.9,60,N/A,N/A,N/A,N/A,N/A,N/A,N/A,12.6,NO,N/A,NO,N/A,NO,N/A
2022,18,"State Public Charter School Authority ",58427.2,Pinecrest St Rose MS,SPCSA,94.44,Not Rated,NO,77.1,52.7,63.7,YES,YES,NO,NO,NO,76.3,51.5,-,94.1,N/A,N/A,N/A,N/A,N/A,N/A,12.8,NO,N/A,NO,N/A,NO,N/A
2022,18,"State Public Charter School Authority ",58428.1,Pinecrest Sloan ES,SPCSA,92.5,Not Rated,NO,78,77.2,34.1,YES,YES,NO,NO,NO,70.5,70,80,N/A,N/A,N/A,N/A,N/A,N/A,N/A,7.2,NO,N/A,NO,N/A,NO,N/A
2022,18,"State Public Charter School Authority ",58428.2,Pinecrest Sloan MS,SPCSA,84.44,Not Rated,NO,71.5,49.5,54.1,YES,YES,NO,NO,NO,68.7,44.6,-,93.4,N/A,N/A,N/A,N/A,N/A,N/A,10.3,NO,N/A,NO,N/A,NO,N/A
2022,18,"State Public Charter School Authority ",58428.3,Pinecrest Sloan HS,SPCSA,88.89,Not Rated,NO,82.4,58,40.8,YES,YES,NO,NO,NO,N/A,N/A,40,N/A,92.6,N/A,N/A,N/A,N/A,N/A,14.7,NO,N/A,NO,N/A,NO,N/A
2022,18,"State Public Charter School Authority ",59119.1,Somerset NLV ES,SPCSA,50.5,Not Rated,YES,39.7,31.5,15.3,YES,YES,NO,NO,NO,56.4,44.5,43.8,N/A,N/A,N/A,N/A,N/A,N/A,N/A,22.3,NO,N/A,NO,N/A,NO,N/A
2022,18,"State Public Charter School Authority ",59119.2,Somerset NLV MS,SPCSA,48.5,Not Rated,YES,42.2,21,34,YES,YES,YES,NO,NO,47.6,23.7,24.1,94.8,N/A,N/A,N/A,N/A,N/A,N/A,28,NO,N/A,YES,1,YES,1
2022,18,"State Public Charter School Authority ",59120.1,Somerset Losee ES,SPCSA,51,Not Rated,NO,39.5,26.1,11.4,YES,YES,NO,NO,NO,64.8,42.8,25.8,N/A,N/A,N/A,N/A,N/A,N/A,N/A,26.6,NO,N/A,YES,2,YES,2
2022,18,"State Public Charter School Authority ",59120.2,Somerset Losee MS,SPCSA,52,Not Rated,NO,43.5,21.9,18.6,YES,YES,NO,NO,NO,49.7,25.5,28.2,77.8,N/A,N/A,N/A,N/A,N/A,N/A,23.9,NO,N/A,YES,2,YES,2
2022,18,"State Public Charter School Authority ",59120.3,Somerset Losee HS,SPCSA,49,Not Rated,NO,31.8,11.7,19.9,YES,YES,NO,NO,NO,N/A,N/A,7.5,N/A,89.4,32.7,13.4,31.2,>95,>95,23.1,NO,N/A,NO,N/A,NO,N/A
2022,18,"State Public Charter School Authority ",59121.1,Somerset Lone Mtn ES,SPCSA,79,Not Rated,NO,57.6,54.7,17.4,YES,YES,NO,NO,NO,70.9,60,25,N/A,N/A,N/A,N/A,N/A,N/A,N/A,8.2,NO,N/A,NO,N/A,NO,N/A
2022,18,"State Public Charter School Authority ",59121.2,Somerset Lone Mtn MS,SPCSA,73.5,Not Rated,NO,62.1,37.2,44.6,YES,YES,NO,NO,NO,66.7,34.8,23,92.6,N/A,N/A,N/A,N/A,N/A,N/A,12,NO,N/A,NO,N/A,NO,N/A
2022,18,"State Public Charter School Authority ",59122.1,Somerset Sky Pointe ES,SPCSA,85.5,Not Rated,NO,62.1,61.2,46,YES,YES,NO,NO,NO,68.4,62.9,50,N/A,N/A,N/A,N/A,N/A,N/A,N/A,15.9,NO,N/A,NO,N/A,NO,N/A
2022,18,"State Public Charter School Authority ",59122.2,Somerset Sky Pointe MS,SPCSA,92.22,Not Rated,NO,68.2,54.4,62.5,YES,YES,NO,NO,NO,68.3,55.3,-,90.8,N/A,N/A,N/A,N/A,N/A,N/A,16.2,NO,N/A,NO,N/A,NO,N/A
2022,18,"State Public Charter School Authority ",59122.3,Somerset Sky Pointe HS,SPCSA,66.5,Not Rated,NO,55.3,25.3,31.5,YES,YES,NO,NO,NO,N/A,N/A,13.3,N/A,98.8,38.5,22.2,27.4,>95,>95,17.3,NO,N/A,NO,N/A,NO,N/A
2022,18,"State Public Charter School Authority ",59123.1,Somerset Stephanie ES,SPCSA,48,Not Rated,NO,49.1,43.1,19.1,YES,YES,NO,NO,NO,48.8,47.4,38.8,N/A,N/A,N/A,N/A,N/A,N/A,N/A,22.1,NO,N/A,NO,N/A,NO,N/A
2022,18,"State Public Charter School Authority ",59123.2,Somerset Stephanie MS,SPCSA,72.5,Not Rated,NO,60.6,31.2,56.4,YES,YES,NO,NO,NO,65.3,34.7,41.6,88.1,N/A,N/A,N/A,N/A,N/A,N/A,24.7,NO,N/A,NO,N/A,NO,N/A
2022,18,"State Public Charter School Authority ",59124.1,Somerset Aliante ES,SPCSA,63,Not Rated,NO,54.1,43.1,30.9,YES,YES,NO,NO,NO,61.4,42.1,50,N/A,N/A,N/A,N/A,N/A,N/A,N/A,17.5,NO,N/A,NO,N/A,NO,N/A
2022,18,"State Public Charter School Authority ",59124.2,Somerset Aliante MS,SPCSA,80,Not Rated,NO,58.3,29.5,56.4,YES,YES,NO,NO,NO,66.6,35.8,-,>95,N/A,N/A,N/A,N/A,N/A,N/A,20.9,NO,N/A,NO,N/A,NO,N/A
2022,18,"State Public Charter School Authority ",59125.1,Somerset Skye Canyon ES,SPCSA,93,Not Rated,NO,69,66.6,55.4,YES,YES,NO,NO,NO,84.7,78.1,50,N/A,N/A,N/A,N/A,N/A,N/A,N/A,10.4,NO,N/A,NO,N/A,NO,N/A
2022,18,"State Public Charter School Authority ",59125.2,Somerset Skye Canyon MS,SPCSA,92.22,Not Rated,NO,71.7,53.6,59.1,YES,YES,NO,NO,NO,68.5,53.7,-,>95,N/A,N/A,N/A,N/A,N/A,N/A,12.8,NO,N/A,NO,N/A,NO,N/A
2022,18,"State Public Charter School Authority ",61415.1,Discovery Sandhill ES,SPCSA,37.06,Not Rated,NO,25,18.7,12.5,YES,YES,NO,NO,NO,50,42.1,N/A,N/A,N/A,N/A,N/A,N/A,N/A,N/A,57.5,NO,N/A,NO,N/A,NO,N/A
2022,18,"State Public Charter School Authority ",61415.2,Discovery Sandhill MS,SPCSA,N/A,Not Rated,NO,N/A,N/A,N/A,N/A,N/A,NO,NO,NO,N/A,N/A,N/A,N/A,N/A,N/A,N/A,N/A,N/A,N/A,N/A,NO,N/A,NO,N/A,NO,N/A
2022,18,"State Public Charter School Authority ",61417.1,Discovery Hill Pointe ES,SPCSA,76.67,Not Rated,NO,50.5,52.8,12,YES,YES,NO,NO,NO,72,62.7,-,N/A,N/A,N/A,N/A,N/A,N/A,N/A,33.3,NO,N/A,NO,N/A,NO,N/A
2022,18,"State Public Charter School Authority ",61417.2,Discovery Hill Pointe MS,SPCSA,73.89,Not Rated,NO,57.6,27.1,68.9,YES,YES,NO,NO,NO,68.4,34,-,>95,N/A,N/A,N/A,N/A,N/A,N/A,24.7,NO,N/A,NO,N/A,NO,N/A
2022,18,"State Public Charter School Authority ",65414.1,Oasis ACAD ES,SPCSA,75,Not Rated,NO,60.2,57.4,64.4,YES,YES,NO,NO,NO,66.6,51.8,23,N/A,N/A,N/A,N/A,N/A,N/A,N/A,13.1,NO,N/A,NO,N/A,NO,N/A
2022,18,"State Public Charter School Authority ",65414.2,Oasis ACAD MS,SPCSA,81.67,Not Rated,NO,72.9,59.8,63.8,YES,YES,NO,NO,NO,69.9,55.8,N/A,>95,N/A,N/A,N/A,N/A,N/A,N/A,21,NO,N/A,NO,N/A,NO,N/A
2022,18,"State Public Charter School Authority ",65414.3,Oasis ACAD HS,SPCSA,95,Not Rated,NO,68.5,45.7,51.1,YES,YES,NO,NO,NO,N/A,N/A,-,N/A,96.4,>95,>95,33.3,>95,>95,8.9,NO,N/A,NO,N/A,NO,N/A
2022,18,"State Public Charter School Authority ",66436.1,Doral Northern NV ES,SPCSA,86.11,Not Rated,NO,75.6,68.5,39.6,YES,YES,NO,NO,NO,62.6,52.9,-,N/A,N/A,N/A,N/A,N/A,N/A,N/A,<5,NO,N/A,NO,N/A,NO,N/A
2022,18,"State Public Charter School Authority ",66436.2,Doral Northern NV MS,SPCSA,93.33,Not Rated,NO,71.5,56.8,65,YES,YES,NO,NO,NO,73.9,56.1,-,>95,N/A,N/A,N/A,N/A,N/A,N/A,6,NO,N/A,NO,N/A,NO,N/A
2022,18,"State Public Charter School Authority ",68410.1,Elko Institute ES,SPCSA,78.33,Not Rated,NO,58.4,60,27.2,YES,YES,NO,NO,NO,57.1,47.6,-,N/A,N/A,N/A,N/A,N/A,N/A,N/A,8.3,NO,N/A,NO,N/A,NO,N/A
2022,18,"State Public Charter School Authority ",68410.2,Elko Institute MS,SPCSA,93.89,Not Rated,NO,64.5,53.2,72.2,YES,YES,NO,NO,NO,75.9,64.8,-,80.9,N/A,N/A,N/A,N/A,N/A,N/A,13.6,NO,N/A,NO,N/A,NO,N/A
2022,18,"State Public Charter School Authority ",72416.1,Quest Northwest ES,SPCSA,57.5,Not Rated,YES,38.3,27,9,YES,YES,NO,NO,NO,64.7,40.8,52.3,N/A,N/A,N/A,N/A,N/A,N/A,N/A,35.3,NO,N/A,NO,N/A,NO,N/A
2022,18,"State Public Charter School Authority ",72416.2,Quest Northwest MS,SPCSA,52.22,Not Rated,YES,35.1,13.1,23.5,YES,YES,NO,NO,NO,45,26.3,-,>95,N/A,N/A,N/A,N/A,N/A,N/A,40.9,NO,N/A,NO,N/A,NO,N/A
2022,18,"State Public Charter School Authority ",74418.1,Imagine Mtn View ES,SPCSA,67.78,Not Rated,NO,49.1,40,14.7,YES,YES,NO,NO,NO,60.1,61.2,-,N/A,N/A,N/A,N/A,N/A,N/A,N/A,38.7,NO,N/A,NO,N/A,NO,N/A
2022,18,"State Public Charter School Authority ",74418.2,Imagine Mtn View MS,SPCSA,81.61,Not Rated,NO,71.4,22,N/A,YES,YES,NO,NO,NO,87.1,59.5,-,N/A,N/A,N/A,N/A,N/A,N/A,N/A,40.3,NO,N/A,NO,N/A,NO,N/A
2022,18,"State Public Charter School Authority ",76412.3,Alpine Acad HS,SPCSA,63.89,Not Rated,NO,39.1,8.6,37.8,YES,YES,NO,NO,NO,N/A,N/A,N/A,N/A,100,57.1,37.1,38.4,>95,>95,21.6,NO,N/A,NO,N/A,NO,N/A
2022,18,"State Public Charter School Authority ",78411.1,Silver Sands ES,SPCSA,53,Not Rated,NO,43.8,23.5,13.8,YES,YES,NO,NO,NO,57.1,45.8,45.4,N/A,N/A,N/A,N/A,N/A,N/A,N/A,28.4,NO,N/A,NO,N/A,NO,N/A
2022,18,"State Public Charter School Authority ",78411.2,Silver Sands MS,SPCSA,56.11,Not Rated,NO,47.7,22.3,33.3,YES,YES,NO,NO,NO,53.4,34.4,-,>95,N/A,N/A,N/A,N/A,N/A,N/A,21.2,NO,N/A,NO,N/A,NO,N/A
2022,20,Correctional,79903.2,Independence MS,Correctional,N/A,Not Rated,NO,N/A,N/A,N/A,N/A,N/A,NO,NO,NO,N/A,N/A,N/A,N/A,N/A,N/A,N/A,N/A,N/A,N/A,N/A,NO,N/A,NO,N/A,NO,N/A
2022,20,Correctional,79903.3,Independence HS,Correctional,9.33,Not Rated,NO,<5,<5,-,-,N/A,NO,NO,NO,N/A,N/A,N/A,N/A,-,<5,<4.5,-,25,20,<5,YES,2,NO,N/A,NO,N/A
2022,18,"State Public Charter School Authority ",81101.3,NSHS Downtown HS,SPCSA,80.63,Not Rated,YES,38.7,9.6,N/A,YES,YES,NO,NO,NO,N/A,N/A,-,N/A,N/A,>95,>95,42.4,>95,>95,<5,NO,N/A,NO,N/A,NO,N/A
2022,18,"State Public Charter School Authority ",81102.3,NSHS Summerlin HS,SPCSA,90.63,Not Rated,NO,56.3,15.4,N/A,YES,YES,NO,NO,NO,N/A,N/A,-,N/A,N/A,>95,93.8,69.6,>95,>95,<5,NO,N/A,NO,N/A,NO,N/A
2022,18,"State Public Charter School Authority ",81103.3,NSHS Henderson HS,SPCSA,96.88,Not Rated,NO,76.9,36.5,N/A,YES,YES,NO,NO,NO,N/A,N/A,-,N/A,N/A,>95,>95,76.9,>95,>95,<5,NO,N/A,NO,N/A,NO,N/A
2022,18,"State Public Charter School Authority ",81104.3,NSHS Sunrise HS,SPCSA,93.13,Not Rated,YES,52.9,35.2,N/A,YES,YES,NO,NO,NO,N/A,N/A,-,N/A,N/A,>95,>95,48,94.5,>95,<5,NO,N/A,NO,N/A,NO,N/A
2022,18,"State Public Charter School Authority ",81106.3,NSHS SW HS,SPCSA,100,Not Rated,YES,78.5,47.6,N/A,YES,YES,NO,NO,NO,N/A,N/A,-,N/A,N/A,>95,>95,73,>95,>95,<5,NO,N/A,NO,N/A,NO,N/A
2022,18,"State Public Charter School Authority ",81107.3,NSHS DownTwn Hend HS,SPCSA,100,Not Rated,NO,80.7,47.3,N/A,YES,YES,NO,NO,NO,N/A,N/A,N/A,N/A,N/A,>95,>95,90.6,>95,N/A,<5,NO,N/A,NO,N/A,NO,N/A
2022,18,"State Public Charter School Authority ",81108.3,NSHS NW HS,SPCSA,99.33,Not Rated,NO,74,42,N/A,YES,YES,NO,NO,NO,N/A,N/A,-,N/A,N/A,>95,95,72.7,>95,N/A,<5,NO,N/A,NO,N/A,NO,N/A
2022,19,University,84406.2,Davidson Acad MS,Regular,88.57,Not Rated,NO,>95,>95,>95,YES,YES,NO,NO,NO,>95,>95,N/A,>95,N/A,N/A,N/A,N/A,N/A,N/A,<5,NO,N/A,NO,N/A,NO,N/A
2022,19,University,84406.3,Davidson Acad HS,Regular,100,Not Rated,NO,>95,>95,>95,-,N/A,NO,NO,NO,N/A,N/A,N/A,N/A,100,80,86.6,>95,>95,>95,<5,NO,N/A,NO,N/A,NO,N/A
2022,18,"State Public Charter School Authority ",85405.3,NV Connections ACAD HS,SPCSA,70,Not Rated,YES,49.3,11.3,32.5,YES,YES,NO,NO,NO,N/A,N/A,23,N/A,81.2,85.8,67,20.3,86.1,81.7,16.5,YES,4,NO,N/A,NO,N/A
2022,18,"State Public Charter School Authority ",86404.2,Nevada Virtual ACAD MS,SPCSA,42,Not Rated,YES,44.7,16.8,35.6,YES,YES,NO,NO,NO,45.7,19.2,16.6,87.7,N/A,N/A,N/A,N/A,N/A,N/A,<5,NO,N/A,YES,3,YES,3
2022,18,"State Public Charter School Authority ",86404.3,Nevada Virtual ACAD HS,SPCSA,53.5,Not Rated,YES,34.3,9.9,35.3,YES,YES,NO,NO,NO,N/A,N/A,5.8,N/A,87.6,63.1,14.1,28.6,86.2,89.6,<5,NO,N/A,NO,N/A,NO,N/A
2022,18,"State Public Charter School Authority ",87310.1,CASLV Centennial ES,SPCSA,95.56,Not Rated,NO,75.4,59.8,40.5,YES,YES,NO,NO,NO,81.6,65.3,-,N/A,N/A,N/A,N/A,N/A,N/A,N/A,10.3,NO,N/A,NO,N/A,NO,N/A
2022,18,"State Public Charter School Authority ",87310.2,CASLV Centennial MS,SPCSA,94.44,Not Rated,NO,72.7,54.4,55.1,YES,YES,NO,NO,NO,70.9,64.5,N/A,>95,N/A,N/A,N/A,N/A,N/A,N/A,6.1,NO,N/A,NO,N/A,NO,N/A
2022,18,"State Public Charter School Authority ",87311.1,CASLV Nellis AFB ES,SPCSA,43.89,Not Rated,NO,50.3,43.6,19.7,YES,YES,YES,NO,NO,46.5,34.3,-,N/A,N/A,N/A,N/A,N/A,N/A,N/A,16.3,NO,N/A,NO,N/A,NO,N/A
2022,18,"State Public Charter School Authority ",87311.2,CASLV Nellis AFB MS,SPCSA,68.33,Not Rated,NO,48.3,30.3,50.9,YES,YES,NO,NO,NO,52.6,31.6,-,>95,N/A,N/A,N/A,N/A,N/A,N/A,9.2,NO,N/A,NO,N/A,NO,N/A
2022,18,"State Public Charter School Authority ",87312.2,CASLV Sandy Ridge MS,SPCSA,67.78,Not Rated,NO,71.6,53.7,68.8,YES,YES,NO,NO,NO,71,53.6,-,>95,N/A,N/A,N/A,N/A,N/A,N/A,10.5,NO,N/A,NO,N/A,NO,N/A
2022,18,"State Public Charter School Authority ",87312.3,CASLV Sandy Ridge HS,SPCSA,95,Not Rated,NO,78.3,60.4,48.1,YES,YES,NO,NO,NO,N/A,N/A,35.2,N/A,99.5,84.4,51.3,69.4,>95,>95,12.3,NO,N/A,NO,N/A,NO,N/A
2022,18,"State Public Charter School Authority ",87313.1,CASLV Tamarus ES,SPCSA,99,Not Rated,NO,85.2,74.3,N/A,YES,YES,NO,NO,NO,84.7,73.3,73.6,N/A,N/A,N/A,N/A,N/A,N/A,N/A,6.8,NO,N/A,NO,N/A,NO,N/A
2022,18,"State Public Charter School Authority ",87314.1,CASLV Windmill ES,SPCSA,92.35,Not Rated,NO,74.8,65.6,43.7,YES,YES,NO,NO,NO,68.9,61.2,-,N/A,N/A,N/A,N/A,N/A,N/A,N/A,5.1,NO,N/A,NO,N/A,NO,N/A
2022,18,"State Public Charter School Authority ",87314.2,CASLV Windmill MS,SPCSA,89.69,Not Rated,NO,78.4,58.4,N/A,YES,YES,NO,NO,NO,78.1,62.5,18.1,N/A,N/A,N/A,N/A,N/A,N/A,N/A,8.3,NO,N/A,NO,N/A,NO,N/A
2022,18,"State Public Charter School Authority ",87315.1,CASLV Eastgate ES,SPCSA,87,Not Rated,NO,66,62.7,45.8,YES,YES,NO,NO,NO,76.9,56.2,60,N/A,N/A,N/A,N/A,N/A,N/A,N/A,16.3,NO,N/A,NO,N/A,NO,N/A
2022,18,"State Public Charter School Authority ",87315.2,CASLV Eastgate MS,SPCSA,92.53,Not Rated,NO,76.1,65.1,N/A,YES,YES,NO,NO,NO,79.1,72.7,N/A,N/A,N/A,N/A,N/A,N/A,N/A,N/A,15.9,NO,N/A,NO,N/A,NO,N/A
2022,18,"State Public Charter School Authority ",89409.3,Beacon ACAD HS,SPCSA,3.75,Not Rated,YES,10,<5,-,YES,YES,NO,NO,NO,N/A,N/A,-,N/A,-,30.2,<4.5,<5,13.9,34,39.2,YES,4,NO,N/A,NO,N/A
