Year,District Code,District Name,NSPF School Code,School Name,School Type,Total Index Score,Star Rating,Title I Status,% Proficient ELA,% Proficient Math,% Proficient Science,95% Participation Met Mathematics,95% Participation Met ELA,Participation Warning,Participation Penalty,% Meeting AGP ELA,% Meeting AGP Math,% Meeting AGP EL,NAC 389.445 Credit Requirements (8th Grade),9th Grade Credit Sufficiency,CCR Participation,CCR Completion,Advanced Diploma,4-Year Graduation Rate,5-Year Graduation Rate,Chronic Absenteeism,CSI,Yrs In Designation As CSI,TSI,ATSI,Yrs In Designation As ATSI
2024,01,Churchill,01205.1,Best ES,Regular,43.3,Not Rated,YES,28.6,35.9,N/A,YES,YES,NO,NO,N/A,N/A,53.1,N/A,N/A,N/A,N/A,N/A,N/A,N/A,13.7,NO,N/A,NO,NO,N/A
2024,01,Churchill,01206.1,Lahontan ES,Regular,55,Not Rated,YES,N/A,N/A,N/A,N/A,N/A,NO,NO,N/A,N/A,50,N/A,N/A,N/A,N/A,N/A,N/A,N/A,18.5,NO,N/A,NO,NO,N/A
2024,01,Churchill,01207.1,Numa ES,Regular,26.8,1,YES,35.6,24.8,10.1,YES,YES,NO,NO,37.1,23.3,44.8,N/A,N/A,N/A,N/A,N/A,N/A,N/A,15.8,NO,N/A,YES,NO,N/A
2024,01,Churchill,01301.2,Churchill MS,Regular,17,1,YES,25.9,11.8,23.3,YES,YES,NO,NO,26,10.1,17.1,65.4,N/A,N/A,N/A,N/A,N/A,N/A,20,NO,N/A,NO,YES,2
2024,01,Churchill,01401.3,Churchill HS,Regular,42.5,2,NO,35.3,13.3,8,NO,NO,YES,YES,N/A,N/A,17.2,N/A,90,43,28.2,25.2,86.9,81.3,36.6,NO,N/A,NO,NO,N/A
2024,02,Clark,02060.1,Thompson T ES,Regular,58,3,NO,61.9,60.1,15.1,YES,YES,NO,NO,51.1,40,46.8,N/A,N/A,N/A,N/A,N/A,N/A,N/A,19.9,NO,N/A,NO,NO,N/A
2024,02,Clark,02061.1,Abston ES,Regular,49.5,2,YES,52.6,44.7,13.7,YES,YES,NO,NO,51.3,44.7,46.8,N/A,N/A,N/A,N/A,N/A,N/A,N/A,26.3,NO,N/A,NO,NO,N/A
2024,02,Clark,02062.1,Jenkins ES,Regular,23,1,YES,42.5,37.4,5.6,YES,YES,NO,NO,42.1,24.2,38.6,N/A,N/A,N/A,N/A,N/A,N/A,N/A,25.4,NO,N/A,NO,NO,N/A
2024,02,Clark,02064.1,Ellis ES,Regular,78,4,NO,64.6,63.3,13.2,YES,YES,NO,NO,59.6,57,44.4,N/A,N/A,N/A,N/A,N/A,N/A,N/A,12.9,NO,N/A,NO,NO,N/A
2024,02,Clark,02065.1,Ortwein ES,Regular,52,3,NO,44.2,43.3,13,YES,YES,NO,NO,42.8,49.5,54,N/A,N/A,N/A,N/A,N/A,N/A,N/A,21.5,NO,N/A,NO,NO,N/A
2024,02,Clark,02066.1,Barber ES,Regular,63.5,3,YES,53.5,49.7,9.3,YES,YES,NO,NO,57.5,54.9,41.4,N/A,N/A,N/A,N/A,N/A,N/A,N/A,25.8,NO,N/A,NO,NO,N/A
2024,02,Clark,02067.1,Divich ES,Regular,66.5,3,NO,56.4,56.7,19.2,YES,YES,NO,NO,55.9,55.9,29.4,N/A,N/A,N/A,N/A,N/A,N/A,N/A,13.2,NO,N/A,NO,NO,N/A
2024,02,Clark,02068.1,Jones Blackhurst ES,Regular,60,3,NO,66.4,57.4,27.1,YES,YES,NO,NO,56.8,40.8,34.7,N/A,N/A,N/A,N/A,N/A,N/A,N/A,11.7,NO,N/A,NO,NO,N/A
2024,02,Clark,02069.1,Vassiliadis ES,Regular,92,5,NO,79.9,81.2,55.3,YES,YES,NO,NO,75.2,67.2,62,N/A,N/A,N/A,N/A,N/A,N/A,N/A,6.8,NO,N/A,NO,NO,N/A
2024,02,Clark,02070.1,Berkley ES,Regular,77.5,4,NO,59.8,52.7,22.3,YES,YES,NO,NO,62.1,58,46.8,N/A,N/A,N/A,N/A,N/A,N/A,N/A,16.5,NO,N/A,NO,NO,N/A
2024,02,Clark,02071.1,Stevens ES,Regular,59,3,YES,52.6,49.4,20.8,YES,YES,NO,NO,52.1,55.3,18.4,N/A,N/A,N/A,N/A,N/A,N/A,N/A,26.1,NO,N/A,NO,NO,N/A
2024,02,Clark,02072.1,Mathis ES,Regular,53,3,NO,55.7,57.1,10.7,YES,YES,NO,NO,49.4,48.6,47.7,N/A,N/A,N/A,N/A,N/A,N/A,N/A,21.2,NO,N/A,NO,YES,2
2024,02,Clark,02073.1,Heard ES,Regular,54,3,YES,46.8,40.6,13.7,YES,YES,NO,NO,48.8,41.7,46.8,N/A,N/A,N/A,N/A,N/A,N/A,N/A,8.1,NO,N/A,NO,NO,N/A
2024,02,Clark,02074.1,Snyder D ES,Regular,34.5,2,NO,44.2,35.2,20.3,YES,YES,NO,NO,44.3,25.2,58.3,N/A,N/A,N/A,N/A,N/A,N/A,N/A,19.1,NO,N/A,NO,YES,1
2024,02,Clark,02076.1,Duncan ES,Regular,13,1,YES,33.9,25.2,<5,YES,YES,NO,NO,25.2,13.5,38.7,N/A,N/A,N/A,N/A,N/A,N/A,N/A,27.2,NO,N/A,NO,YES,2
2024,02,Clark,02077.1,Wallin ES,Regular,79,4,NO,71.7,72.7,25.6,YES,YES,NO,NO,66.8,64.8,48,N/A,N/A,N/A,N/A,N/A,N/A,N/A,14.9,NO,N/A,NO,NO,N/A
2024,02,Clark,02078.1,Stuckey ES,Regular,90.5,5,NO,64.6,65,40.8,YES,YES,NO,NO,70.8,68.4,51.8,N/A,N/A,N/A,N/A,N/A,N/A,N/A,19.2,NO,N/A,NO,NO,N/A
2024,02,Clark,02079.1,Keller  ES,Regular,39,2,YES,40.4,37.8,<5,YES,YES,NO,NO,40,40,44.6,N/A,N/A,N/A,N/A,N/A,N/A,N/A,23.4,NO,N/A,NO,YES,1
2024,02,Clark,02080.1,Fine  ES,Regular,31,2,NO,43.9,35.4,10.2,YES,YES,NO,NO,47.8,30.6,36.2,N/A,N/A,N/A,N/A,N/A,N/A,N/A,25.3,NO,N/A,NO,YES,2
2024,02,Clark,02081.1,Bozarth ES,Regular,75.5,4,NO,64.4,53.6,15.7,YES,YES,NO,NO,58.8,53.6,44.4,N/A,N/A,N/A,N/A,N/A,N/A,N/A,14.7,NO,N/A,NO,NO,N/A
2024,02,Clark,02082.1,Triggs ES,Regular,52.5,3,NO,46.7,45.6,22,YES,YES,NO,NO,51.3,48.2,31.8,N/A,N/A,N/A,N/A,N/A,N/A,N/A,17.6,NO,N/A,NO,NO,N/A
2024,02,Clark,02083.1,ORoarke ES,Regular,78,4,NO,65.2,65.5,42.6,YES,YES,NO,NO,55.2,60,75,N/A,N/A,N/A,N/A,N/A,N/A,N/A,14.7,NO,N/A,NO,NO,N/A
2024,02,Clark,02084.1,Reedom ES,Regular,61.5,3,NO,51.3,47,18.9,YES,YES,NO,NO,45.2,55,48.3,N/A,N/A,N/A,N/A,N/A,N/A,N/A,20.9,NO,N/A,NO,NO,N/A
2024,02,Clark,02085.1,Diaz ES,Regular,24,1,YES,41.7,31.8,6.6,YES,YES,NO,NO,42.9,26.9,35,N/A,N/A,N/A,N/A,N/A,N/A,N/A,19.8,NO,N/A,NO,NO,N/A
2024,02,Clark,02086.1,Scott ES,Regular,14,1,YES,17.9,8.9,<5,YES,YES,NO,NO,18.1,<5,48,N/A,N/A,N/A,N/A,N/A,N/A,N/A,36.3,NO,N/A,NO,YES,1
2024,02,Clark,02087.1,Rainbow Dreams ELA ES,District Charter,10,Not Rated,YES,N/A,N/A,N/A,N/A,N/A,NO,NO,N/A,N/A,N/A,N/A,N/A,N/A,N/A,N/A,N/A,N/A,26.2,NO,N/A,NO,NO,N/A
2024,02,Clark,02089.1,West Prep ES,Regular,66.5,3,YES,45.6,35.8,8.9,YES,YES,NO,NO,61.1,52.8,30.5,N/A,N/A,N/A,N/A,N/A,N/A,N/A,10.7,NO,N/A,NO,NO,N/A
2024,02,Clark,02090.1,Smalley ES,Regular,100,5,NO,82,73.2,34.5,YES,YES,NO,NO,74.5,68.8,-,N/A,N/A,N/A,N/A,N/A,N/A,N/A,6.4,NO,N/A,NO,NO,N/A
2024,02,Clark,02091.1,Perkins C ES,Regular,21,1,YES,27.6,21.9,<5,YES,YES,NO,NO,38.2,18.4,25,N/A,N/A,N/A,N/A,N/A,N/A,N/A,34.2,NO,N/A,NO,YES,2
2024,02,Clark,02092.1,Innovations ES,District Charter,24,1,YES,32.9,24.2,<5,YES,YES,NO,NO,34.7,25.2,31.3,N/A,N/A,N/A,N/A,N/A,N/A,N/A,28,NO,N/A,NO,NO,N/A
2024,02,Clark,02093.1,100 Academy SET ES,District Charter,19,1,YES,15.9,11.5,<5,YES,YES,NO,NO,30.6,14.2,27.2,N/A,N/A,N/A,N/A,N/A,N/A,N/A,29.7,NO,N/A,NO,NO,N/A
2024,02,Clark,02094.1,Dickens ES,Regular,22,1,YES,37.8,28.2,5.5,YES,YES,NO,NO,39.6,30.2,18,N/A,N/A,N/A,N/A,N/A,N/A,N/A,27.6,NO,N/A,NO,YES,1
2024,02,Clark,02095.1,Bailey ES,Regular,24,1,YES,36.9,27.9,5.8,YES,YES,NO,NO,34.6,34.8,22.5,N/A,N/A,N/A,N/A,N/A,N/A,N/A,30,NO,N/A,YES,NO,N/A
2024,02,Clark,02096.1,Roundy ES,Regular,13,1,YES,20.4,19.3,<5,YES,YES,NO,NO,18.8,20.1,35.8,N/A,N/A,N/A,N/A,N/A,N/A,N/A,31.6,NO,N/A,NO,NO,N/A
2024,02,Clark,02097.1,Forbuss ES,Regular,47.5,2,NO,54.4,50.3,24.7,YES,YES,NO,NO,47.4,42.9,42.1,N/A,N/A,N/A,N/A,N/A,N/A,N/A,19.1,NO,N/A,NO,NO,N/A
2024,02,Clark,02098.1,Steele ES,Regular,45,2,NO,55.3,51,22.2,YES,YES,NO,NO,55.3,39.4,43.3,N/A,N/A,N/A,N/A,N/A,N/A,N/A,19.1,NO,N/A,NO,NO,N/A
2024,02,Clark,02099.1,Schorr ES,Regular,35.5,2,NO,48.8,42,17.5,YES,YES,NO,NO,47.6,36.2,46.4,N/A,N/A,N/A,N/A,N/A,N/A,N/A,24.9,NO,N/A,NO,NO,N/A
2024,02,Clark,02100.1,Ward Kitty ES,Regular,69.4,4,NO,57.7,54.7,26.5,YES,YES,NO,NO,56.3,46.6,-,N/A,N/A,N/A,N/A,N/A,N/A,N/A,8.7,NO,N/A,NO,NO,N/A
2024,02,Clark,02101.1,Blue Diamond ES,Regular,88.2,5,NO,82.3,88.2,-,-,N/A,NO,NO,83.3,83.3,N/A,N/A,N/A,N/A,N/A,N/A,N/A,N/A,28.2,NO,N/A,NO,NO,N/A
2024,02,Clark,02102.1,Goodsprings ES,Regular,5,Not Rated,YES,-,-,-,-,-,NO,NO,-,-,N/A,N/A,N/A,N/A,N/A,N/A,N/A,N/A,-,NO,N/A,NO,NO,N/A
2024,02,Clark,02103.1,Lundy ES,Regular,N/A,Not Rated,NO,N/A,N/A,N/A,N/A,N/A,NO,NO,N/A,N/A,N/A,N/A,N/A,N/A,N/A,N/A,N/A,N/A,N/A,NO,N/A,NO,NO,N/A
2024,02,Clark,02104.1,Reid ES,Regular,43.3,Not Rated,YES,46.1,23,-,-,-,NO,NO,-,-,N/A,N/A,N/A,N/A,N/A,N/A,N/A,N/A,<5,NO,N/A,NO,NO,N/A
2024,02,Clark,02105.1,King Martin ES,Regular,16,1,YES,22.2,14.8,<5,YES,YES,NO,NO,27.2,12.1,28.7,N/A,N/A,N/A,N/A,N/A,N/A,N/A,28,NO,N/A,NO,NO,N/A
2024,02,Clark,02106.1,Deskin ES,Regular,28.5,2,YES,38.3,29.4,14.9,YES,YES,NO,NO,41.2,30.7,43.4,N/A,N/A,N/A,N/A,N/A,N/A,N/A,29.3,NO,N/A,NO,YES,1
2024,02,Clark,02107.1,Kim ES,Regular,20,1,YES,35.8,28.8,<5,YES,YES,NO,NO,27.9,22.8,47.5,N/A,N/A,N/A,N/A,N/A,N/A,N/A,25,NO,N/A,NO,NO,N/A
2024,02,Clark,02108.1,Beatty J ES,Regular,59,3,NO,57,38.5,14.6,YES,YES,NO,NO,61.9,36.6,41.9,N/A,N/A,N/A,N/A,N/A,N/A,N/A,25.3,NO,N/A,NO,NO,N/A
2024,02,Clark,02109.1,Christensen ES,Regular,34,2,YES,42.4,32.6,6.2,YES,YES,NO,NO,42.6,24,51.6,N/A,N/A,N/A,N/A,N/A,N/A,N/A,26.7,NO,N/A,NO,NO,N/A
2024,02,Clark,02110.1,Parson ES,Regular,29,2,YES,28.2,14.5,5.1,YES,YES,NO,NO,40.6,14.1,54.7,N/A,N/A,N/A,N/A,N/A,N/A,N/A,34.1,NO,N/A,NO,NO,N/A
2024,02,Clark,02111.1,Dooley ES,Regular,33.8,2,NO,50.3,44.7,13.7,YES,YES,NO,NO,40.6,39.5,-,N/A,N/A,N/A,N/A,N/A,N/A,N/A,22,NO,N/A,NO,NO,N/A
2024,02,Clark,02112.1,Mendoza ES,Regular,34.5,2,YES,29.9,26.2,<5,YES,YES,NO,NO,37.5,36.6,43.2,N/A,N/A,N/A,N/A,N/A,N/A,N/A,19.4,NO,N/A,NO,YES,2
2024,02,Clark,02113.1,McMillan ES,Regular,30.5,2,YES,43.2,31.6,<5,YES,YES,NO,NO,42.9,20.6,44.6,N/A,N/A,N/A,N/A,N/A,N/A,N/A,29.7,NO,N/A,NO,YES,2
2024,02,Clark,02114.1,Perkins U ES,Regular,72.2,4,NO,46,46,28.5,YES,YES,NO,NO,69.7,58.1,-,N/A,N/A,N/A,N/A,N/A,N/A,N/A,27.2,NO,N/A,NO,NO,N/A
2024,02,Clark,02115.1,Lynch ES,Regular,19,1,YES,15.6,12.7,<5,YES,YES,NO,NO,28.4,16.8,21.2,N/A,N/A,N/A,N/A,N/A,N/A,N/A,33.3,NO,N/A,YES,NO,N/A
2024,02,Clark,02116.1,Woolley ES,Regular,26.5,1,YES,29.5,21.2,8.4,YES,YES,NO,NO,39.7,24.4,32.5,N/A,N/A,N/A,N/A,N/A,N/A,N/A,27.7,NO,N/A,NO,NO,N/A
2024,02,Clark,02117.1,Lunt  ES,Regular,16,1,YES,13.9,14.4,<5,YES,YES,NO,NO,22,12.6,44.1,N/A,N/A,N/A,N/A,N/A,N/A,N/A,28.3,NO,N/A,NO,YES,1
2024,02,Clark,02118.1,Eisenberg ES,Regular,38,2,YES,41.9,38.5,15.4,YES,YES,NO,NO,38,41.7,45.9,N/A,N/A,N/A,N/A,N/A,N/A,N/A,22.6,NO,N/A,NO,NO,N/A
2024,02,Clark,02119.1,Fong ES,Regular,32.5,2,YES,36.3,31.8,9,YES,YES,NO,NO,45,33.9,31.7,N/A,N/A,N/A,N/A,N/A,N/A,N/A,24.4,NO,N/A,NO,NO,N/A
2024,02,Clark,02120.1,Gibson ES,Regular,61.5,3,NO,56.4,52.9,20,YES,YES,NO,NO,57.3,55,39.1,N/A,N/A,N/A,N/A,N/A,N/A,N/A,18.5,NO,N/A,NO,NO,N/A
2024,02,Clark,02121.1,Wynn ES,Regular,16,1,YES,20,16.3,<5,YES,YES,NO,NO,32.5,18.5,35.2,N/A,N/A,N/A,N/A,N/A,N/A,N/A,31.8,NO,N/A,YES,NO,N/A
2024,02,Clark,02122.1,Hill ES,Regular,83,4,YES,53.9,52.2,23.3,YES,YES,NO,NO,65.3,74.4,59.5,N/A,N/A,N/A,N/A,N/A,N/A,N/A,18.3,NO,N/A,NO,NO,N/A
2024,02,Clark,02123.1,Jacobson ES,Regular,32,2,YES,42.7,29.2,14.2,YES,YES,NO,NO,50.3,25.9,41.1,N/A,N/A,N/A,N/A,N/A,N/A,N/A,19.6,NO,N/A,NO,NO,N/A
2024,02,Clark,02124.1,Derfelt ES,Regular,29,2,YES,44.5,32.9,7.5,YES,YES,NO,NO,45.9,27.7,44.8,N/A,N/A,N/A,N/A,N/A,N/A,N/A,27.4,NO,N/A,NO,YES,1
2024,02,Clark,02125.1,Cunningham ES,Regular,23.5,1,YES,31.3,21,9.3,YES,YES,NO,NO,45.8,25,37.5,N/A,N/A,N/A,N/A,N/A,N/A,N/A,32,NO,N/A,NO,YES,2
2024,02,Clark,02126.1,Cox D ES,Regular,71.5,4,NO,59.2,53.9,33.7,YES,YES,NO,NO,54.2,50.7,64,N/A,N/A,N/A,N/A,N/A,N/A,N/A,13.3,NO,N/A,NO,NO,N/A
2024,02,Clark,02127.1,Treem ES,Regular,65,3,YES,51.2,43.4,15.4,YES,YES,NO,NO,53,45.8,72.2,N/A,N/A,N/A,N/A,N/A,N/A,N/A,33.6,NO,N/A,NO,NO,N/A
2024,02,Clark,02128.1,Rundle ES,Regular,11,1,YES,31.8,25.8,<5,YES,YES,NO,NO,27.8,13.9,20.5,N/A,N/A,N/A,N/A,N/A,N/A,N/A,24,YES,2,NO,NO,N/A
2024,02,Clark,02129.1,Herr ES,Regular,23.5,1,YES,29.8,23.7,5.5,YES,YES,NO,NO,36.2,25.7,39.5,N/A,N/A,N/A,N/A,N/A,N/A,N/A,18.2,NO,N/A,NO,NO,N/A
2024,02,Clark,02130.1,Dailey ES,Regular,26.5,1,YES,34.2,27.1,5.9,YES,YES,NO,NO,34.7,32.1,39.5,N/A,N/A,N/A,N/A,N/A,N/A,N/A,25.5,NO,N/A,NO,NO,N/A
2024,02,Clark,02131.1,Adams ES,Regular,17,1,YES,30.3,23.2,<5,YES,YES,NO,NO,22.9,13.6,37.1,N/A,N/A,N/A,N/A,N/A,N/A,N/A,16.8,NO,N/A,NO,YES,1
2024,02,Clark,02132.1,May ES,Regular,45,2,NO,49.3,36.8,19,YES,YES,NO,NO,45.9,32.4,64.2,N/A,N/A,N/A,N/A,N/A,N/A,N/A,20,NO,N/A,NO,NO,N/A
2024,02,Clark,02133.1,Kahre ES,Regular,21,1,YES,40.9,34.4,8.4,YES,YES,NO,NO,22.6,19.8,45.4,N/A,N/A,N/A,N/A,N/A,N/A,N/A,22,NO,N/A,NO,YES,1
2024,02,Clark,02134.1,Katz ES,Regular,32,2,YES,38.2,33.6,<5,YES,YES,NO,NO,42.5,32.4,44.4,N/A,N/A,N/A,N/A,N/A,N/A,N/A,26.3,NO,N/A,NO,NO,N/A
2024,02,Clark,02135.1,Jydstrup ES,Regular,53.5,3,YES,39.6,41.8,14.8,YES,YES,NO,NO,55.2,37,53.7,N/A,N/A,N/A,N/A,N/A,N/A,N/A,15.2,NO,N/A,NO,NO,N/A
2024,02,Clark,02136.1,King Martha ES,Regular,54.4,3,NO,58.2,53.9,27.1,YES,YES,NO,NO,52.3,41,-,N/A,N/A,N/A,N/A,N/A,N/A,N/A,14.2,NO,N/A,NO,YES,1
2024,02,Clark,02137.1,Bartlett ES,Regular,52,3,NO,59.5,50.5,16.3,YES,YES,NO,NO,52.1,39.6,44.8,N/A,N/A,N/A,N/A,N/A,N/A,N/A,13.9,NO,N/A,NO,NO,N/A
2024,02,Clark,02138.1,Bendorf ES,Regular,31,2,YES,41.3,32.7,8.4,YES,YES,NO,NO,38.4,29.3,49.1,N/A,N/A,N/A,N/A,N/A,N/A,N/A,24.9,NO,N/A,NO,YES,2
2024,02,Clark,02139.1,Thorpe ES,Regular,44.5,2,YES,33.7,22.6,12.7,YES,YES,NO,NO,51.1,32.9,77.4,N/A,N/A,N/A,N/A,N/A,N/A,N/A,33,NO,N/A,NO,NO,N/A
2024,02,Clark,02140.1,Antonello ES,Regular,54.5,3,YES,39,35.7,<5,YES,YES,NO,NO,50,42.1,66.6,N/A,N/A,N/A,N/A,N/A,N/A,N/A,25.8,NO,N/A,NO,YES,2
2024,02,Clark,02141.1,Lummis ES,Regular,64.5,3,NO,62.1,58.4,14.2,YES,YES,NO,NO,52.2,49.6,60.8,N/A,N/A,N/A,N/A,N/A,N/A,N/A,17,NO,N/A,NO,NO,N/A
2024,02,Clark,02142.1,Wiener ES,Regular,38,2,YES,42.5,31,13.4,YES,YES,NO,NO,45.2,32.1,45.7,N/A,N/A,N/A,N/A,N/A,N/A,N/A,27.9,NO,N/A,NO,NO,N/A
2024,02,Clark,02143.1,Fitzgerald ES,Regular,21,1,YES,29.5,34.8,<5,YES,YES,NO,NO,40.5,25.2,34.3,N/A,N/A,N/A,N/A,N/A,N/A,N/A,39.8,NO,N/A,NO,NO,N/A
2024,02,Clark,02144.1,Lowman ES,Regular,18,1,YES,19.7,13.4,<5,YES,YES,NO,NO,27.7,18.9,36.7,N/A,N/A,N/A,N/A,N/A,N/A,N/A,42.7,NO,N/A,NO,YES,2
2024,02,Clark,02145.1,Piggott ACAD ES,Regular,70.5,4,NO,54.6,60.7,26.9,YES,YES,NO,NO,47.3,52.2,53,N/A,N/A,N/A,N/A,N/A,N/A,N/A,7.9,NO,N/A,NO,NO,N/A
2024,02,Clark,02146.1,Newton ES,Regular,54.5,3,NO,59.3,50.2,21.8,YES,YES,NO,NO,59.1,42.1,25,N/A,N/A,N/A,N/A,N/A,N/A,N/A,15.4,NO,N/A,NO,NO,N/A
2024,02,Clark,02147.1,Bruner ES,Regular,17,1,YES,28.1,21.5,<5,YES,YES,NO,NO,33.7,18.3,37,N/A,N/A,N/A,N/A,N/A,N/A,N/A,29.2,NO,N/A,NO,YES,1
2024,02,Clark,02148.1,Bryan Richard ES,Regular,51.5,3,YES,52.8,39.9,16,YES,YES,NO,NO,60.2,35.2,37.7,N/A,N/A,N/A,N/A,N/A,N/A,N/A,16.7,NO,N/A,NO,NO,N/A
2024,02,Clark,02149.1,Wilhelm ES,Regular,35,2,YES,35.9,31.2,<5,YES,YES,NO,NO,39.7,33,41.8,N/A,N/A,N/A,N/A,N/A,N/A,N/A,26.4,NO,N/A,NO,NO,N/A
2024,02,Clark,02150.1,Roberts ES,Regular,13.5,1,YES,34.4,23.3,5.8,YES,YES,NO,NO,30.5,14.9,34.2,N/A,N/A,N/A,N/A,N/A,N/A,N/A,21.1,NO,N/A,NO,YES,2
2024,02,Clark,02151.1,Allen ES,Regular,40.5,2,NO,50.2,42.5,10.6,YES,YES,NO,NO,43.3,42.5,30.7,N/A,N/A,N/A,N/A,N/A,N/A,N/A,19.5,NO,N/A,NO,NO,N/A
2024,02,Clark,02152.1,Wolfe ES,Regular,35,2,YES,33.7,25.9,7.6,YES,YES,NO,NO,45.1,26.5,49,N/A,N/A,N/A,N/A,N/A,N/A,N/A,19.4,NO,N/A,NO,YES,2
2024,02,Clark,02153.1,Goldfarb ES,Regular,23,1,YES,32.6,26.2,7.9,YES,YES,NO,NO,40.7,15.4,33.5,N/A,N/A,N/A,N/A,N/A,N/A,N/A,25,YES,2,NO,NO,N/A
2024,02,Clark,02154.1,Vanderburg ES,Regular,77,4,NO,72.6,69.2,45.8,YES,YES,NO,NO,57.8,62.3,55,N/A,N/A,N/A,N/A,N/A,N/A,N/A,11.1,NO,N/A,NO,NO,N/A
2024,02,Clark,02155.1,Cambeiro ES,Regular,18,1,YES,29.2,14.6,5.7,YES,YES,NO,NO,40.5,13.7,34.4,N/A,N/A,N/A,N/A,N/A,N/A,N/A,30.9,YES,6,NO,NO,N/A
2024,02,Clark,02156.1,Bryan Roger ES,Regular,46.5,2,YES,51.2,51.4,8.1,YES,YES,NO,NO,44.9,45.3,46.7,N/A,N/A,N/A,N/A,N/A,N/A,N/A,30.3,NO,N/A,NO,NO,N/A
2024,02,Clark,02157.1,Bonner ES,Regular,86.5,5,NO,72.4,71.6,25.3,YES,YES,NO,NO,67.4,62.7,52.1,N/A,N/A,N/A,N/A,N/A,N/A,N/A,7.4,NO,N/A,NO,NO,N/A
2024,02,Clark,02158.1,Cartwright ES,Regular,36,2,YES,41.1,30.3,8.8,YES,YES,NO,NO,43.7,22,38.4,N/A,N/A,N/A,N/A,N/A,N/A,N/A,5.4,NO,N/A,NO,NO,N/A
2024,02,Clark,02159.1,Bowler Joseph ES,Regular,18,1,YES,29.6,29.1,10,YES,YES,NO,NO,39,20.1,26.9,N/A,N/A,N/A,N/A,N/A,N/A,N/A,25.3,NO,N/A,NO,YES,2
2024,02,Clark,02160.1,Rhodes ES,Regular,29.5,2,NO,50.1,46.2,9.4,YES,YES,NO,NO,37.5,26,40,N/A,N/A,N/A,N/A,N/A,N/A,N/A,18.5,NO,N/A,NO,NO,N/A
2024,02,Clark,02161.1,Guy ES,Regular,11.5,1,YES,26.3,21.8,<5,YES,YES,NO,NO,29.7,13,20.4,N/A,N/A,N/A,N/A,N/A,N/A,N/A,23.3,NO,N/A,NO,YES,2
2024,02,Clark,02162.1,Morrow ES,Regular,68.5,4,NO,54.4,50.6,26.2,YES,YES,NO,NO,61.6,54.4,54.5,N/A,N/A,N/A,N/A,N/A,N/A,N/A,24,NO,N/A,NO,NO,N/A
2024,02,Clark,02163.1,Bunker ES,Regular,8,1,YES,24.6,22.5,<5,YES,YES,NO,NO,25.4,13.2,26.4,N/A,N/A,N/A,N/A,N/A,N/A,N/A,27.8,YES,1,NO,NO,N/A
2024,02,Clark,02164.1,Elizondo ES,Regular,29,2,YES,29,17.3,15.2,YES,YES,NO,NO,40.3,20.5,55.9,N/A,N/A,N/A,N/A,N/A,N/A,N/A,31.7,NO,N/A,NO,NO,N/A
2024,02,Clark,02165.1,Cortez ES,Regular,38.5,2,YES,29.2,28.8,6.7,YES,YES,NO,NO,42.6,34,44.5,N/A,N/A,N/A,N/A,N/A,N/A,N/A,25.9,NO,N/A,YES,NO,N/A
2024,02,Clark,02166.1,Lamping ES,Regular,66.5,3,NO,66.5,60.5,32.2,YES,YES,NO,NO,58.2,49.1,42.8,N/A,N/A,N/A,N/A,N/A,N/A,N/A,14.6,NO,N/A,NO,NO,N/A
2024,02,Clark,02167.1,Garehime ES,Regular,17,1,YES,37.6,34,9.2,YES,YES,NO,NO,32.4,20.3,46.6,N/A,N/A,N/A,N/A,N/A,N/A,N/A,27.1,NO,N/A,NO,YES,1
2024,02,Clark,02168.1,Hayes ES,Regular,66,3,NO,55.1,48.8,39,YES,YES,NO,NO,65.4,40.1,40,N/A,N/A,N/A,N/A,N/A,N/A,N/A,13.9,NO,N/A,NO,NO,N/A
2024,02,Clark,02169.1,Kesterson ES,Regular,54,3,YES,54.9,49.7,14.8,YES,YES,NO,NO,51,45.2,50,N/A,N/A,N/A,N/A,N/A,N/A,N/A,17.6,NO,N/A,NO,NO,N/A
2024,02,Clark,02170.1,Neal ES,Regular,65.5,3,NO,50.1,44.7,23.8,YES,YES,NO,NO,57.5,48.8,40,N/A,N/A,N/A,N/A,N/A,N/A,N/A,22.7,NO,N/A,NO,NO,N/A
2024,02,Clark,02171.1,Carl ES,Regular,31.5,2,NO,43.5,36.1,9.1,YES,YES,NO,NO,37.2,22.4,54.5,N/A,N/A,N/A,N/A,N/A,N/A,N/A,14.9,NO,N/A,NO,YES,1
2024,02,Clark,02172.1,Darnell ES,Regular,23.5,1,NO,43.7,39.2,6.4,YES,YES,NO,NO,36.1,30.7,16.6,N/A,N/A,N/A,N/A,N/A,N/A,N/A,31.3,NO,N/A,YES,NO,N/A
2024,02,Clark,02173.1,Heckethorn ES,Regular,68.8,4,NO,64.5,58.4,14.6,YES,YES,NO,NO,59.2,41.6,-,N/A,N/A,N/A,N/A,N/A,N/A,N/A,16.7,NO,N/A,NO,NO,N/A
2024,02,Clark,02174.1,Rogers ES,Regular,49,2,NO,47.9,44.9,22.2,YES,YES,NO,NO,53.9,36.6,39.4,N/A,N/A,N/A,N/A,N/A,N/A,N/A,22.4,NO,N/A,NO,NO,N/A
2024,02,Clark,02175.1,Snyder W ES,Regular,26.5,1,YES,25.5,22.5,<5,YES,YES,NO,NO,35,29.8,30.4,N/A,N/A,N/A,N/A,N/A,N/A,N/A,35.1,NO,N/A,NO,NO,N/A
2024,02,Clark,02176.1,Twitchell ES,Regular,81.5,4,NO,65.6,62.4,40.6,YES,YES,NO,NO,63,56,65,N/A,N/A,N/A,N/A,N/A,N/A,N/A,7.1,NO,N/A,NO,NO,N/A
2024,02,Clark,02177.1,Watson ES,Regular,15,1,YES,27.2,24.9,<5,YES,YES,NO,NO,31,21.5,43.7,N/A,N/A,N/A,N/A,N/A,N/A,N/A,26.7,NO,N/A,NO,YES,2
2024,02,Clark,02178.1,Alamo ES,Regular,50,3,NO,52.9,46,14.1,YES,YES,NO,NO,54.5,39.7,51,N/A,N/A,N/A,N/A,N/A,N/A,N/A,16.7,NO,N/A,NO,NO,N/A
2024,02,Clark,02179.1,Brookman ES,Regular,34.5,2,YES,42.8,34.5,10.3,YES,YES,NO,NO,41.3,32.6,41.8,N/A,N/A,N/A,N/A,N/A,N/A,N/A,21.3,NO,N/A,NO,NO,N/A
2024,02,Clark,02180.1,Cozine ES,Regular,29.5,2,YES,39.4,33.5,8.4,YES,YES,NO,NO,40.6,33.4,37.1,N/A,N/A,N/A,N/A,N/A,N/A,N/A,21.1,NO,N/A,NO,YES,1
2024,02,Clark,02181.1,Gehring ACAD ES,Regular,96,5,NO,81.8,82.8,60.7,YES,YES,NO,NO,73.4,74,64.8,N/A,N/A,N/A,N/A,N/A,N/A,N/A,<5,NO,N/A,NO,NO,N/A
2024,02,Clark,02182.1,Iverson ES,Regular,42.5,2,YES,41.7,41.3,12.2,YES,YES,NO,NO,41.9,41.6,31.5,N/A,N/A,N/A,N/A,N/A,N/A,N/A,18,NO,N/A,NO,NO,N/A
2024,02,Clark,02183.1,Walker ES,Regular,48.5,2,NO,54.8,50.6,24,YES,YES,NO,NO,52.5,48.5,18.1,N/A,N/A,N/A,N/A,N/A,N/A,N/A,19,NO,N/A,NO,NO,N/A
2024,02,Clark,02184.1,Conners ES,Regular,69,4,YES,56.7,50.1,19.8,YES,YES,NO,NO,57.8,51.1,56,N/A,N/A,N/A,N/A,N/A,N/A,N/A,24.6,NO,N/A,NO,NO,N/A
2024,02,Clark,02185.1,Givens ES,Regular,71,4,NO,71.4,70.5,35,YES,YES,NO,NO,56.6,51.8,59.5,N/A,N/A,N/A,N/A,N/A,N/A,N/A,13.1,NO,N/A,NO,NO,N/A
2024,02,Clark,02186.1,Goolsby ES,Regular,84.5,5,NO,71.8,70.1,51.6,YES,YES,NO,NO,67.4,61.4,55.3,N/A,N/A,N/A,N/A,N/A,N/A,N/A,11.2,NO,N/A,NO,NO,N/A
2024,02,Clark,02187.1,Hummel ES,Regular,18,1,YES,34.8,32.5,<5,YES,YES,NO,NO,38.1,19.3,5.7,N/A,N/A,N/A,N/A,N/A,N/A,N/A,28.7,NO,N/A,NO,YES,1
2024,02,Clark,02188.1,Scherkenbach ES,Regular,78.8,4,NO,66.5,54.9,9.3,YES,YES,NO,NO,60.1,49,-,N/A,N/A,N/A,N/A,N/A,N/A,N/A,14.4,NO,N/A,NO,NO,N/A
2024,02,Clark,02189.1,Simmons ES,Regular,21,1,YES,41.5,27.6,14.5,YES,YES,NO,NO,38.8,17,34,N/A,N/A,N/A,N/A,N/A,N/A,N/A,20.9,NO,N/A,NO,YES,1
2024,02,Clark,02190.1,Tanaka ES,Regular,58.5,3,YES,55.6,53.1,22.1,YES,YES,NO,NO,52,45.5,60.8,N/A,N/A,N/A,N/A,N/A,N/A,N/A,28.5,NO,N/A,NO,NO,N/A
2024,02,Clark,02191.1,Tartan ES,Regular,28,2,YES,29.3,21.1,<5,YES,YES,YES,NO,41,23.3,36.3,N/A,N/A,N/A,N/A,N/A,N/A,N/A,34.7,NO,N/A,YES,NO,N/A
2024,02,Clark,02192.1,Thiriot ES,Regular,55.5,3,YES,40.7,39,18.2,YES,YES,NO,NO,47.9,36.3,69.6,N/A,N/A,N/A,N/A,N/A,N/A,N/A,12.6,NO,N/A,NO,YES,2
2024,02,Clark,02193.1,Batterman ES,Regular,78.5,4,NO,63.7,60.2,29.2,YES,YES,NO,NO,62,54.6,48.5,N/A,N/A,N/A,N/A,N/A,N/A,N/A,14.1,NO,N/A,NO,NO,N/A
2024,02,Clark,02194.1,Ries ES,Regular,49.5,2,NO,54.5,51.6,13.5,YES,YES,NO,NO,55.2,40.6,29,N/A,N/A,N/A,N/A,N/A,N/A,N/A,18.7,NO,N/A,NO,NO,N/A
2024,02,Clark,02195.1,Hickey ES,Regular,13,1,YES,23.1,18.5,<5,YES,YES,NO,NO,23.5,17.9,24.2,N/A,N/A,N/A,N/A,N/A,N/A,N/A,30.8,NO,N/A,NO,YES,2
2024,02,Clark,02196.1,Jeffers ES,Regular,15.5,1,YES,19.7,20.6,<5,YES,YES,NO,NO,26.6,24.1,22,N/A,N/A,N/A,N/A,N/A,N/A,N/A,29.7,NO,N/A,YES,NO,N/A
2024,02,Clark,02197.1,Goynes ES,Regular,58,3,NO,56.7,46.9,13.8,YES,YES,NO,NO,56.9,42.1,36,N/A,N/A,N/A,N/A,N/A,N/A,N/A,22.6,NO,N/A,NO,NO,N/A
2024,02,Clark,02198.1,Thompson ES,Regular,40,2,NO,50.1,42.4,15,YES,YES,NO,NO,49,37.3,-,N/A,N/A,N/A,N/A,N/A,N/A,N/A,19.5,NO,N/A,NO,NO,N/A
2024,02,Clark,02199.1,Hayden ES,Regular,14,1,YES,26.4,18.4,<5,YES,YES,NO,NO,28.3,17.2,14.7,N/A,N/A,N/A,N/A,N/A,N/A,N/A,29.8,NO,N/A,NO,YES,1
2024,02,Clark,02200.1,Wright ES,Regular,35,2,YES,57.8,40.7,13.3,YES,YES,NO,NO,52.9,20.9,38,N/A,N/A,N/A,N/A,N/A,N/A,N/A,20.2,NO,N/A,NO,NO,N/A
2024,02,Clark,02201.1,Ronzone ES,Regular,13,1,YES,21.4,16.1,<5,YES,YES,NO,NO,29.2,18.7,25.6,N/A,N/A,N/A,N/A,N/A,N/A,N/A,25.2,NO,N/A,NO,YES,2
2024,02,Clark,02202.1,Hoggard ES,Regular,62.5,3,NO,60.7,56.4,15.6,YES,YES,NO,NO,53.8,49.1,35.2,N/A,N/A,N/A,N/A,N/A,N/A,N/A,5,NO,N/A,NO,NO,N/A
2024,02,Clark,02203.1,Ronnow ES,Regular,19,1,YES,25.7,25.7,<5,YES,YES,NO,NO,26.8,21.7,38.6,N/A,N/A,N/A,N/A,N/A,N/A,N/A,18.7,NO,N/A,NO,YES,2
2024,02,Clark,02204.1,Squires ES,Regular,22,1,YES,28.2,19.6,<5,YES,YES,NO,NO,38.9,18.6,28,N/A,N/A,N/A,N/A,N/A,N/A,N/A,30,NO,N/A,YES,NO,N/A
2024,02,Clark,02205.1,Crestwood ES,Regular,56,3,YES,31.8,26.9,<5,YES,YES,NO,NO,45.6,41.7,58.3,N/A,N/A,N/A,N/A,N/A,N/A,N/A,13.5,NO,N/A,NO,NO,N/A
2024,02,Clark,02206.1,Gilbert ES,Regular,43.5,2,YES,46,32.7,<5,YES,YES,NO,NO,49.3,36.8,43.4,N/A,N/A,N/A,N/A,N/A,N/A,N/A,17.3,NO,N/A,NO,NO,N/A
2024,02,Clark,02207.1,Hancock ES,Regular,20.5,1,YES,29.3,26.5,5.4,YES,YES,NO,NO,32.1,24.1,40.6,N/A,N/A,N/A,N/A,N/A,N/A,N/A,29.3,YES,5,NO,NO,N/A
2024,02,Clark,02208.1,Griffith ES,Regular,22,1,YES,22.7,20.3,<5,YES,YES,NO,NO,23,26.9,25.8,N/A,N/A,N/A,N/A,N/A,N/A,N/A,22.2,NO,N/A,NO,NO,N/A
2024,02,Clark,02209.1,Herron ES,Regular,29,2,YES,37.7,37,5,YES,YES,NO,NO,37.9,24,41.8,N/A,N/A,N/A,N/A,N/A,N/A,N/A,6.9,NO,N/A,NO,NO,N/A
2024,02,Clark,02210.1,Hewetson ES,Regular,21,1,YES,22.8,16.9,<5,YES,YES,NO,NO,26.3,22.5,36,N/A,N/A,N/A,N/A,N/A,N/A,N/A,22.3,NO,N/A,YES,NO,N/A
2024,02,Clark,02211.1,Booker ES,Regular,32.5,2,YES,24.1,17.7,6,YES,YES,NO,NO,34,31.9,44.8,N/A,N/A,N/A,N/A,N/A,N/A,N/A,22.4,NO,N/A,NO,NO,N/A
2024,02,Clark,02212.1,Earl I ES,Regular,12,1,YES,16.4,17.1,<5,YES,YES,NO,NO,22.9,17.3,28.1,N/A,N/A,N/A,N/A,N/A,N/A,N/A,27.3,NO,N/A,YES,NO,N/A
2024,02,Clark,02213.1,Manch ES,Regular,9,1,YES,18.1,7.4,<5,YES,YES,NO,NO,17.3,6.4,18.9,N/A,N/A,N/A,N/A,N/A,N/A,N/A,49.6,YES,6,NO,NO,N/A
2024,02,Clark,02214.1,Ullom ES,Regular,43.5,2,YES,35.5,32,10.8,YES,YES,NO,NO,38,35.3,55.6,N/A,N/A,N/A,N/A,N/A,N/A,N/A,31.7,NO,N/A,NO,NO,N/A
2024,02,Clark,02215.1,Miller John F ES,Special Education,6.6,1,YES,<5,15,-,-,N/A,YES,NO,N/A,N/A,N/A,N/A,N/A,N/A,N/A,N/A,N/A,N/A,61.2,YES,4,NO,NO,N/A
2024,02,Clark,02215.2,Miller John F MS,Special Education,8.1,1,NO,<5,<5,-,NO,NO,YES,YES,N/A,N/A,N/A,-,N/A,N/A,N/A,N/A,N/A,N/A,54.5,YES,4,NO,NO,N/A
2024,02,Clark,02215.3,Miller John F HS,Special Education,3.3,1,NO,<5,<5,-,-,-,YES,NO,N/A,N/A,N/A,N/A,<5,N/A,N/A,N/A,<5,<5,55.5,YES,4,NO,NO,N/A
2024,02,Clark,02216.1,Park ES,Regular,9,1,YES,30,24.8,<5,YES,YES,NO,NO,25,18.1,27.4,N/A,N/A,N/A,N/A,N/A,N/A,N/A,37.1,YES,1,NO,NO,N/A
2024,02,Clark,02217.1,Mackey ES,Regular,48,2,NO,55.3,46.2,10.7,YES,YES,NO,NO,48.8,30.5,52.5,N/A,N/A,N/A,N/A,N/A,N/A,N/A,8.5,NO,N/A,NO,NO,N/A
2024,02,Clark,02218.1,McWilliams ES,Regular,18.5,1,YES,25.6,19.7,<5,YES,YES,NO,NO,30,24.7,34.4,N/A,N/A,N/A,N/A,N/A,N/A,N/A,22.7,NO,N/A,NO,YES,1
2024,02,Clark,02219.1,Toland ES,Regular,39.5,2,YES,48.4,38.4,7.1,YES,YES,NO,NO,47,30.5,37,N/A,N/A,N/A,N/A,N/A,N/A,N/A,15.7,NO,N/A,NO,NO,N/A
2024,02,Clark,02220.1,Dearing ES,Regular,13,1,YES,22.9,17.8,<5,YES,YES,NO,NO,31.1,20.3,25.9,N/A,N/A,N/A,N/A,N/A,N/A,N/A,35.7,NO,N/A,NO,YES,2
2024,02,Clark,02221.1,Rowe ES,Regular,37.5,2,YES,43.7,29.8,7.9,YES,YES,NO,NO,60.2,24.2,40.6,N/A,N/A,N/A,N/A,N/A,N/A,N/A,24.8,NO,N/A,NO,NO,N/A
2024,02,Clark,02222.1,Lincoln ES,Regular,29,2,YES,22,20.9,5.2,YES,YES,NO,NO,33.3,32.7,33.3,N/A,N/A,N/A,N/A,N/A,N/A,N/A,21.1,NO,N/A,NO,NO,N/A
2024,02,Clark,02223.1,Craig ES,Regular,9,1,YES,8.2,8.2,<5,YES,YES,NO,NO,15.4,6.3,28,N/A,N/A,N/A,N/A,N/A,N/A,N/A,42.8,YES,1,NO,NO,N/A
2024,02,Clark,02224.1,Williams W ES,Regular,14,1,YES,13.8,11.8,<5,YES,YES,NO,NO,17.1,19.1,31.5,N/A,N/A,N/A,N/A,N/A,N/A,N/A,46.4,NO,N/A,NO,YES,2
2024,02,Clark,02225.1,Cahlan ES,Regular,21,1,YES,35.7,30.6,5.9,YES,YES,NO,NO,38.3,25.7,37.1,N/A,N/A,N/A,N/A,N/A,N/A,N/A,30.1,NO,N/A,NO,NO,N/A
2024,02,Clark,02226.1,Kelly ES,Regular,11,1,YES,11.3,9,<5,YES,YES,NO,NO,17.1,17.1,23,N/A,N/A,N/A,N/A,N/A,N/A,N/A,35.2,YES,6,NO,NO,N/A
2024,02,Clark,02228.1,Mountain View ES,Regular,10,1,YES,22,21.2,<5,YES,YES,NO,NO,24.2,19.3,32.1,N/A,N/A,N/A,N/A,N/A,N/A,N/A,36.7,YES,1,NO,NO,N/A
2024,02,Clark,02230.1,Taylor G ES,Regular,69,4,NO,63.1,56.9,21,YES,YES,NO,NO,59.2,51.7,60.7,N/A,N/A,N/A,N/A,N/A,N/A,N/A,13.6,NO,N/A,NO,NO,N/A
2024,02,Clark,02231.1,Adcock ES,Regular,29,2,YES,37.9,34.9,6.6,YES,YES,NO,NO,39,33.3,40.9,N/A,N/A,N/A,N/A,N/A,N/A,N/A,29.3,NO,N/A,NO,NO,N/A
2024,02,Clark,02232.1,Paradise ES,Regular,41,2,YES,36.1,26.2,<5,YES,YES,NO,NO,52.3,30.2,41.3,N/A,N/A,N/A,N/A,N/A,N/A,N/A,35.1,NO,N/A,NO,NO,N/A
2024,02,Clark,02233.1,Culley ES,Regular,21.5,1,YES,35.6,25.2,5.4,YES,YES,NO,NO,39.4,25.4,30.9,N/A,N/A,N/A,N/A,N/A,N/A,N/A,21.9,NO,N/A,NO,YES,1
2024,02,Clark,02234.1,McCall ES,Regular,38,2,YES,27.4,26.5,<5,YES,YES,NO,NO,45.8,40.8,25,N/A,N/A,N/A,N/A,N/A,N/A,N/A,30.3,NO,N/A,NO,NO,N/A
2024,02,Clark,02235.1,Red Rock ES,Regular,45,2,YES,29.2,28.6,<5,YES,YES,NO,NO,39,53.2,43.1,N/A,N/A,N/A,N/A,N/A,N/A,N/A,29.5,NO,N/A,NO,NO,N/A
2024,02,Clark,02236.1,Bell ES,Regular,18,1,YES,24,18.7,<5,YES,YES,NO,NO,29.6,25.9,31.6,N/A,N/A,N/A,N/A,N/A,N/A,N/A,30.6,NO,N/A,NO,YES,2
2024,02,Clark,02237.1,Lake ES,Regular,18,1,YES,24.1,18.3,<5,YES,YES,NO,NO,30.4,17.2,43.8,N/A,N/A,N/A,N/A,N/A,N/A,N/A,26.3,NO,N/A,NO,NO,N/A
2024,02,Clark,02238.1,Warren ES,Regular,27,2,YES,27.3,24.8,<5,YES,YES,NO,NO,39.3,21.2,40.6,N/A,N/A,N/A,N/A,N/A,N/A,N/A,34.9,NO,N/A,NO,NO,N/A
2024,02,Clark,02239.1,Thomas ES,Regular,15,1,YES,18.6,11.4,<5,YES,YES,NO,NO,26.2,14.7,42.8,N/A,N/A,N/A,N/A,N/A,N/A,N/A,47.7,NO,N/A,YES,NO,N/A
2024,02,Clark,02241.1,Sunrise Acres ES,Regular,19.5,1,YES,22.2,15.8,<5,YES,YES,YES,YES,30.1,23.5,29.3,N/A,N/A,N/A,N/A,N/A,N/A,N/A,31.3,YES,2,NO,NO,N/A
2024,02,Clark,02242.1,Williams T ES,Regular,26,1,YES,28.9,15.6,<5,YES,YES,NO,NO,39.6,14.2,37.1,N/A,N/A,N/A,N/A,N/A,N/A,N/A,14.2,NO,N/A,NO,YES,2
2024,02,Clark,02243.1,Twin Lakes ES,Regular,30,2,YES,30.1,23.8,<5,YES,YES,NO,NO,42,24.3,34,N/A,N/A,N/A,N/A,N/A,N/A,N/A,16.3,NO,N/A,NO,NO,N/A
2024,02,Clark,02244.1,Pittman ES,Regular,50,3,YES,22.2,24,5.4,YES,YES,NO,NO,45,45.4,50,N/A,N/A,N/A,N/A,N/A,N/A,N/A,31.8,NO,N/A,NO,NO,N/A
2024,02,Clark,02245.1,Vegas Verdes ES,Regular,38.5,2,YES,29.7,30.4,<5,YES,YES,NO,NO,35.9,41.2,36.5,N/A,N/A,N/A,N/A,N/A,N/A,N/A,16.6,NO,N/A,NO,NO,N/A
2024,02,Clark,02246.1,Bracken ES,Regular,80,4,YES,64.9,47.6,17.2,YES,YES,NO,NO,66,53.9,37.1,N/A,N/A,N/A,N/A,N/A,N/A,N/A,6.8,NO,N/A,NO,NO,N/A
2024,02,Clark,02247.1,Wasden ES,Regular,38,2,YES,36.5,29.7,7.9,YES,YES,NO,NO,47.9,34.7,31.6,N/A,N/A,N/A,N/A,N/A,N/A,N/A,28.2,NO,N/A,NO,NO,N/A
2024,02,Clark,02248.1,Beckley ES,Regular,18.5,1,YES,23.7,17.7,<5,YES,YES,NO,NO,35.1,19.3,36.1,N/A,N/A,N/A,N/A,N/A,N/A,N/A,31.7,NO,N/A,NO,YES,1
2024,02,Clark,02249.1,McCaw ES,Regular,89,5,NO,77.8,73.9,42.1,YES,YES,NO,NO,67.1,59.9,66.6,N/A,N/A,N/A,N/A,N/A,N/A,N/A,<5,NO,N/A,NO,NO,N/A
2024,02,Clark,02250.1,Mitchell ES,Regular,45,Not Rated,NO,N/A,N/A,N/A,N/A,N/A,NO,NO,N/A,N/A,-,N/A,N/A,N/A,N/A,N/A,N/A,N/A,17.8,NO,N/A,NO,NO,N/A
2024,02,Clark,02251.1,Sewell ES,Regular,12,1,YES,28.1,22,<5,YES,YES,NO,NO,28.2,16.4,18.9,N/A,N/A,N/A,N/A,N/A,N/A,N/A,34.9,NO,N/A,NO,YES,1
2024,02,Clark,02252.1,Indian Springs ES,Regular,38.3,2,YES,37,29,12,YES,YES,NO,NO,46.3,34.1,-,N/A,N/A,N/A,N/A,N/A,N/A,N/A,31.4,NO,N/A,NO,NO,N/A
2024,02,Clark,02253.1,Priest ES,Regular,32.5,2,YES,37.9,34,8.4,YES,YES,NO,NO,42,37.5,39,N/A,N/A,N/A,N/A,N/A,N/A,N/A,25,NO,N/A,NO,NO,N/A
2024,02,Clark,02254.1,Taylor R ES,Regular,18,1,YES,17.8,18.3,<5,YES,YES,YES,YES,22.4,18.8,50,N/A,N/A,N/A,N/A,N/A,N/A,N/A,35.8,YES,6,NO,NO,N/A
2024,02,Clark,02255.1,Virgin Valley ES,Regular,43.5,2,NO,50,44.8,7,YES,YES,NO,NO,48.8,40.4,33.8,N/A,N/A,N/A,N/A,N/A,N/A,N/A,14.5,NO,N/A,NO,NO,N/A
2024,02,Clark,02256.1,Whitney ES,Regular,27.5,2,YES,32.8,23.7,<5,YES,YES,NO,NO,45.2,25,41.3,N/A,N/A,N/A,N/A,N/A,N/A,N/A,25,NO,N/A,NO,NO,N/A
2024,02,Clark,02257.1,Ferron ES,Regular,36.5,2,YES,40,35.2,9.3,YES,YES,NO,NO,33.5,34.7,46.3,N/A,N/A,N/A,N/A,N/A,N/A,N/A,11,NO,N/A,NO,NO,N/A
2024,02,Clark,02258.1,Gene Ward ES,Regular,12,1,YES,25.2,16.9,<5,YES,YES,NO,NO,19.6,14.9,38.2,N/A,N/A,N/A,N/A,N/A,N/A,N/A,22.8,YES,6,NO,NO,N/A
2024,02,Clark,02259.1,Wengert ES,Regular,31,2,YES,35.2,25.3,5.7,YES,YES,NO,NO,40.9,27,49.6,N/A,N/A,N/A,N/A,N/A,N/A,N/A,21.2,NO,N/A,NO,NO,N/A
2024,02,Clark,02260.1,Tate ES,Regular,40,2,YES,37.5,36.4,8.1,YES,YES,NO,NO,38.4,37.4,45.2,N/A,N/A,N/A,N/A,N/A,N/A,N/A,26.7,NO,N/A,NO,YES,1
2024,02,Clark,02261.1,Harmon ES,Regular,20.5,1,YES,35.3,29.6,6.5,YES,YES,NO,NO,33.5,25,32.5,N/A,N/A,N/A,N/A,N/A,N/A,N/A,21.1,NO,N/A,NO,NO,N/A
2024,02,Clark,02262.1,Harris ES,Regular,15,1,YES,33.4,22.7,<5,YES,YES,NO,NO,30.6,17.4,26.4,N/A,N/A,N/A,N/A,N/A,N/A,N/A,29.3,NO,N/A,NO,YES,1
2024,02,Clark,02263.1,Diskin ES,Regular,59,3,YES,45,40.9,12.7,YES,YES,NO,NO,53.5,48,50,N/A,N/A,N/A,N/A,N/A,N/A,N/A,21.5,NO,N/A,NO,NO,N/A
2024,02,Clark,02264.1,Smith Helen ES,Regular,43,2,YES,42.5,38.8,8.9,YES,YES,NO,NO,44.4,40.5,47,N/A,N/A,N/A,N/A,N/A,N/A,N/A,15,NO,N/A,NO,NO,N/A
2024,02,Clark,02265.1,Tomiyasu ES,Regular,31.5,2,YES,37.5,31.7,5.3,YES,YES,NO,NO,40.7,30,50,N/A,N/A,N/A,N/A,N/A,N/A,N/A,23.2,NO,N/A,NO,NO,N/A
2024,02,Clark,02266.1,Dondero ES,Regular,37,2,YES,30.7,27.8,<5,YES,YES,NO,NO,38,40.3,31,N/A,N/A,N/A,N/A,N/A,N/A,N/A,17.9,NO,N/A,NO,NO,N/A
2024,02,Clark,02267.1,Edwards ES,Regular,21.5,1,YES,26.6,21.3,<5,YES,YES,NO,NO,32,24.3,38.5,N/A,N/A,N/A,N/A,N/A,N/A,N/A,24.6,NO,N/A,NO,NO,N/A
2024,02,Clark,02268.1,French ES,Regular,32,2,YES,41,29.8,18.4,YES,YES,NO,NO,49.5,32.7,38.8,N/A,N/A,N/A,N/A,N/A,N/A,N/A,20.6,NO,N/A,NO,NO,N/A
2024,02,Clark,02269.1,Decker ES,Regular,58.5,3,YES,40.3,39,7.7,YES,YES,NO,NO,51.4,53.6,47.4,N/A,N/A,N/A,N/A,N/A,N/A,N/A,21.4,NO,N/A,NO,NO,N/A
2024,02,Clark,02270.1,Long ES,Regular,10,1,YES,27.6,21.3,5.8,YES,YES,NO,NO,26.1,13,21.5,N/A,N/A,N/A,N/A,N/A,N/A,N/A,28,YES,5,NO,NO,N/A
2024,02,Clark,02271.1,Bilbray ES,Regular,76.5,4,NO,64,57.9,15.3,YES,YES,NO,NO,59.2,55,43.7,N/A,N/A,N/A,N/A,N/A,N/A,N/A,15.7,NO,N/A,NO,NO,N/A
2024,02,Clark,02272.1,Frias ES,Regular,77.5,4,NO,65.9,64.1,26.8,YES,YES,NO,NO,64.8,45.1,75,N/A,N/A,N/A,N/A,N/A,N/A,N/A,14,NO,N/A,NO,NO,N/A
2024,02,Clark,02273.1,Hollingsworth ES,Regular,32.5,2,YES,30.1,16.5,<5,YES,YES,NO,NO,42.1,26.3,39.4,N/A,N/A,N/A,N/A,N/A,N/A,N/A,25.4,NO,N/A,NO,NO,N/A
2024,02,Clark,02274.1,Miller Sandy ES,Regular,34.5,2,YES,44,37,6.4,YES,YES,NO,NO,40,20.2,48.1,N/A,N/A,N/A,N/A,N/A,N/A,N/A,7.4,NO,N/A,NO,NO,N/A
2024,02,Clark,02275.1,Gragson ES,Regular,27,2,YES,33.3,16.6,7.4,YES,YES,NO,NO,43.2,12.8,44.5,N/A,N/A,N/A,N/A,N/A,N/A,N/A,28.6,NO,N/A,YES,NO,N/A
2024,02,Clark,02276.1,Galloway ES,Regular,19.5,1,YES,39.4,38.8,6,YES,YES,NO,NO,27.7,28.4,38,N/A,N/A,N/A,N/A,N/A,N/A,N/A,25.1,NO,N/A,NO,YES,2
2024,02,Clark,02277.1,Mack ES,Regular,56,3,NO,56.8,59.3,18.5,YES,YES,NO,NO,52.7,51.3,26.6,N/A,N/A,N/A,N/A,N/A,N/A,N/A,19.6,NO,N/A,NO,NO,N/A
2024,02,Clark,02278.1,Gray ES,Regular,36,2,YES,39.7,29.1,6.1,YES,YES,NO,NO,48.9,30.2,38.7,N/A,N/A,N/A,N/A,N/A,N/A,N/A,20.5,NO,N/A,NO,NO,N/A
2024,02,Clark,02279.1,Bowler Grant ES,Regular,69.4,4,NO,56.9,49.3,20.1,YES,YES,NO,NO,59.5,49.4,-,N/A,N/A,N/A,N/A,N/A,N/A,N/A,21.6,NO,N/A,NO,NO,N/A
2024,02,Clark,02280.1,Bass ES,Regular,68.5,4,YES,59.3,48.1,16.8,YES,YES,NO,NO,58.4,51.2,60.6,N/A,N/A,N/A,N/A,N/A,N/A,N/A,15.6,NO,N/A,NO,NO,N/A
2024,02,Clark,02281.1,Martinez ES,Regular,35,2,YES,24.8,20.6,<5,YES,YES,NO,NO,30.8,29.7,47.4,N/A,N/A,N/A,N/A,N/A,N/A,N/A,16.2,NO,N/A,NO,NO,N/A
2024,02,Clark,02282.1,Moore ES,Regular,30.5,2,YES,29,26.1,<5,YES,YES,NO,NO,36,37.6,36.5,N/A,N/A,N/A,N/A,N/A,N/A,N/A,34.3,NO,N/A,NO,NO,N/A
2024,02,Clark,02283.1,Ober ES,Regular,50.5,3,NO,44.5,35.8,20.2,YES,YES,NO,NO,56.4,40.9,34.8,N/A,N/A,N/A,N/A,N/A,N/A,N/A,24.4,NO,N/A,NO,NO,N/A
2024,02,Clark,02284.1,Smith Hal ES,Regular,16,1,YES,14.8,8.2,<5,YES,YES,NO,NO,24.1,18.7,35,N/A,N/A,N/A,N/A,N/A,N/A,N/A,38.8,YES,6,NO,NO,N/A
2024,02,Clark,02285.1,Tarr ES,Regular,54.5,3,NO,61.6,55.3,13.7,YES,YES,NO,NO,49.3,40.6,52.5,N/A,N/A,N/A,N/A,N/A,N/A,N/A,11.6,NO,N/A,NO,NO,N/A
2024,02,Clark,02286.1,Staton ES,Regular,74.5,4,NO,65.7,64.7,32.1,YES,YES,NO,NO,57.4,45.4,65.7,N/A,N/A,N/A,N/A,N/A,N/A,N/A,11.7,NO,N/A,NO,NO,N/A
2024,02,Clark,02287.1,Wolff ES,Regular,81.5,4,NO,73.1,69.3,33.3,YES,YES,NO,NO,67.6,59.8,68.7,N/A,N/A,N/A,N/A,N/A,N/A,N/A,13,NO,N/A,NO,NO,N/A
2024,02,Clark,02289.1,Petersen ES,Regular,27,2,YES,18.3,14.6,<5,YES,YES,NO,NO,34.1,25.9,21.9,N/A,N/A,N/A,N/A,N/A,N/A,N/A,46.5,NO,N/A,NO,YES,2
2024,02,Clark,02290.1,Tobler ES,Regular,67,4,YES,52.8,41.3,5.8,YES,YES,NO,NO,52.3,38.7,55.5,N/A,N/A,N/A,N/A,N/A,N/A,N/A,8.1,NO,N/A,NO,NO,N/A
2024,02,Clark,02291.1,Sandy Valley ES,Regular,54.5,3,YES,47.2,36.3,10,YES,YES,NO,NO,60.5,39.4,46.1,N/A,N/A,N/A,N/A,N/A,N/A,N/A,32,NO,N/A,NO,NO,N/A
2024,02,Clark,02292.1,Bennett William ES,Regular,15,1,YES,20.2,16.7,<5,YES,YES,NO,NO,17.8,13,18.1,N/A,N/A,N/A,N/A,N/A,N/A,N/A,28,NO,N/A,NO,NO,N/A
2024,02,Clark,02293.1,Cox C ES,Regular,29.5,2,YES,21.8,12.1,<5,YES,YES,NO,NO,41,21,43.7,N/A,N/A,N/A,N/A,N/A,N/A,N/A,29.3,YES,3,NO,NO,N/A
2024,02,Clark,02294.1,Stanford ES,Regular,20,1,YES,30.5,30,7.1,YES,YES,NO,NO,34,20.5,33,N/A,N/A,N/A,N/A,N/A,N/A,N/A,14.2,NO,N/A,NO,NO,N/A
2024,02,Clark,02295.1,Reed ES,Regular,23.5,1,YES,31,28.9,<5,YES,YES,NO,NO,27.8,32.2,29.2,N/A,N/A,N/A,N/A,N/A,N/A,N/A,38.2,NO,N/A,YES,NO,N/A
2024,02,Clark,02296.1,Earl M ES,Regular,35.5,2,YES,36.4,33.7,13.2,YES,YES,NO,NO,40.7,34.3,31.8,N/A,N/A,N/A,N/A,N/A,N/A,N/A,17,NO,N/A,NO,NO,N/A
2024,02,Clark,02297.1,Hinman ES,Regular,21,1,YES,28.1,17.1,6.1,YES,YES,NO,NO,34.3,19.3,41.9,N/A,N/A,N/A,N/A,N/A,N/A,N/A,24.4,YES,2,NO,NO,N/A
2024,02,Clark,02298.1,McDoniel ES,Regular,88.5,5,YES,67.7,61.4,26.5,YES,YES,NO,NO,61.2,60.7,53.3,N/A,N/A,N/A,N/A,N/A,N/A,N/A,8.8,NO,N/A,NO,NO,N/A
2024,02,Clark,02299.1,Odyssey ES,District Charter,55.5,3,NO,58.9,35.3,14.8,YES,YES,NO,NO,52.2,35.7,90.9,N/A,N/A,N/A,N/A,N/A,N/A,N/A,<5,NO,N/A,NO,NO,N/A
2024,02,Clark,02300.1,Detwiler ES,Regular,20,1,YES,17.3,14.6,<5,YES,YES,NO,NO,24.5,15,56.1,N/A,N/A,N/A,N/A,N/A,N/A,N/A,29.6,NO,N/A,NO,YES,1
2024,02,Clark,02301.2,Von Tobel MS,Regular,13,1,YES,19.2,7.9,20.8,YES,YES,NO,NO,19.4,8.3,5,74.8,N/A,N/A,N/A,N/A,N/A,N/A,37.6,YES,5,NO,NO,N/A
2024,02,Clark,02302.2,Garside MS,Regular,22,1,YES,22.1,8.9,19.9,YES,YES,NO,NO,22.5,10.7,30,60.4,N/A,N/A,N/A,N/A,N/A,N/A,28.5,NO,N/A,NO,YES,1
2024,02,Clark,02303.2,Hyde Park MS,Regular,65.5,3,NO,54.9,48.1,59.4,YES,YES,NO,NO,52.6,47.8,20.5,86.5,N/A,N/A,N/A,N/A,N/A,N/A,6.9,NO,N/A,YES,NO,N/A
2024,02,Clark,02304.2,Cashman MS,Regular,22,1,YES,25.5,14.5,29.2,YES,YES,NO,NO,26.5,14.1,26.9,85,N/A,N/A,N/A,N/A,N/A,N/A,37.7,NO,N/A,YES,NO,N/A
2024,02,Clark,02305.2,Smith MS,Regular,18,1,YES,17.7,6.2,16,YES,YES,NO,NO,19,8.5,19.5,66.4,N/A,N/A,N/A,N/A,N/A,N/A,32.5,NO,N/A,YES,NO,N/A
2024,02,Clark,02306.2,Brinley MS,Regular,30,2,YES,22.7,8.1,34.9,YES,YES,NO,NO,23.8,10.3,43.3,65.7,N/A,N/A,N/A,N/A,N/A,N/A,31.3,NO,N/A,YES,NO,N/A
2024,02,Clark,02307.2,Bridger MS,Regular,30,2,YES,26.5,17.7,24.1,YES,YES,NO,NO,24.9,19.4,29.7,84.1,N/A,N/A,N/A,N/A,N/A,N/A,25.2,NO,N/A,YES,NO,N/A
2024,02,Clark,02308.2,Fremont MS,Regular,44,2,YES,33.3,17.5,21.1,YES,YES,NO,NO,31.6,20,41.3,94,N/A,N/A,N/A,N/A,N/A,N/A,16.3,NO,N/A,NO,NO,N/A
2024,02,Clark,02309.2,Knudson MS,Regular,28.5,1,YES,43.7,14.3,29.2,YES,YES,NO,NO,44.3,12.4,17.1,92.3,N/A,N/A,N/A,N/A,N/A,N/A,26,NO,N/A,YES,NO,N/A
2024,02,Clark,02310.2,Gibson MS,Regular,29,2,YES,30.7,13.7,30,YES,YES,NO,NO,31.4,14.7,25.1,66.7,N/A,N/A,N/A,N/A,N/A,N/A,24.7,NO,N/A,YES,NO,N/A
2024,02,Clark,02311.2,Martin MS,Regular,22,1,YES,29.4,12.1,21.1,YES,YES,NO,NO,28.6,13.1,22.1,68.4,N/A,N/A,N/A,N/A,N/A,N/A,32.3,NO,N/A,YES,NO,N/A
2024,02,Clark,02312.2,Orr MS,Regular,24,1,YES,17.2,8.3,13.5,YES,YES,NO,NO,21,10.5,25.7,60.7,N/A,N/A,N/A,N/A,N/A,N/A,42.4,NO,N/A,YES,NO,N/A
2024,02,Clark,02313.2,Burkholder MS,Regular,30.5,2,YES,33.7,18.2,35.2,YES,YES,NO,NO,36.1,19,20.5,80.1,N/A,N/A,N/A,N/A,N/A,N/A,33.6,NO,N/A,YES,NO,N/A
2024,02,Clark,02314.2,Woodbury MS,Regular,14,1,YES,20.3,7.5,16.8,YES,YES,NO,NO,18.8,6.8,10.7,92.2,N/A,N/A,N/A,N/A,N/A,N/A,37.6,NO,N/A,NO,YES,1
2024,02,Clark,02315.2,Robison MS,Regular,26,1,YES,21,5.8,13.8,YES,YES,NO,NO,22.7,6.2,28.7,75.3,N/A,N/A,N/A,N/A,N/A,N/A,25.4,NO,N/A,YES,NO,N/A
2024,02,Clark,02316.2,Cannon JHS MS,Regular,11,1,YES,21.4,8.5,19.5,NO,NO,YES,NO,21.3,8.7,9.8,54.9,N/A,N/A,N/A,N/A,N/A,N/A,32.1,YES,1,NO,NO,N/A
2024,02,Clark,02317.2,Guinn MS,Regular,45,2,YES,44.4,29,45.2,NO,YES,YES,NO,45.2,28.1,17.3,75.8,N/A,N/A,N/A,N/A,N/A,N/A,21.3,NO,N/A,YES,NO,N/A
2024,02,Clark,02318.2,Garrett MS,Regular,62.2,3,NO,54.6,38.1,56.6,YES,YES,NO,NO,51.2,37.4,-,93,N/A,N/A,N/A,N/A,N/A,N/A,15.9,NO,N/A,NO,NO,N/A
2024,02,Clark,02319.2,Brown JHS MS,Regular,31.5,2,YES,36.6,20.6,35.4,YES,YES,NO,NO,36,19,23.6,87.8,N/A,N/A,N/A,N/A,N/A,N/A,34.2,NO,N/A,YES,NO,N/A
2024,02,Clark,02320.2,Sandy Valley JSHS MS,Regular,43.5,2,YES,22,22.3,35.7,YES,YES,NO,NO,25,27,40,>95,N/A,N/A,N/A,N/A,N/A,N/A,26.9,NO,N/A,NO,NO,N/A
2024,02,Clark,02320.3,Sandy Valley JSHS HS,Regular,65,3,NO,42.3,21.4,9.5,YES,YES,NO,NO,N/A,N/A,5,N/A,100,64.7,41.1,44.4,94.7,>95,18.7,NO,N/A,NO,NO,N/A
2024,02,Clark,02321.2,Laughlin JSHS MS,Regular,26.1,1,NO,33.5,17.8,29.7,YES,YES,NO,NO,33,19.1,-,94.3,N/A,N/A,N/A,N/A,N/A,N/A,33.8,NO,N/A,NO,NO,N/A
2024,02,Clark,02321.3,Laughlin JSHS HS,Regular,48.8,2,YES,51.6,<5,16,YES,YES,NO,NO,N/A,N/A,-,N/A,93.4,55.2,21,46.6,83.3,85.7,34.1,NO,N/A,NO,NO,N/A
2024,02,Clark,02322.2,OCallaghan i3 ACAD MS,Regular,81.5,5,NO,57.7,42.3,59.1,YES,YES,NO,NO,57.2,44.9,54.6,>95,N/A,N/A,N/A,N/A,N/A,N/A,9.6,NO,N/A,NO,NO,N/A
2024,02,Clark,02323.2,Johnson JHS MS,Regular,51.5,3,NO,48.5,31.4,46.7,YES,YES,NO,NO,49.7,31.8,22.9,71.6,N/A,N/A,N/A,N/A,N/A,N/A,22.2,NO,N/A,YES,NO,N/A
2024,02,Clark,02324.2,Greenspun JHS MS,Regular,56.5,3,NO,49.7,32.6,45.4,YES,YES,NO,NO,50,33.6,26.4,79,N/A,N/A,N/A,N/A,N/A,N/A,22.4,NO,N/A,YES,NO,N/A
2024,02,Clark,02325.2,Swainston MS,Regular,20.5,1,YES,20.4,9.4,19,YES,YES,NO,NO,19.9,10.3,20.2,67.2,N/A,N/A,N/A,N/A,N/A,N/A,23.6,NO,N/A,YES,NO,N/A
2024,02,Clark,02326.2,White MS,Regular,70.5,4,NO,63.5,35.4,52.4,YES,YES,NO,NO,60,36.2,25.8,92.7,N/A,N/A,N/A,N/A,N/A,N/A,14.5,NO,N/A,NO,NO,N/A
2024,02,Clark,02327.2,Becker MS,Regular,47,2,NO,37.4,28.9,44.7,YES,YES,NO,NO,38.4,30,16,76.3,N/A,N/A,N/A,N/A,N/A,N/A,7.9,NO,N/A,YES,NO,N/A
2024,02,Clark,02328.2,Sawyer MS,Regular,51,3,YES,36.4,21.2,29.3,YES,YES,NO,NO,41.2,23.9,25.3,87.5,N/A,N/A,N/A,N/A,N/A,N/A,14.8,NO,N/A,YES,NO,N/A
2024,02,Clark,02329.2,Lyon MS,Regular,83.3,5,NO,55.8,58.5,63.4,YES,YES,NO,NO,55.5,63.1,-,90.6,N/A,N/A,N/A,N/A,N/A,N/A,31.9,NO,N/A,NO,NO,N/A
2024,02,Clark,02330.2,West Prep JSHS MS,Regular,21,1,YES,25.8,12.4,26.4,YES,YES,NO,NO,28.3,14.8,19.1,72.3,N/A,N/A,N/A,N/A,N/A,N/A,36.9,NO,N/A,YES,NO,N/A
2024,02,Clark,02330.3,West Prep JSHS HS,Regular,72,4,NO,38.1,5.2,20,YES,YES,NO,NO,N/A,N/A,21,N/A,79.7,77.6,39.4,52.1,93.4,>95,13.9,NO,N/A,NO,NO,N/A
2024,02,Clark,02331.2,Lied STEM ACAD MS,Regular,82,5,NO,60.4,52.6,60,YES,YES,NO,NO,56.7,50.7,28.1,>95,N/A,N/A,N/A,N/A,N/A,N/A,8.8,NO,N/A,NO,NO,N/A
2024,02,Clark,02332.2,Keller MS,Regular,21,1,YES,19.5,9,18.7,YES,YES,NO,NO,19.5,10.4,19.3,80.5,N/A,N/A,N/A,N/A,N/A,N/A,38.5,NO,N/A,YES,NO,N/A
2024,02,Clark,02333.2,Molasky JHS MS,Regular,20,1,YES,24.3,12.8,18.9,YES,YES,NO,NO,24.7,14.4,18,68.2,N/A,N/A,N/A,N/A,N/A,N/A,31.9,NO,N/A,NO,YES,1
2024,02,Clark,02334.2,Silvestri JHS MS,Regular,17.5,1,YES,29.9,13.2,28,YES,YES,NO,NO,32.6,14.3,15.5,75.6,N/A,N/A,N/A,N/A,N/A,N/A,26,NO,N/A,YES,NO,N/A
2024,02,Clark,02335.2,Cortney JHS MS,Regular,13,1,YES,19.5,9.2,16.5,NO,NO,YES,YES,19.5,9.6,11,61.8,N/A,N/A,N/A,N/A,N/A,N/A,41.9,NO,N/A,YES,NO,N/A
2024,02,Clark,02336.2,Indian Springs MS,Regular,46.6,2,NO,49.3,16.8,56.5,YES,YES,NO,NO,54.1,12.5,-,>95,N/A,N/A,N/A,N/A,N/A,N/A,30,NO,N/A,NO,NO,N/A
2024,02,Clark,02337.2,Lawrence JHS MS,Regular,38.5,2,YES,35.3,19.2,30.6,YES,YES,NO,NO,36.4,20.4,35,74.9,N/A,N/A,N/A,N/A,N/A,N/A,28.8,NO,N/A,YES,NO,N/A
2024,02,Clark,02338.2,Miller MS,Regular,68.5,3,NO,60.9,49.8,55.9,YES,YES,NO,NO,57,48.3,26.6,93.3,N/A,N/A,N/A,N/A,N/A,N/A,15.6,NO,N/A,NO,NO,N/A
2024,02,Clark,02339.2,Rogich MS,Regular,86,5,NO,67.7,56.9,56.2,YES,YES,NO,NO,65.5,56.2,45.1,90,N/A,N/A,N/A,N/A,N/A,N/A,16.5,NO,N/A,NO,NO,N/A
2024,02,Clark,02341.2,Leavitt MS,Regular,44.5,2,NO,45.6,25.7,34.4,YES,YES,NO,NO,45.1,25.9,17.7,83,N/A,N/A,N/A,N/A,N/A,N/A,17.6,NO,N/A,YES,NO,N/A
2024,02,Clark,02342.2,Cram MS,Regular,46,2,NO,37.6,26.7,29,YES,YES,NO,NO,39.2,31.7,22.4,77.4,N/A,N/A,N/A,N/A,N/A,N/A,32,NO,N/A,YES,NO,N/A
2024,02,Clark,02343.2,Monaco MS,Regular,27,1,YES,23.4,11.8,24.3,YES,YES,NO,NO,26.3,13.7,20,69.6,N/A,N/A,N/A,N/A,N/A,N/A,31.8,NO,N/A,YES,NO,N/A
2024,02,Clark,02344.2,Schofield MS,Regular,44,2,YES,35.5,19.6,34.4,YES,YES,NO,NO,36.8,20.9,44.4,79.5,N/A,N/A,N/A,N/A,N/A,N/A,19.9,NO,N/A,YES,NO,N/A
2024,02,Clark,02345.2,Sedway MS,Regular,24,1,YES,21.6,9.8,23.8,YES,YES,YES,YES,22.4,13.5,25.8,90.9,N/A,N/A,N/A,N/A,N/A,N/A,39.4,NO,N/A,YES,NO,N/A
2024,02,Clark,02346.2,Harney MS,Regular,13,1,YES,18.1,6.5,19,YES,YES,NO,NO,17.6,6.9,13.5,82.1,N/A,N/A,N/A,N/A,N/A,N/A,37.1,NO,N/A,NO,YES,1
2024,02,Clark,02347.2,Fertitta MS,Regular,69.5,3,NO,51.5,41.6,43,YES,YES,NO,NO,51,42.6,22.2,84.2,N/A,N/A,N/A,N/A,N/A,N/A,<5,NO,N/A,YES,NO,N/A
2024,02,Clark,02348.2,Cadwallader MS,Regular,58,3,NO,43.1,41.6,39.2,YES,YES,NO,NO,36.8,39.8,38.7,83.2,N/A,N/A,N/A,N/A,N/A,N/A,15.7,NO,N/A,YES,NO,N/A
2024,02,Clark,02349.2,Canarelli MS,Regular,59,3,NO,47.9,38.7,39.6,YES,YES,NO,NO,47.4,39.1,31.6,84.1,N/A,N/A,N/A,N/A,N/A,N/A,22.2,NO,N/A,YES,NO,N/A
2024,02,Clark,02350.2,Hughes MS,Regular,61,3,NO,39.4,31.6,48,YES,YES,NO,NO,41.1,34.2,40,>95,N/A,N/A,N/A,N/A,N/A,N/A,19,NO,N/A,YES,NO,N/A
2024,02,Clark,02352.2,Findlay MS,Regular,21,1,YES,20.9,7.1,15.6,YES,YES,NO,NO,22,6.5,22.2,65.6,N/A,N/A,N/A,N/A,N/A,N/A,38.1,NO,N/A,YES,NO,N/A
2024,02,Clark,02353.2,Mannion MS,Regular,69,3,NO,59.9,41.9,48.4,YES,YES,NO,NO,59.1,40,22.2,93.1,N/A,N/A,N/A,N/A,N/A,N/A,16.8,NO,N/A,NO,NO,N/A
2024,02,Clark,02354.2,Saville MS,Regular,48,2,NO,41.7,29.8,27.9,YES,YES,NO,NO,41.9,30.4,32,76.1,N/A,N/A,N/A,N/A,N/A,N/A,24.7,NO,N/A,YES,NO,N/A
2024,02,Clark,02355.2,Webb MS,Regular,66.5,3,NO,53.4,48.6,58.5,YES,YES,NO,NO,51.2,49,24.4,90,N/A,N/A,N/A,N/A,N/A,N/A,12.6,NO,N/A,NO,NO,N/A
2024,02,Clark,02356.2,Mack MS,Regular,24,1,YES,17.3,10.5,17,YES,YES,NO,NO,19.1,13.6,19.9,83.2,N/A,N/A,N/A,N/A,N/A,N/A,36.1,YES,6,NO,NO,N/A
2024,02,Clark,02357.2,Bailey MS,Regular,15,1,YES,15.3,7.4,15.5,YES,YES,NO,NO,16.1,9.7,14.1,65.6,N/A,N/A,N/A,N/A,N/A,N/A,35,NO,N/A,NO,YES,1
2024,02,Clark,02358.2,Odyssey MS,District Charter,77,4,NO,52.1,33.2,45.2,YES,YES,NO,NO,51.5,34.2,45.1,>95,N/A,N/A,N/A,N/A,N/A,N/A,<5,NO,N/A,NO,NO,N/A
2024,02,Clark,02359.2,Johnston MS,Regular,18,1,YES,20.7,9.1,19.1,YES,YES,NO,NO,23.2,10.3,5.6,66.3,N/A,N/A,N/A,N/A,N/A,N/A,42.5,YES,6,NO,NO,N/A
2024,02,Clark,02360.2,Tarkanian MS,Regular,74.5,4,NO,56.2,39.2,48.3,YES,YES,NO,NO,57.9,38.6,52.7,90.2,N/A,N/A,N/A,N/A,N/A,N/A,15.3,NO,N/A,YES,NO,N/A
2024,02,Clark,02361.2,Escobedo MS,Regular,31,2,NO,37.9,15.4,33.7,YES,YES,NO,NO,38.4,14.2,19.3,79.5,N/A,N/A,N/A,N/A,N/A,N/A,28.8,NO,N/A,YES,NO,N/A
2024,02,Clark,02362.2,Faiss MS,Regular,61,3,NO,45,36.3,37.4,YES,YES,NO,NO,44.1,39.9,26.3,84.1,N/A,N/A,N/A,N/A,N/A,N/A,15.7,NO,N/A,YES,NO,N/A
2024,02,Clark,02363.2,Innovations SEC MS,District Charter,23,1,YES,17.4,5.8,11.5,YES,YES,NO,NO,18.4,7,33.3,63.6,N/A,N/A,N/A,N/A,N/A,N/A,38.7,NO,N/A,NO,YES,1
2024,02,Clark,02363.3,Innovations SEC HS,District Charter,60.5,3,YES,30.7,<5,9,YES,YES,NO,NO,N/A,N/A,15.3,N/A,97.6,>95,<4.5,57.8,>95,85.7,47.8,NO,N/A,NO,NO,N/A
2024,02,Clark,02364.2,100 Academy SET MS,District Charter,30,2,YES,19.2,<5,25,YES,YES,NO,NO,25.4,<5,40,<5,N/A,N/A,N/A,N/A,N/A,N/A,24.6,NO,N/A,NO,NO,N/A
2024,02,Clark,02368.2,Gunderson MS,Regular,86,5,NO,58.4,50.8,47,YES,YES,NO,NO,58.3,54.1,48.2,84.9,N/A,N/A,N/A,N/A,N/A,N/A,17.5,NO,N/A,NO,NO,N/A
2024,02,Clark,02369.2,Mackey MS,Regular,82,5,NO,62.3,30.2,52.5,YES,YES,NO,NO,63.5,32.9,33.3,>95,N/A,N/A,N/A,N/A,N/A,N/A,13.8,NO,N/A,NO,NO,N/A
2024,02,Clark,02401.3,Clark HS,Regular,48.5,2,YES,44.8,23.9,20.7,YES,YES,YES,YES,N/A,N/A,<5,N/A,75,74.6,43.6,38.1,84.3,87.6,37.1,NO,N/A,NO,NO,N/A
2024,02,Clark,02402.3,Las Vegas HS,Regular,62.5,3,YES,34.3,6.7,9.9,YES,YES,NO,NO,N/A,N/A,10.2,N/A,76.8,75.7,47.1,22.7,91,94.5,41.1,NO,N/A,NO,NO,N/A
2024,02,Clark,02403.3,Rancho HS,Regular,59,3,YES,32,13,<5,YES,YES,YES,YES,N/A,N/A,<5,N/A,80,84.3,65.9,40.3,93.7,94.7,31.8,NO,N/A,NO,NO,N/A
2024,02,Clark,02404.3,Valley HS,Regular,44,2,YES,21.6,5.7,7.7,YES,YES,YES,NO,N/A,N/A,5.1,N/A,70.7,73,46.4,23.6,81.8,86.7,41.4,NO,N/A,NO,NO,N/A
2024,02,Clark,02405.3,Western HS,Regular,41.5,2,YES,19.6,8.5,8.1,YES,YES,NO,NO,N/A,N/A,<5,N/A,51.5,69,39.2,19.8,83,84.1,60.4,NO,N/A,YES,NO,N/A
2024,02,Clark,02406.3,Basic ACAD HS,Regular,66.5,3,YES,40.4,11.5,15.2,YES,YES,NO,NO,N/A,N/A,18.9,N/A,82.8,71.5,39.5,31.5,92.9,94.2,40.3,NO,N/A,NO,NO,N/A
2024,02,Clark,02408.3,Morris Sunset HS,Alternative,36.8,2,YES,12.5,<5,-,YES,YES,NO,NO,N/A,N/A,-,N/A,-,52.1,13,<5,85,86,39,YES,2,NO,NO,N/A
2024,02,Clark,02409.3,Chaparral HS,Regular,30.5,2,YES,12.8,<5,9.1,NO,NO,YES,NO,N/A,N/A,7.5,N/A,81.6,59.6,23.1,19.6,77.3,77.1,48.4,NO,N/A,NO,NO,N/A
2024,02,Clark,02410.3,Eldorado HS,Regular,55.5,3,YES,27,9.1,7.9,YES,YES,NO,NO,N/A,N/A,7.1,N/A,68.4,68.4,37.6,24,89.8,89.3,42.8,NO,N/A,NO,NO,N/A
2024,02,Clark,02411.3,Bonanza HS,Regular,40,2,YES,23.3,6.9,9.1,NO,NO,YES,YES,N/A,N/A,6.1,N/A,54.1,66.7,46,21.9,82.6,90.8,39.5,NO,N/A,NO,NO,N/A
2024,02,Clark,02412.3,SECTA HS,Regular,88.5,5,NO,69.2,29.7,39.5,YES,YES,NO,NO,N/A,N/A,16.3,N/A,94,>95,>95,59.7,>95,>95,14.4,NO,N/A,NO,NO,N/A
2024,02,Clark,02414.3,Cimarron Mem HS,Regular,55,3,YES,19.8,5.3,11.1,NO,NO,YES,NO,N/A,N/A,7.7,N/A,76.7,67.6,34.3,37.3,91,93.3,37.1,NO,N/A,NO,NO,N/A
2024,02,Clark,02415.3,Cheyenne HS,Regular,36,2,YES,14.5,<5,9.6,NO,NO,YES,YES,N/A,N/A,8.7,N/A,59.7,73.4,33.1,12.8,78,77.3,45.4,NO,N/A,NO,NO,N/A
2024,02,Clark,02416.3,Green Valley HS,Regular,70,4,NO,49.7,15.7,23.3,YES,YES,YES,YES,N/A,N/A,21.9,N/A,89.6,67.9,38,41.2,95,93.6,27.3,NO,N/A,NO,NO,N/A
2024,02,Clark,02417.3,Durango HS,Regular,57.5,3,NO,45.1,23.9,14.7,YES,YES,NO,NO,N/A,N/A,10.7,N/A,62.5,76.5,35.7,44.5,83.9,88.5,36.7,NO,N/A,YES,NO,N/A
2024,02,Clark,02418.3,Las Vegas ACAD HS,Regular,92.5,5,NO,77.9,35.5,52.9,YES,YES,NO,NO,N/A,N/A,36.8,N/A,98.8,81.5,62.4,66.3,>95,>95,15.5,NO,N/A,NO,NO,N/A
2024,02,Clark,02420.3,Adv Tech ACAD HS,Regular,97,5,NO,92.1,66.4,54.3,YES,YES,NO,NO,N/A,N/A,25.9,N/A,98.1,>95,>95,80.3,>95,>95,12.9,NO,N/A,NO,NO,N/A
2024,02,Clark,02421.3,Silverado HS,Regular,68,3,NO,37.7,14.5,21.8,YES,YES,NO,NO,N/A,N/A,26.3,N/A,79.9,67.8,42.2,29.3,93,91.6,32.2,NO,N/A,NO,NO,N/A
2024,02,Clark,02422.3,CSN East HS,Regular,93.7,5,NO,82.5,29.8,N/A,YES,YES,NO,NO,N/A,N/A,N/A,N/A,N/A,>95,>95,94.6,>95,>95,6.8,NO,N/A,NO,NO,N/A
2024,02,Clark,02423.3,CSN West HS,Regular,96.2,5,NO,92.2,50,N/A,YES,YES,NO,NO,N/A,N/A,N/A,N/A,N/A,>95,>95,88,>95,>95,16.1,NO,N/A,NO,NO,N/A
2024,02,Clark,02424.3,Mojave HS,Regular,44,2,YES,26.9,<5,9.4,NO,NO,YES,YES,N/A,N/A,6.6,N/A,72,64.1,34.7,27.4,86.9,84.2,48.1,NO,N/A,NO,NO,N/A
2024,02,Clark,02425.3,Palo Verde HS,Regular,80.5,4,NO,66.2,32.6,33.3,YES,YES,YES,YES,N/A,N/A,30,N/A,87.6,83.7,67.2,53,>95,>95,24.1,NO,N/A,NO,NO,N/A
2024,02,Clark,02426.3,CSN South HS,Regular,98.1,5,NO,93,52.7,N/A,YES,YES,NO,NO,N/A,N/A,N/A,N/A,N/A,>95,>95,>95,>95,>95,9.5,NO,N/A,NO,NO,N/A
2024,02,Clark,02427.3,Shadow Ridge HS,Regular,71.5,4,NO,59.6,26.5,16.8,YES,YES,YES,YES,N/A,N/A,5.3,N/A,85.7,76.4,54,45.9,93.1,>95,28.2,NO,N/A,NO,NO,N/A
2024,02,Clark,02428.3,Liberty HS,Regular,70.5,4,NO,57.1,22.6,22.2,YES,YES,YES,YES,N/A,N/A,12.5,N/A,90.9,65,39.8,38.4,93,94.3,30,NO,N/A,NO,NO,N/A
2024,02,Clark,02429.3,Canyon Springs HS,Regular,54.5,3,YES,31.5,7.7,7.5,YES,YES,YES,NO,N/A,N/A,6.8,N/A,79.2,74.6,43.3,25.6,86.9,85.2,47.2,NO,N/A,YES,NO,N/A
2024,02,Clark,02430.3,Del Sol ACAD HS,Regular,57,3,YES,35.8,9.9,21,YES,YES,NO,NO,N/A,N/A,6.7,N/A,86.2,59.1,32.7,39.5,>95,94.5,36.3,NO,N/A,NO,NO,N/A
2024,02,Clark,02431.3,Spring Valley HS,Regular,81,4,NO,58.4,26.7,24.9,YES,YES,NO,NO,N/A,N/A,16.8,N/A,83.9,85.6,62,40.9,93.5,94.6,21.8,NO,N/A,NO,NO,N/A
2024,02,Clark,02432.3,VTCTA HS,Regular,83.5,5,NO,61.2,28.9,30.5,YES,YES,NO,NO,N/A,N/A,14.5,N/A,91.2,>95,>95,76.6,>95,>95,20.2,NO,N/A,NO,NO,N/A
2024,02,Clark,02433.3,SWCTA HS,Regular,96,5,NO,84.8,42.5,39.5,YES,YES,NO,NO,N/A,N/A,20.5,N/A,99,>95,>95,74.3,>95,>95,11.4,NO,N/A,NO,NO,N/A
2024,02,Clark,02434.3,Sunrise Mountain HS,Regular,42,2,YES,25.5,6.8,<5,YES,YES,YES,NO,N/A,N/A,<5,N/A,63.6,61.4,31.7,18.9,85,88.8,36,NO,N/A,NO,NO,N/A
2024,02,Clark,02435.3,WCTA HS,Regular,97,5,NO,89.8,62,46,YES,YES,NO,NO,N/A,N/A,30,N/A,99.2,>95,>95,86.1,>95,>95,9.2,NO,N/A,NO,NO,N/A
2024,02,Clark,02501.1,Brown H M ES,Regular,74.5,4,NO,58.4,47.6,33.3,YES,YES,NO,NO,71.1,50,45.8,N/A,N/A,N/A,N/A,N/A,N/A,N/A,12.4,NO,N/A,NO,NO,N/A
2024,02,Clark,02601.3,Boulder City HS,Regular,75.5,4,NO,64,40.7,24,YES,YES,NO,NO,N/A,N/A,N/A,N/A,86.4,73.8,47.1,40.6,84.2,89.1,19.6,NO,N/A,NO,NO,N/A
2024,02,Clark,02602.3,Moapa Valley HS,Regular,86.6,5,NO,71.6,37.2,34.3,YES,YES,NO,NO,N/A,N/A,-,N/A,89.3,>95,70.1,40.8,>95,>95,44.7,NO,N/A,NO,NO,N/A
2024,02,Clark,02603.3,Virgin Valley HS,Regular,63.5,3,NO,56.1,22.4,17.6,YES,YES,NO,NO,N/A,N/A,12.9,N/A,89.6,83.3,57.2,42.6,80,81.7,29.4,NO,N/A,NO,NO,N/A
2024,02,Clark,02604.3,Indian Springs HS,Regular,75.5,4,NO,22.5,22.5,28.5,YES,YES,NO,NO,N/A,N/A,-,N/A,100,87,61.2,47.6,>95,>95,20.8,NO,N/A,NO,NO,N/A
2024,02,Clark,02607.3,Centennial HS,Regular,66,3,NO,37.6,13.8,13.3,YES,YES,YES,YES,N/A,N/A,15.9,N/A,79.1,72,49.8,34,91,93.3,27.7,NO,N/A,NO,NO,N/A
2024,02,Clark,02608.3,Foothill HS,Regular,77.5,4,NO,65.7,30.1,33.1,YES,YES,NO,NO,N/A,N/A,18.6,N/A,78.5,65.1,38.9,41.5,94,89.6,18.6,NO,N/A,NO,NO,N/A
2024,02,Clark,02609.3,Desert Pines HS,Regular,42,2,YES,27.7,6.7,8.2,NO,NO,YES,YES,N/A,N/A,7,N/A,73.1,59.6,37.5,28.5,85.6,81,47.1,NO,N/A,YES,NO,N/A
2024,02,Clark,02611.3,Sierra Vista HS,Regular,70.5,4,NO,55.9,19.9,16.3,YES,YES,NO,NO,N/A,N/A,15.5,N/A,89.9,62.8,38.8,34.4,94,91.3,31.6,NO,N/A,NO,NO,N/A
2024,02,Clark,02612.3,Coronado HS,Regular,87,5,NO,64.8,41,39,YES,YES,YES,NO,N/A,N/A,15.7,N/A,90,70,53.6,62.5,91.4,94.1,22.5,NO,N/A,NO,NO,N/A
2024,02,Clark,02614.3,Odyssey HS,District Charter,60,3,NO,52.2,11,27.2,YES,YES,NO,NO,N/A,N/A,10.9,N/A,97.4,36.9,10.7,34.3,93.1,89.7,9.4,NO,N/A,NO,NO,N/A
2024,02,Clark,02615.1,Expl Knowledge ES,District Charter,48.5,2,NO,55.7,31,17.4,YES,YES,NO,NO,51.2,28.8,51.8,N/A,N/A,N/A,N/A,N/A,N/A,N/A,<5,NO,N/A,NO,NO,N/A
2024,02,Clark,02616.2,Expl Knowledge SEC MS,District Charter,97,5,NO,67.9,40.7,61.6,YES,YES,NO,NO,67.3,47.2,70,70.7,N/A,N/A,N/A,N/A,N/A,N/A,<5,NO,N/A,NO,NO,N/A
2024,02,Clark,02616.3,Expl Knowledge SEC HS,District Charter,78.8,4,NO,88.8,48.1,21.7,YES,YES,NO,NO,N/A,N/A,-,N/A,96.2,57.8,10.5,45,>95,>95,<5,NO,N/A,NO,NO,N/A
2024,02,Clark,02618.3,Arbor View HS,Regular,74.5,4,NO,62.9,29.2,20.8,YES,YES,NO,NO,N/A,N/A,15.1,N/A,84,61,42.3,45.2,>95,94.5,19.4,NO,N/A,NO,NO,N/A
2024,02,Clark,02619.3,Legacy HS,Regular,41.5,2,NO,32.8,10.1,8.5,NO,NO,YES,YES,N/A,N/A,8.3,N/A,65.3,66.1,32.8,31.9,83.3,87.2,41.2,NO,N/A,NO,NO,N/A
2024,02,Clark,02620.3,NWCTA HS,Regular,95.5,5,NO,84.4,43.4,35.8,YES,YES,NO,NO,N/A,N/A,62.7,N/A,97.5,>95,>95,70,>95,>95,10.6,NO,N/A,NO,NO,N/A
2024,02,Clark,02621.2,Delta Charter MS,District Charter,25.5,1,YES,16.8,11.1,15.1,YES,YES,NO,NO,13.1,7.3,25,84.9,N/A,N/A,N/A,N/A,N/A,N/A,11.8,NO,N/A,YES,NO,N/A
2024,02,Clark,02621.3,Delta Charter HS,District Charter,24.5,1,YES,21.3,<5,9,NO,NO,YES,YES,N/A,N/A,5.3,N/A,64.9,41,7.7,15.1,78.9,80.2,9.4,NO,N/A,NO,NO,N/A
2024,02,Clark,02623.3,Desert Oasis HS,Regular,72.5,4,NO,56.5,25.4,18.9,YES,YES,NO,NO,N/A,N/A,23.3,N/A,83.4,64.3,43,36.8,89,90.3,28.5,NO,N/A,NO,NO,N/A
2024,02,Clark,02624.3,ECTA HS,Regular,80,4,NO,62,24.1,11,YES,YES,NO,NO,N/A,N/A,10.8,N/A,90.2,>95,>95,59,>95,>95,19.9,NO,N/A,NO,NO,N/A
2024,02,Clark,02625.2,NV LRN Academy MS,Regular,17.5,1,NO,21.8,8.4,32.1,NO,NO,YES,YES,31,15.1,24.6,53,N/A,N/A,N/A,N/A,N/A,N/A,44.1,NO,N/A,NO,YES,1
2024,02,Clark,02625.3,NV LRN Academy HS,Regular,12,1,NO,28.7,7.1,17.9,NO,NO,YES,YES,N/A,N/A,8.3,N/A,51.6,40.2,9.8,17.4,62.1,76.8,48.1,YES,1,NO,NO,N/A
2024,02,Clark,02626.1,NV LRN ACAD ES,Regular,12,1,NO,19.8,14.7,<5,NO,NO,YES,YES,21.8,16,36.5,N/A,N/A,N/A,N/A,N/A,N/A,N/A,26.7,YES,2,NO,NO,N/A
2024,02,Clark,02627.3,CTTA HS,Regular,56.6,Not Rated,NO,18.4,5.2,N/A,YES,YES,NO,NO,N/A,N/A,-,N/A,N/A,>95,71.4,N/A,N/A,N/A,14.5,NO,N/A,NO,NO,N/A
2024,02,Clark,02628.3,NECTA HS,Regular,60,Not Rated,NO,N/A,N/A,17.6,N/A,N/A,NO,NO,N/A,N/A,18.5,N/A,86.7,N/A,N/A,N/A,N/A,N/A,13.3,NO,N/A,NO,NO,N/A
2024,02,Clark,02716.3,Acceleration Academy HS,Alternative,9.4,1,YES,<5,<5,N/A,NO,NO,YES,YES,N/A,N/A,-,N/A,22.6,22.6,<4.5,<5,26.5,28.7,<5,YES,3,NO,NO,N/A
2024,02,Clark,02777.2,CC Detention JSHS MS,Correctional,N/A,Not Rated,NO,N/A,N/A,N/A,N/A,N/A,NO,NO,N/A,N/A,N/A,N/A,N/A,N/A,N/A,N/A,N/A,N/A,N/A,NO,N/A,NO,NO,N/A
2024,02,Clark,02777.3,CC Detention JSHS HS,Correctional,8,1,NO,9,<5,N/A,-,N/A,YES,YES,N/A,N/A,N/A,N/A,N/A,20,<4.5,N/A,<5,<5,<5,YES,5,NO,NO,N/A
2024,02,Clark,02910.1,Stewart ES,Special Education,6.6,1,NO,-,-,-,-,-,NO,NO,N/A,N/A,N/A,N/A,N/A,N/A,N/A,N/A,N/A,N/A,41.6,YES,4,NO,NO,N/A
2024,02,Clark,02910.2,Stewart MS,Special Education,2.8,1,YES,<5,8.3,-,YES,YES,NO,NO,N/A,N/A,N/A,-,N/A,N/A,N/A,N/A,N/A,N/A,55.5,YES,4,NO,NO,N/A
2024,02,Clark,02910.3,Stewart HS,Special Education,2.5,1,YES,<5,<5,<5,-,N/A,NO,NO,N/A,N/A,N/A,N/A,-,N/A,N/A,N/A,<5,<5,36.3,YES,4,NO,NO,N/A
2024,02,Clark,02911.2,Variety JSHS MS,Special Education,17.5,Not Rated,YES,<5,<5,<5,NO,NO,YES,NO,-,-,N/A,93.3,N/A,N/A,N/A,N/A,N/A,N/A,42.8,NO,N/A,NO,NO,N/A
2024,02,Clark,02911.3,Variety JSHS HS,Special Education,3.1,1,YES,<5,<5,<5,-,N/A,NO,NO,N/A,N/A,-,N/A,-,<5,<4.5,N/A,<5,<5,36.9,YES,5,NO,NO,N/A
2024,02,Clark,02912.2,Juvenile Court MS,Correctional,N/A,Not Rated,NO,N/A,N/A,N/A,-,N/A,YES,YES,N/A,N/A,N/A,-,N/A,N/A,N/A,N/A,N/A,N/A,-,NO,N/A,NO,NO,N/A
2024,02,Clark,02912.3,Juvenile Court HS,Correctional,14.2,Not Rated,NO,-,-,N/A,YES,YES,NO,NO,N/A,N/A,N/A,N/A,-,-,-,N/A,<5,<5,<5,YES,5,NO,NO,N/A
2024,02,Clark,02913.2,Spring Mtn JSHS MS,Alternative,76.9,Not Rated,NO,-,-,-,-,N/A,NO,NO,N/A,N/A,N/A,50,N/A,N/A,N/A,N/A,N/A,N/A,<5,NO,N/A,NO,NO,N/A
2024,02,Clark,02913.3,Spring Mtn JSHS HS,Alternative,14.2,Not Rated,NO,-,-,-,YES,YES,NO,NO,N/A,N/A,N/A,N/A,-,-,-,N/A,<5,23,<5,YES,5,NO,NO,N/A
2024,02,Clark,02916.2,Miley Achvmt SEC MS,Special Education,7.4,1,YES,-,-,-,NO,NO,YES,YES,<5,<5,N/A,-,N/A,N/A,N/A,N/A,N/A,N/A,65,YES,4,NO,NO,N/A
2024,02,Clark,02916.3,Miley Achvmt SEC HS,Special Education,1.2,Not Rated,YES,-,<5,-,-,-,NO,NO,N/A,N/A,N/A,N/A,-,-,-,-,27.2,-,92.5,YES,4,NO,NO,N/A
2024,02,Clark,02917.1,Miley Achvmt ES,Special Education,3.3,Not Rated,YES,-,-,-,-,N/A,YES,YES,-,-,N/A,N/A,N/A,N/A,N/A,N/A,N/A,N/A,31.5,YES,4,NO,NO,N/A
2024,02,Clark,02919.2,Summit View JSHS MS,Alternative,N/A,Not Rated,NO,N/A,N/A,N/A,N/A,N/A,NO,NO,N/A,N/A,N/A,N/A,N/A,N/A,N/A,N/A,N/A,N/A,N/A,NO,N/A,NO,NO,N/A
2024,02,Clark,02919.3,Summit View JSHS HS,Alternative,14.2,Not Rated,NO,-,-,N/A,-,N/A,YES,NO,N/A,N/A,N/A,N/A,N/A,-,-,N/A,<5,<5,<5,YES,5,NO,NO,N/A
2024,02,Clark,02922.3,Burk Horizon SW HS,Alternative,65.7,Not Rated,YES,-,-,-,-,-,NO,NO,N/A,N/A,-,N/A,-,-,-,-,85.7,83,62,NO,N/A,NO,NO,N/A
2024,02,Clark,02923.3,Global Community HS,Alternative,20,1,NO,<5,<5,<5,YES,YES,NO,NO,N/A,N/A,8.8,N/A,50,38.1,30.9,15,50,72.4,11.2,YES,5,NO,NO,N/A
2024,02,Clark,02924.3,Cowan Sunset SE HS,Alternative,0,Not Rated,YES,-,-,N/A,-,-,NO,NO,N/A,N/A,N/A,N/A,N/A,-,-,-,46.6,46.1,-,YES,6,NO,NO,N/A
2024,02,Clark,02926.1,Desert Willow ES,Special Education,N/A,Not Rated,NO,-,-,N/A,-,-,NO,NO,-,-,N/A,N/A,N/A,N/A,N/A,N/A,N/A,N/A,-,NO,N/A,NO,NO,N/A
2024,02,Clark,02927.2,Desert Willow JSHS MS,Special Education,N/A,Not Rated,NO,N/A,N/A,N/A,-,N/A,YES,YES,N/A,N/A,N/A,-,N/A,N/A,N/A,N/A,N/A,N/A,-,NO,N/A,NO,NO,N/A
2024,02,Clark,02927.3,Desert Willow JSHS HS,Special Education,0,Not Rated,NO,-,-,N/A,-,-,NO,NO,N/A,N/A,N/A,N/A,N/A,-,-,N/A,<5,-,-,YES,4,NO,NO,N/A
2024,02,Clark,02928.2,South Cont JSHS MS,Alternative,15.3,Not Rated,YES,N/A,N/A,N/A,NO,NO,YES,YES,N/A,N/A,N/A,61.5,N/A,N/A,N/A,N/A,N/A,N/A,54.5,NO,N/A,NO,NO,N/A
2024,02,Clark,02928.3,South Cont JSHS HS,Alternative,0,Not Rated,YES,-,-,N/A,-,N/A,YES,YES,N/A,N/A,-,N/A,-,N/A,N/A,-,7.1,-,69.5,YES,5,NO,NO,N/A
2024,02,Clark,02932.2,Cowan Behavior MS,Alternative,6.6,Not Rated,YES,N/A,N/A,N/A,NO,NO,YES,YES,N/A,N/A,N/A,61.7,N/A,N/A,N/A,N/A,N/A,N/A,91.6,NO,N/A,NO,NO,N/A
2024,02,Clark,02932.3,Cowan Behavior HS,Alternative,1.6,Not Rated,YES,-,-,N/A,NO,NO,YES,NO,N/A,N/A,N/A,N/A,-,-,-,N/A,<5,-,81.2,YES,5,NO,NO,N/A
2024,02,Clark,02933.2,Peterson Behavior MS,Alternative,7.6,Not Rated,YES,-,-,-,NO,NO,YES,YES,-,-,N/A,50,N/A,N/A,N/A,N/A,N/A,N/A,51.7,NO,N/A,NO,NO,N/A
2024,02,Clark,02933.3,Peterson Behavior HS,Alternative,0,Not Rated,YES,-,-,-,-,N/A,YES,YES,N/A,N/A,N/A,N/A,-,N/A,N/A,-,22.7,38.8,70.5,YES,5,NO,NO,N/A
2024,02,Clark,02935.1,Variety ES,Special Education,3.3,Not Rated,YES,<5,<5,-,YES,YES,NO,NO,N/A,N/A,N/A,N/A,N/A,N/A,N/A,N/A,N/A,N/A,57.6,NO,N/A,NO,NO,N/A
2024,02,Clark,02939.1,Juvenile Det ES,Correctional,N/A,Not Rated,NO,N/A,N/A,N/A,N/A,N/A,NO,NO,N/A,N/A,N/A,N/A,N/A,N/A,N/A,N/A,N/A,N/A,N/A,NO,N/A,NO,NO,N/A
2024,02,Clark,02955.3,Desert Rose ALT HS,Alternative,3.1,1,YES,<5,<5,N/A,NO,NO,YES,YES,N/A,N/A,-,N/A,N/A,22.9,<4.5,<5,50,38.7,73.6,YES,6,NO,NO,N/A
2024,02,Clark,02957.2,Mission MS,Alternative,N/A,Not Rated,NO,N/A,N/A,N/A,N/A,N/A,NO,NO,N/A,N/A,N/A,N/A,N/A,N/A,N/A,N/A,N/A,N/A,N/A,NO,N/A,NO,NO,N/A
2024,02,Clark,02957.3,Mission HS,Alternative,10,1,YES,8.3,<5,N/A,-,-,NO,NO,N/A,N/A,N/A,N/A,-,-,-,-,70.8,55,42.8,YES,3,NO,NO,N/A
2024,03,Douglas,03201.1,Gardnerville ES,Regular,42.5,2,NO,54.5,46.5,14.7,YES,YES,NO,NO,43.5,27.7,52.3,N/A,N/A,N/A,N/A,N/A,N/A,N/A,12.4,NO,N/A,NO,NO,N/A
2024,03,Douglas,03202.1,Zephyr Cove ES,Regular,18.3,1,NO,36.6,35,7.6,YES,YES,NO,NO,35.4,22.5,-,N/A,N/A,N/A,N/A,N/A,N/A,N/A,34.9,NO,N/A,NO,NO,N/A
2024,03,Douglas,03205.1,Meneley  ES,Regular,32.5,2,YES,34.6,26,12,YES,YES,NO,NO,34.9,24.3,70,N/A,N/A,N/A,N/A,N/A,N/A,N/A,10.6,NO,N/A,NO,NO,N/A
2024,03,Douglas,03206.1,Jacks Valley ES,Regular,34,2,YES,41.2,32.8,23.6,YES,YES,NO,NO,35.4,21.8,70.8,N/A,N/A,N/A,N/A,N/A,N/A,N/A,11.1,NO,N/A,NO,YES,2
2024,03,Douglas,03207.1,Scarselli ES,Regular,55.5,3,NO,46.3,41.2,14.9,YES,YES,NO,NO,51.8,45,18.1,N/A,N/A,N/A,N/A,N/A,N/A,N/A,12.1,NO,N/A,NO,NO,N/A
2024,03,Douglas,03209.1,Pinon Hills ES,Regular,93.3,5,NO,70,70,17.7,YES,YES,NO,NO,75,66.6,-,N/A,N/A,N/A,N/A,N/A,N/A,N/A,10.2,NO,N/A,NO,NO,N/A
2024,03,Douglas,03210.1,Minden ES,Regular,24.5,1,NO,38.4,33.1,21.1,YES,YES,NO,NO,35.3,25,23,N/A,N/A,N/A,N/A,N/A,N/A,N/A,12.7,NO,N/A,NO,YES,1
2024,03,Douglas,03301.2,Carson Valley MS,Regular,46,2,NO,38.4,32.7,27.6,YES,YES,NO,NO,36,33.3,23.5,93.8,N/A,N/A,N/A,N/A,N/A,N/A,17.1,NO,N/A,NO,NO,N/A
2024,03,Douglas,03302.2,Pau Wa Lu MS,Regular,27,1,YES,30,19.8,35.5,YES,YES,NO,NO,26.3,18,14.2,>95,N/A,N/A,N/A,N/A,N/A,N/A,18,NO,N/A,NO,NO,N/A
2024,03,Douglas,03501.3,Douglas HS,Regular,78.5,4,NO,45.9,25.2,33.4,YES,YES,YES,YES,N/A,N/A,27.9,N/A,94.5,83.8,69.7,48.7,91.8,93.3,21.4,NO,N/A,NO,NO,N/A
2024,03,Douglas,03502.2,Whittell MS,Regular,80,5,NO,65.1,46.9,25,YES,YES,NO,NO,63.4,49.2,N/A,78.5,N/A,N/A,N/A,N/A,N/A,N/A,20.5,NO,N/A,NO,NO,N/A
2024,03,Douglas,03502.3,Whittell HS,Regular,90,5,NO,63.6,40.9,38.4,YES,YES,NO,NO,N/A,N/A,-,N/A,100,-,-,56.5,>95,94.7,28.1,NO,N/A,NO,NO,N/A
2024,03,Douglas,03503.2,Jacobsen MS,Correctional,N/A,Not Rated,NO,-,-,N/A,-,-,NO,NO,-,-,N/A,-,N/A,N/A,N/A,N/A,N/A,N/A,-,NO,N/A,NO,NO,N/A
2024,03,Douglas,03503.3,Jacobsen HS,Correctional,16.6,Not Rated,NO,N/A,N/A,N/A,-,-,NO,NO,N/A,N/A,N/A,N/A,N/A,-,-,-,18.1,-,<5,YES,5,NO,NO,N/A
2024,03,Douglas,03504.3,ASPIRE HS,Alternative,7.3,1,NO,26.3,13.1,-,NO,NO,YES,NO,N/A,N/A,-,N/A,-,43.4,<4.5,-,30.7,47.8,61.9,YES,4,NO,NO,N/A
2024,03,Douglas,03601.2,Douglas Online MS,Alternative,31.3,2,NO,-,-,-,-,N/A,YES,YES,50,15.3,N/A,-,N/A,N/A,N/A,N/A,N/A,N/A,50,NO,N/A,NO,NO,N/A
2024,03,Douglas,03901.1,Douglas Alternative ES,Alternative,N/A,Not Rated,NO,N/A,N/A,N/A,N/A,N/A,NO,NO,N/A,N/A,N/A,N/A,N/A,N/A,N/A,N/A,N/A,N/A,N/A,NO,N/A,NO,NO,N/A
2024,03,Douglas,03901.2,Douglas Alternative MS,Alternative,N/A,Not Rated,NO,N/A,N/A,N/A,N/A,N/A,NO,NO,N/A,N/A,N/A,N/A,N/A,N/A,N/A,N/A,N/A,N/A,N/A,NO,N/A,NO,NO,N/A
2024,03,Douglas,03901.3,Douglas Alternative HS,Alternative,N/A,Not Rated,NO,N/A,N/A,-,-,-,NO,NO,N/A,N/A,N/A,N/A,N/A,N/A,N/A,N/A,-,N/A,-,NO,N/A,NO,NO,N/A
2024,04,Elko,04104.1,Independence Vly ES,Regular,5,Not Rated,NO,20,20,-,-,-,NO,NO,-,-,-,N/A,N/A,N/A,N/A,N/A,N/A,N/A,-,NO,N/A,NO,NO,N/A
2024,04,Elko,04104.2,Independence Vly MS,Regular,100,Not Rated,NO,-,-,-,-,-,NO,NO,-,-,N/A,N/A,N/A,N/A,N/A,N/A,N/A,N/A,-,NO,N/A,NO,NO,N/A
2024,04,Elko,04105.1,Jackpot ES,Regular,22.5,1,YES,27.7,16.6,-,YES,YES,NO,NO,36,12,20,N/A,N/A,N/A,N/A,N/A,N/A,N/A,16.1,NO,N/A,NO,NO,N/A
2024,04,Elko,04107.1,Montello ES,Regular,5,Not Rated,NO,-,-,-,-,-,NO,NO,-,-,N/A,N/A,N/A,N/A,N/A,N/A,N/A,N/A,-,NO,N/A,NO,NO,N/A
2024,04,Elko,04107.2,Montello MS,Regular,N/A,Not Rated,NO,-,-,N/A,-,-,NO,NO,-,-,N/A,N/A,N/A,N/A,N/A,N/A,N/A,N/A,-,NO,N/A,NO,NO,N/A
2024,04,Elko,04108.1,Mound Valley ES,Regular,5,Not Rated,NO,30,<5,-,-,-,NO,NO,-,-,N/A,N/A,N/A,N/A,N/A,N/A,N/A,N/A,-,NO,N/A,NO,NO,N/A
2024,04,Elko,04108.2,Mound Valley MS,Regular,4,Not Rated,NO,-,-,-,-,-,NO,NO,-,-,N/A,N/A,N/A,N/A,N/A,N/A,N/A,N/A,-,NO,N/A,NO,NO,N/A
2024,04,Elko,04111.1,Ruby Valley ES,Regular,93.3,Not Rated,NO,50,57.1,-,-,-,NO,NO,-,-,N/A,N/A,N/A,N/A,N/A,N/A,N/A,N/A,-,NO,N/A,NO,NO,N/A
2024,04,Elko,04111.2,Ruby Valley MS,Regular,23.6,1,NO,45.4,9,-,-,-,NO,NO,45.4,9,N/A,N/A,N/A,N/A,N/A,N/A,N/A,N/A,-,NO,N/A,NO,NO,N/A
2024,04,Elko,04120.1,Liberty Peak ES,Regular,28.8,2,NO,39.1,37.3,12,YES,YES,YES,NO,32.1,28.2,-,N/A,N/A,N/A,N/A,N/A,N/A,N/A,15,NO,N/A,NO,NO,N/A
2024,04,Elko,04202.1,Elko Grammar ES,Regular,29,2,YES,29.6,37.9,N/A,YES,YES,NO,NO,40,36,41.1,N/A,N/A,N/A,N/A,N/A,N/A,N/A,19.7,NO,N/A,NO,NO,N/A
2024,04,Elko,04203.1,Northside ES,Regular,21,1,YES,38.6,34.4,N/A,YES,YES,YES,NO,32.2,12.9,39.2,N/A,N/A,N/A,N/A,N/A,N/A,N/A,18.8,NO,N/A,NO,NO,N/A
2024,04,Elko,04204.1,Southside ES,Regular,60,3,YES,36.3,34.4,N/A,YES,YES,YES,YES,47.8,54.4,53.5,N/A,N/A,N/A,N/A,N/A,N/A,N/A,22.9,NO,N/A,NO,NO,N/A
2024,04,Elko,04205.1,Carlin ES,Regular,17.7,1,NO,21.1,12,<5,YES,YES,NO,NO,24,17.5,-,N/A,N/A,N/A,N/A,N/A,N/A,N/A,20.9,NO,N/A,NO,YES,2
2024,04,Elko,04206.1,Owyhee ES,Regular,6.6,1,YES,5.5,<5,<5,NO,NO,YES,YES,5.7,<5,-,N/A,N/A,N/A,N/A,N/A,N/A,N/A,49.1,YES,6,NO,NO,N/A
2024,04,Elko,04207.1,Wells ES,Regular,46.5,2,NO,39.3,35,<5,NO,NO,YES,YES,40.3,46.7,52.6,N/A,N/A,N/A,N/A,N/A,N/A,N/A,10.9,NO,N/A,NO,NO,N/A
2024,04,Elko,04208.1,W Wendover ES,Regular,20,1,YES,22.1,23.9,<5,YES,YES,NO,NO,29,27.2,32.5,N/A,N/A,N/A,N/A,N/A,N/A,N/A,19.6,NO,N/A,NO,NO,N/A
2024,04,Elko,04209.1,Mtn View ES,Regular,48.5,2,NO,41.9,42.3,N/A,YES,YES,YES,YES,42.3,40.6,56.4,N/A,N/A,N/A,N/A,N/A,N/A,N/A,13.9,NO,N/A,NO,NO,N/A
2024,04,Elko,04210.1,Spring Creek ES,Regular,33.8,2,NO,45.2,40,13.9,YES,YES,NO,NO,47.8,26.8,-,N/A,N/A,N/A,N/A,N/A,N/A,N/A,15.4,NO,N/A,NO,NO,N/A
2024,04,Elko,04211.1,Sage ES,Regular,24,1,NO,33.1,27.7,5.9,YES,YES,YES,NO,28.6,18.7,72.7,N/A,N/A,N/A,N/A,N/A,N/A,N/A,24.5,NO,N/A,NO,YES,2
2024,04,Elko,04213.1,Flagview Intermediate ES,Regular,29.4,2,NO,38.4,32,7,YES,YES,NO,NO,42.2,33.9,34.7,N/A,N/A,N/A,N/A,N/A,N/A,N/A,23.9,NO,N/A,YES,NO,N/A
2024,04,Elko,04501.2,Carlin JHS MS,Regular,25.5,1,NO,28.8,11.5,16,YES,YES,NO,NO,34,10.8,N/A,51.8,N/A,N/A,N/A,N/A,N/A,N/A,19.2,NO,N/A,NO,NO,N/A
2024,04,Elko,04502.2,Wells JHS MS,Regular,33.8,2,NO,45.8,25,22.7,YES,YES,YES,YES,35.5,20,-,86.9,N/A,N/A,N/A,N/A,N/A,N/A,8.1,NO,N/A,NO,NO,N/A
2024,04,Elko,04503.2,Adobe MS,Regular,31,2,NO,31.2,21.3,33.7,YES,YES,YES,NO,30.6,19.5,38.7,75.5,N/A,N/A,N/A,N/A,N/A,N/A,24.8,NO,N/A,NO,YES,1
2024,04,Elko,04504.2,Spring Creek MS,Regular,22.7,1,NO,29,20.6,36.8,NO,YES,YES,NO,25,21.2,-,84.6,N/A,N/A,N/A,N/A,N/A,N/A,27.5,NO,N/A,NO,NO,N/A
2024,04,Elko,04505.2,Jackpot JHS MS,Regular,30.5,2,YES,42.8,14.2,-,-,N/A,NO,NO,18.1,27.2,-,-,N/A,N/A,N/A,N/A,N/A,N/A,46.6,NO,N/A,NO,NO,N/A
2024,04,Elko,04506.2,Owyhee JHS MS,Regular,12.2,1,YES,<5,<5,<5,NO,NO,YES,YES,<5,<5,-,65,N/A,N/A,N/A,N/A,N/A,N/A,41,YES,6,NO,NO,N/A
2024,04,Elko,04507.2,W Wendover MS,Regular,24,1,YES,22.7,14.8,6.8,YES,YES,NO,NO,25.1,14.8,28.8,81,N/A,N/A,N/A,N/A,N/A,N/A,28.9,NO,N/A,NO,NO,N/A
2024,04,Elko,04601.3,Carlin HS,Regular,53.3,3,NO,28.5,<5,35.7,YES,YES,NO,NO,N/A,N/A,-,N/A,82.6,55.5,27.7,50,88.8,83.3,31.5,NO,N/A,NO,NO,N/A
2024,04,Elko,04602.3,Wells HS,Regular,77.7,4,NO,39.1,17.3,35.7,YES,YES,NO,NO,N/A,N/A,-,N/A,100,88,84,45.8,>95,>95,19.5,NO,N/A,NO,NO,N/A
2024,04,Elko,04603.2,Elko MS,Regular,N/A,Not Rated,NO,N/A,N/A,N/A,-,-,NO,NO,N/A,N/A,N/A,-,N/A,N/A,N/A,N/A,N/A,N/A,-,NO,N/A,NO,NO,N/A
2024,04,Elko,04603.3,Elko HS,Regular,58.5,3,NO,39.1,10.9,16.3,YES,YES,YES,NO,N/A,N/A,19.4,N/A,83.8,74.1,43.1,38.9,84.6,81.8,25.9,NO,N/A,NO,NO,N/A
2024,04,Elko,04604.3,Owyhee HS,Regular,16.4,Not Rated,YES,-,-,7.1,-,N/A,YES,YES,N/A,N/A,N/A,N/A,92.3,21,10.5,54.5,55,68,61.9,YES,1,NO,NO,N/A
2024,04,Elko,04605.3,Jackpot HS,Regular,55.3,3,NO,16.6,8.3,14.2,-,N/A,NO,NO,N/A,N/A,-,N/A,100,-,-,38.4,>95,-,42.8,NO,N/A,NO,NO,N/A
2024,04,Elko,04606.3,Spring Creek HS,Regular,70,4,NO,43.1,17.7,19.7,YES,YES,YES,NO,N/A,N/A,-,N/A,86.6,80.5,43.5,46.4,92.9,91.5,30.2,NO,N/A,NO,NO,N/A
2024,04,Elko,04607.3,W Wendover HS,Regular,52,3,YES,24.5,5.7,22.9,NO,NO,YES,NO,N/A,N/A,16.6,N/A,90.6,47.3,7.8,40.2,95,94.7,26.8,NO,N/A,NO,NO,N/A
2024,04,Elko,04610.1,NE NV Virtual ES,Regular,0,Not Rated,NO,35.8,22.2,20,-,-,YES,YES,N/A,N/A,N/A,N/A,N/A,N/A,N/A,N/A,N/A,N/A,-,NO,N/A,NO,NO,N/A
2024,04,Elko,04610.2,NE NV Virtual MS,Regular,62.8,3,NO,-,-,-,NO,NO,YES,YES,52.3,20,N/A,53.8,N/A,N/A,N/A,N/A,N/A,N/A,<5,NO,N/A,NO,NO,N/A
2024,04,Elko,04610.3,NE NV Virtual HS,Regular,21.2,1,NO,45.1,7.5,-,-,NO,YES,YES,N/A,N/A,-,N/A,-,9,<4.5,8.3,72.7,73.5,<5,NO,N/A,NO,NO,N/A
2024,04,Elko,04908.3,Battle Born Academy HS,Alternative,0,Not Rated,NO,N/A,N/A,-,YES,YES,NO,NO,N/A,N/A,N/A,N/A,N/A,-,-,-,40,-,-,YES,1,NO,NO,N/A
2024,05,Esmeralda,05101.1,Dyer ES,Regular,7.6,1,YES,-,-,-,-,N/A,NO,NO,<5,26.6,N/A,N/A,N/A,N/A,N/A,N/A,N/A,N/A,68,YES,1,NO,NO,N/A
2024,05,Esmeralda,05101.2,Dyer MS,Regular,22.3,1,YES,-,-,-,-,N/A,NO,NO,26.3,<5,N/A,-,N/A,N/A,N/A,N/A,N/A,N/A,40,YES,2,NO,NO,N/A
2024,05,Esmeralda,05102.1,Goldfield ES,Regular,25.3,1,YES,-,-,-,-,N/A,NO,NO,30,27.2,N/A,N/A,N/A,N/A,N/A,N/A,N/A,N/A,58.3,NO,N/A,NO,NO,N/A
2024,05,Esmeralda,05102.2,Goldfield MS,Regular,28.1,1,YES,-,-,-,-,-,NO,NO,38.4,23.5,N/A,-,N/A,N/A,N/A,N/A,N/A,N/A,-,NO,N/A,NO,NO,N/A
2024,05,Esmeralda,05103.1,Silver Peak ES,Regular,43.3,Not Rated,NO,-,-,-,-,-,NO,NO,-,-,N/A,N/A,N/A,N/A,N/A,N/A,N/A,N/A,-,NO,N/A,NO,NO,N/A
2024,05,Esmeralda,05103.2,Silver Peak MS,Regular,100,Not Rated,NO,-,-,-,-,-,YES,NO,-,-,N/A,-,N/A,N/A,N/A,N/A,N/A,N/A,-,NO,N/A,NO,NO,N/A
2024,05,Esmeralda,05501.3,Esmeralda Virtual HS,Alternative,100,Not Rated,NO,-,-,-,-,-,NO,NO,N/A,N/A,N/A,N/A,-,-,-,N/A,-,N/A,<5,NO,N/A,NO,NO,N/A
2024,06,Eureka,06101.1,Crescent Valley ES,Regular,43.8,2,NO,50,38.8,-,-,N/A,NO,NO,54.5,27.2,N/A,N/A,N/A,N/A,N/A,N/A,N/A,N/A,9.5,NO,N/A,NO,NO,N/A
2024,06,Eureka,06103.1,Eureka ES,Regular,78.8,4,NO,67.5,50,17.3,YES,YES,NO,NO,67.2,54.5,-,N/A,N/A,N/A,N/A,N/A,N/A,N/A,12.5,NO,N/A,NO,NO,N/A
2024,06,Eureka,06601.2,Eureka MS,Regular,50,3,NO,50,32.7,48.4,YES,YES,NO,NO,46.2,22.2,N/A,>95,N/A,N/A,N/A,N/A,N/A,N/A,17.8,NO,N/A,NO,NO,N/A
2024,06,Eureka,06601.3,Eureka HS,Regular,66.6,3,NO,48.4,32.3,32,YES,YES,NO,NO,N/A,N/A,-,N/A,100,50,23,47,>95,>95,21.5,NO,N/A,NO,NO,N/A
2024,07,Humboldt,07101.1,Denio ES,Regular,10,Not Rated,YES,-,-,-,-,-,NO,NO,-,-,N/A,N/A,N/A,N/A,N/A,N/A,N/A,N/A,-,NO,N/A,NO,NO,N/A
2024,07,Humboldt,07101.2,Denio MS,Regular,100,Not Rated,YES,-,-,N/A,-,-,NO,NO,-,-,N/A,N/A,N/A,N/A,N/A,N/A,N/A,N/A,N/A,NO,N/A,NO,NO,N/A
2024,07,Humboldt,07103.1,Kings River ES,Regular,100,Not Rated,YES,-,-,-,-,-,NO,NO,-,-,-,N/A,N/A,N/A,N/A,N/A,N/A,N/A,-,NO,N/A,NO,NO,N/A
2024,07,Humboldt,07103.2,Kings River MS,Regular,100,Not Rated,YES,-,-,-,-,-,NO,NO,-,-,N/A,-,N/A,N/A,N/A,N/A,N/A,N/A,-,NO,N/A,NO,NO,N/A
2024,07,Humboldt,07104.1,Orovada ES,Regular,61.5,3,YES,45.4,45.4,-,-,N/A,NO,NO,60,53.3,-,N/A,N/A,N/A,N/A,N/A,N/A,N/A,28,NO,N/A,NO,NO,N/A
2024,07,Humboldt,07104.2,Orovada MS,Regular,85.4,5,YES,-,-,-,-,-,NO,NO,68.7,37.5,N/A,-,N/A,N/A,N/A,N/A,N/A,N/A,-,NO,N/A,NO,NO,N/A
2024,07,Humboldt,07105.1,Paradise Valley ES,Regular,83,4,YES,90,50,-,-,N/A,NO,NO,66.6,53.3,N/A,N/A,N/A,N/A,N/A,N/A,N/A,N/A,41.1,NO,N/A,NO,NO,N/A
2024,07,Humboldt,07105.2,Paradise Valley MS,Regular,83,5,YES,-,-,-,-,-,NO,NO,60,40,-,-,N/A,N/A,N/A,N/A,N/A,N/A,-,NO,N/A,NO,NO,N/A
2024,07,Humboldt,07201.1,Sonoma Heights ES,Regular,37.5,2,YES,42.6,48.6,N/A,YES,YES,NO,NO,43.9,39,35,N/A,N/A,N/A,N/A,N/A,N/A,N/A,24.7,NO,N/A,NO,NO,N/A
2024,07,Humboldt,07202.1,Winnemucca GS ES,Regular,67.5,4,NO,47.7,42.4,N/A,YES,YES,NO,NO,68,43.4,50,N/A,N/A,N/A,N/A,N/A,N/A,N/A,19.8,NO,N/A,NO,NO,N/A
2024,07,Humboldt,07203.1,McDermitt ES,Regular,51.1,3,YES,<5,15.5,-,NO,NO,YES,NO,35.2,56.2,N/A,N/A,N/A,N/A,N/A,N/A,N/A,N/A,37.7,NO,N/A,NO,NO,N/A
2024,07,Humboldt,07205.1,Grass Valley ES,Regular,37.5,2,YES,31,33.6,N/A,YES,YES,NO,NO,39.6,41.3,31.5,N/A,N/A,N/A,N/A,N/A,N/A,N/A,21.1,NO,N/A,NO,NO,N/A
2024,07,Humboldt,07206.1,French Ford ES,Regular,13.1,1,YES,27.8,23.2,<5,YES,YES,NO,NO,31.9,20.3,19.3,N/A,N/A,N/A,N/A,N/A,N/A,N/A,23.6,NO,N/A,NO,YES,1
2024,07,Humboldt,07301.2,Winnemucca JHS MS,Regular,35.5,2,YES,36.8,25.4,48.6,YES,YES,NO,NO,34.9,25.2,21.4,92,N/A,N/A,N/A,N/A,N/A,N/A,31.1,NO,N/A,NO,NO,N/A
2024,07,Humboldt,07302.2,McDermitt JHS MS,Regular,13.3,1,YES,<5,<5,<5,YES,YES,NO,NO,<5,<5,N/A,93.3,N/A,N/A,N/A,N/A,N/A,N/A,37,YES,6,NO,NO,N/A
2024,07,Humboldt,07501.3,Lowry HS,Regular,55,3,NO,42.6,21.4,11.9,YES,YES,NO,NO,N/A,N/A,6.6,N/A,92.8,52.6,23,29.6,>95,>95,38.2,NO,N/A,NO,NO,N/A
2024,07,Humboldt,07601.3,McDermitt HS,Regular,10,1,YES,9,<5,<5,-,-,NO,NO,N/A,N/A,-,N/A,100,27.2,<4.5,-,63.6,-,48.5,YES,2,NO,NO,N/A
2024,08,Lander,08201.1,Battle Mtn ES,Regular,13,1,YES,28,21.8,N/A,YES,YES,NO,NO,32.2,17.9,9,N/A,N/A,N/A,N/A,N/A,N/A,N/A,35.4,NO,N/A,YES,NO,N/A
2024,08,Lander,08302.2,Lemaire JHS MS,Regular,18,1,NO,25,11.9,15.8,YES,YES,YES,YES,22.9,14.3,<5,71.7,N/A,N/A,N/A,N/A,N/A,N/A,30.7,NO,N/A,YES,NO,N/A
2024,08,Lander,08601.3,Battle Mtn HS,Regular,47.2,2,NO,43.8,23.3,18.5,NO,NO,YES,YES,N/A,N/A,-,N/A,85.5,39.3,32.7,5,92.3,85.5,36.6,NO,N/A,NO,NO,N/A
2024,08,Lander,08602.1,Austin Combined ES,Regular,5,Not Rated,NO,-,-,-,-,-,NO,NO,-,-,N/A,N/A,N/A,N/A,N/A,N/A,N/A,N/A,-,NO,N/A,NO,NO,N/A
2024,08,Lander,08602.2,Austin Combined MS,Regular,N/A,Not Rated,NO,-,-,-,-,-,NO,NO,N/A,N/A,N/A,-,N/A,N/A,N/A,N/A,N/A,N/A,-,NO,N/A,NO,NO,N/A
2024,09,Lincoln,09102.1,Pahranagat Valley ES,Regular,19.4,1,YES,37.1,44.8,23.8,NO,NO,YES,YES,20,35,-,N/A,N/A,N/A,N/A,N/A,N/A,N/A,26.1,NO,N/A,NO,NO,N/A
2024,09,Lincoln,09201.1,Caliente ES,Regular,81.1,4,YES,66.4,69.2,-,NO,NO,YES,YES,65.3,69.2,N/A,N/A,N/A,N/A,N/A,N/A,N/A,N/A,34.7,NO,N/A,NO,NO,N/A
2024,09,Lincoln,09202.1,Panaca ES,Regular,23.8,1,YES,50.5,50.5,14.2,YES,YES,NO,NO,35,26.3,N/A,N/A,N/A,N/A,N/A,N/A,N/A,N/A,22.1,NO,N/A,NO,NO,N/A
2024,09,Lincoln,09203.1,Pioche ES,Regular,59.3,3,YES,50.6,42.8,-,NO,NO,YES,YES,46.1,53.8,N/A,N/A,N/A,N/A,N/A,N/A,N/A,N/A,10.8,NO,N/A,NO,NO,N/A
2024,09,Lincoln,09301.2,Meadow Valley MS,Regular,40,2,NO,50.6,45.4,38.4,YES,YES,NO,NO,48.6,27.7,N/A,85.7,N/A,N/A,N/A,N/A,N/A,N/A,22.2,NO,N/A,NO,NO,N/A
2024,09,Lincoln,09302.2,Pahranagat Valley MS,Regular,52.2,3,NO,45.8,27.1,61.5,NO,NO,YES,YES,53.5,25.9,N/A,80,N/A,N/A,N/A,N/A,N/A,N/A,20.3,NO,N/A,NO,NO,N/A
2024,09,Lincoln,09501.3,Lincoln HS,Regular,54.4,3,NO,28.1,6,20,YES,YES,NO,NO,N/A,N/A,-,N/A,88.3,51.3,21.6,52.7,94.7,>95,21.9,NO,N/A,NO,NO,N/A
2024,09,Lincoln,09601.3,Pahranagat Valley HS,Regular,69.4,3,NO,35,9,39.2,YES,YES,NO,NO,N/A,N/A,N/A,N/A,100,87.5,29.1,52,>95,94.5,27.5,NO,N/A,NO,NO,N/A
2024,09,Lincoln,09602.2,C O Bastian MS,Juvenile Correctional,N/A,Not Rated,NO,-,-,-,-,-,NO,NO,N/A,N/A,N/A,-,N/A,N/A,N/A,N/A,N/A,N/A,-,NO,N/A,NO,NO,N/A
2024,09,Lincoln,09602.3,C O Bastian HS,Juvenile Correctional,10.9,Not Rated,NO,-,-,-,-,N/A,YES,YES,N/A,N/A,N/A,N/A,-,<5,<4.5,-,<5,5.8,<5,YES,6,NO,NO,N/A
2024,18,"State Public Charter School Authority ",101101.1,NV Rise CS ES,SPCSA,54,3,YES,45.2,30.5,<5,YES,YES,NO,NO,49.5,28.8,50,N/A,N/A,N/A,N/A,N/A,N/A,N/A,5.1,NO,N/A,NO,YES,2
2024,10,Lyon,10201.1,Dayton ES,Regular,41,2,YES,31.7,30,5.4,NO,NO,YES,YES,37.4,40.5,48.1,N/A,N/A,N/A,N/A,N/A,N/A,N/A,18.3,NO,N/A,NO,NO,N/A
2024,10,Lyon,10202.1,Yerington ES,Regular,14,1,YES,22.9,23.4,N/A,YES,YES,NO,NO,33.3,10.8,38.9,N/A,N/A,N/A,N/A,N/A,N/A,N/A,35.6,NO,N/A,NO,NO,N/A
2024,10,Lyon,10203.1,Fernley ES,Regular,26.5,1,YES,31.8,31.4,N/A,YES,YES,YES,YES,37.8,19.1,58.3,N/A,N/A,N/A,N/A,N/A,N/A,N/A,40.4,NO,N/A,NO,YES,2
2024,10,Lyon,10205.1,Silver Stage ES,Regular,11.1,1,YES,26.7,19,N/A,YES,YES,NO,NO,24.5,12.3,-,N/A,N/A,N/A,N/A,N/A,N/A,N/A,33.6,YES,2,NO,NO,N/A
2024,10,Lyon,10206.1,East Valley ES,Regular,54,3,YES,49.4,48.9,N/A,YES,YES,YES,YES,54.1,52.9,44.4,N/A,N/A,N/A,N/A,N/A,N/A,N/A,21,NO,N/A,NO,NO,N/A
2024,10,Lyon,10208.2,Dayton Intermediate MS,Regular,20,1,YES,27.2,19.7,23.6,NO,NO,YES,YES,29.6,19.9,30.7,88.9,N/A,N/A,N/A,N/A,N/A,N/A,34.6,NO,N/A,NO,YES,1
2024,10,Lyon,10209.1,Cottonwood ES,Regular,21,1,YES,29.7,28.4,N/A,YES,YES,NO,NO,38.3,26.1,34.2,N/A,N/A,N/A,N/A,N/A,N/A,N/A,42.2,NO,N/A,NO,NO,N/A
2024,10,Lyon,10210.1,Sutro ES,Regular,23,1,YES,24.8,15.3,11.6,YES,YES,NO,NO,39.5,22.3,43.1,N/A,N/A,N/A,N/A,N/A,N/A,N/A,25.1,NO,N/A,NO,NO,N/A
2024,18,"State Public Charter School Authority ",102100.1,NV Prep CS ES,SPCSA,12,1,YES,29,21.1,<5,YES,YES,NO,NO,33.3,17.1,21.4,N/A,N/A,N/A,N/A,N/A,N/A,N/A,33.6,NO,N/A,NO,YES,1
2024,18,"State Public Charter School Authority ",102100.2,NV Prep CS MS,SPCSA,17,1,YES,26,12.4,13.2,YES,YES,YES,YES,27.2,11.8,16.6,>95,N/A,N/A,N/A,N/A,N/A,N/A,33.9,NO,N/A,NO,NO,N/A
2024,10,Lyon,10211.1,Riverview ES,Regular,17.5,1,YES,25.1,31.3,11.1,YES,YES,NO,NO,30.9,30.1,34.6,N/A,N/A,N/A,N/A,N/A,N/A,N/A,19,NO,N/A,NO,NO,N/A
2024,10,Lyon,10302.2,Yerington Intermediate MS,Regular,47.5,2,YES,32.2,20.5,22.9,YES,YES,NO,NO,35.8,25.8,30.9,94.2,N/A,N/A,N/A,N/A,N/A,N/A,32.3,NO,N/A,NO,NO,N/A
2024,10,Lyon,10303.1,Fernley Intermediate ES,Regular,30,2,YES,34,25,6.9,YES,YES,YES,YES,37.8,29.8,55.5,N/A,N/A,N/A,N/A,N/A,N/A,N/A,39.4,NO,N/A,NO,YES,1
2024,10,Lyon,10304.2,Silver Stage MS,Regular,17,1,YES,21.1,10.2,20,YES,YES,NO,NO,22.8,12.3,16.6,71.9,N/A,N/A,N/A,N/A,N/A,N/A,43.6,NO,N/A,NO,YES,1
2024,10,Lyon,10305.2,Silverland MS,Regular,14.5,1,YES,20.9,20.7,28.6,NO,NO,YES,YES,20.4,21.3,14.8,92,N/A,N/A,N/A,N/A,N/A,N/A,36.2,NO,N/A,NO,NO,N/A
2024,18,"State Public Charter School Authority ",104101.3,NSHS II Meadowwood HS,SPCSA,100,5,NO,72,44,N/A,-,-,NO,NO,N/A,N/A,N/A,N/A,N/A,>95,>95,71.4,93.3,>95,<5,NO,N/A,NO,NO,N/A
2024,18,"State Public Charter School Authority ",105101.1,Signature Prep CS ES,SPCSA,42.5,2,YES,52.9,42.3,27.7,YES,YES,NO,NO,45.8,21.9,46.9,N/A,N/A,N/A,N/A,N/A,N/A,N/A,<5,NO,N/A,NO,NO,N/A
2024,18,"State Public Charter School Authority ",105101.2,Signature Prep CS MS,SPCSA,66.5,3,YES,48.7,14.5,35.4,YES,YES,NO,NO,58.6,17.7,28.5,>95,N/A,N/A,N/A,N/A,N/A,N/A,<5,NO,N/A,NO,NO,N/A
2024,10,Lyon,10601.3,Fernley HS,Regular,51.5,3,YES,29.2,7.3,15.8,NO,NO,YES,YES,N/A,N/A,22.2,N/A,85.9,54,31.3,30.2,87.9,85.9,38.7,NO,N/A,YES,NO,N/A
2024,10,Lyon,10602.1,Smith Valley Combined ES,Regular,37.7,2,NO,48.9,42.8,10,YES,YES,NO,NO,39.3,36.3,-,N/A,N/A,N/A,N/A,N/A,N/A,N/A,13.1,NO,N/A,NO,NO,N/A
2024,10,Lyon,10602.2,Smith Valley Combined MS,Regular,46.1,2,NO,39.9,29,38.4,NO,NO,YES,YES,36,32,N/A,57.1,N/A,N/A,N/A,N/A,N/A,N/A,6.8,NO,N/A,NO,NO,N/A
2024,10,Lyon,10602.3,Smith Valley Combined HS,Regular,72.2,4,NO,35,10,15.7,YES,YES,NO,NO,N/A,N/A,-,N/A,91.6,84.2,52.6,50,>95,>95,12.5,NO,N/A,NO,NO,N/A
2024,10,Lyon,10603.3,Yerington HS,Regular,43.5,2,YES,14.5,8.9,15.6,YES,YES,YES,YES,N/A,N/A,5.2,N/A,82,60.4,36.2,32,86.1,87.3,33.3,NO,N/A,NO,NO,N/A
2024,10,Lyon,10604.3,Dayton HS,Regular,58,3,YES,29.2,12.9,12.2,YES,YES,YES,NO,N/A,N/A,8.3,N/A,86.3,65.3,34.6,36.4,91.9,87.7,34.3,NO,N/A,NO,NO,N/A
2024,10,Lyon,10605.3,Silver Stage HS,Regular,60.5,3,YES,23.6,8.1,25.8,YES,YES,NO,NO,N/A,N/A,-,N/A,93.9,80.9,68.2,26,83.9,93.1,44,NO,N/A,NO,NO,N/A
2024,18,"State Public Charter School Authority ",106101.1,Pinecrest Northern NV ES,SPCSA,57.5,3,NO,49,47.7,22.4,YES,YES,NO,NO,55.1,40.3,41.6,N/A,N/A,N/A,N/A,N/A,N/A,N/A,6.7,NO,N/A,NO,NO,N/A
2024,18,"State Public Charter School Authority ",106101.2,Pinecrest Northern NV MS,SPCSA,89.4,5,NO,60.9,56.8,58.3,YES,YES,NO,NO,58.7,54.6,-,>95,N/A,N/A,N/A,N/A,N/A,N/A,10.8,NO,N/A,NO,NO,N/A
2024,18,"State Public Charter School Authority ",107101.2,Explore ACAD MS,SPCSA,13,1,YES,15.4,8.2,17.8,YES,YES,NO,NO,14.9,7.4,<5,>95,N/A,N/A,N/A,N/A,N/A,N/A,27.2,NO,N/A,NO,YES,2
2024,18,"State Public Charter School Authority ",107101.3,Explore ACAD HS,SPCSA,38.8,Not Rated,YES,46.6,<5,7.4,YES,YES,NO,NO,N/A,N/A,15.3,N/A,86.4,-,-,N/A,N/A,N/A,25.2,NO,N/A,NO,NO,N/A
2024,10,Lyon,10902.2,Eagle Ridge MS,Alternative,N/A,Not Rated,YES,N/A,N/A,N/A,N/A,N/A,NO,NO,N/A,N/A,N/A,N/A,N/A,N/A,N/A,N/A,N/A,N/A,N/A,NO,N/A,NO,NO,N/A
2024,10,Lyon,10902.3,Eagle Ridge HS,Alternative,100,Not Rated,YES,N/A,N/A,N/A,-,-,NO,NO,N/A,N/A,-,N/A,N/A,-,-,-,-,N/A,<5,NO,N/A,NO,NO,N/A
2024,18,"State Public Charter School Authority ",110100.1,CIVICA Acad ES,SPCSA,26,1,YES,29.4,28.6,<5,YES,YES,NO,NO,37.3,25.4,39.6,N/A,N/A,N/A,N/A,N/A,N/A,N/A,17.6,NO,N/A,NO,NO,N/A
2024,18,"State Public Charter School Authority ",110100.2,CIVICA Acad MS,SPCSA,30,2,YES,19.1,9.8,20,YES,YES,NO,NO,22.2,10.2,26.5,>95,N/A,N/A,N/A,N/A,N/A,N/A,10.6,NO,N/A,NO,NO,N/A
2024,18,"State Public Charter School Authority ",110100.3,CIVICA Acad HS,SPCSA,85,Not Rated,YES,N/A,N/A,N/A,N/A,N/A,NO,NO,N/A,N/A,52.9,N/A,96.5,N/A,N/A,N/A,N/A,N/A,11.6,NO,N/A,NO,NO,N/A
2024,18,"State Public Charter School Authority ",111100.1,Sage Collegiate ES,SPCSA,9,1,YES,23.2,14,<5,YES,YES,NO,NO,26.6,9,26.6,N/A,N/A,N/A,N/A,N/A,N/A,N/A,26.5,YES,1,NO,NO,N/A
2024,18,"State Public Charter School Authority ",111100.2,Sage Collegiate MS,SPCSA,13.7,1,YES,22.5,10.3,N/A,YES,YES,NO,NO,28.5,11.5,-,N/A,N/A,N/A,N/A,N/A,N/A,N/A,30,NO,N/A,NO,YES,1
2024,11,Mineral,11201.1,Hawthorne ES,Regular,11.1,1,YES,21.4,16.1,<5,NO,YES,YES,NO,26.7,19,N/A,N/A,N/A,N/A,N/A,N/A,N/A,N/A,29.7,NO,N/A,NO,YES,1
2024,11,Mineral,11202.1,Schurz ES,Regular,28.3,2,YES,32.3,23.5,-,YES,YES,NO,NO,40.9,27.2,-,N/A,N/A,N/A,N/A,N/A,N/A,N/A,28.5,NO,N/A,NO,NO,N/A
2024,11,Mineral,11203.2,Hawthorne JHS MS,Regular,12.2,1,YES,21.5,7.5,20.5,NO,NO,YES,NO,17.4,<5,-,93.9,N/A,N/A,N/A,N/A,N/A,N/A,33.3,YES,6,NO,NO,N/A
2024,18,"State Public Charter School Authority ",112100.1,TEACH Las Vegas ES,SPCSA,8.8,1,YES,5.8,7.6,<5,YES,YES,NO,NO,<5,<5,N/A,N/A,N/A,N/A,N/A,N/A,N/A,N/A,40.7,YES,1,NO,NO,N/A
2024,18,"State Public Charter School Authority ",112100.2,TEACH Las Vegas MS,SPCSA,12,1,YES,24.3,7.3,30.4,YES,YES,NO,NO,23.9,5.6,7.6,12,N/A,N/A,N/A,N/A,N/A,N/A,30.8,YES,1,NO,NO,N/A
2024,18,"State Public Charter School Authority ",113100.2,YWLA MS,SPCSA,22,1,YES,12.6,<5,13.3,NO,NO,YES,NO,15.8,<5,50,82.3,N/A,N/A,N/A,N/A,N/A,N/A,67.9,NO,N/A,NO,YES,1
2024,18,"State Public Charter School Authority ",113100.3,YWLA HS,SPCSA,0,Not Rated,YES,N/A,N/A,-,N/A,N/A,NO,NO,N/A,N/A,-,N/A,-,N/A,N/A,N/A,N/A,N/A,76.4,NO,N/A,NO,NO,N/A
2024,18,"State Public Charter School Authority ",114100.1,pilotED Cactus Park ES,SPCSA,11,1,YES,18.6,13.7,<5,YES,YES,NO,NO,19.6,14,13.1,N/A,N/A,N/A,N/A,N/A,N/A,N/A,47.1,NO,N/A,NO,YES,1
2024,18,"State Public Charter School Authority ",115100.1,Strong Start Academy ES,SPCSA,64.4,Not Rated,YES,52.3,52.3,N/A,YES,YES,NO,NO,N/A,N/A,58.8,N/A,N/A,N/A,N/A,N/A,N/A,N/A,22.9,NO,N/A,NO,NO,N/A
2024,11,Mineral,11601.3,Mineral HS,Regular,36.1,2,YES,36.1,9.8,12.5,NO,NO,YES,YES,N/A,N/A,-,N/A,93.7,61.2,38.7,34.6,78.7,69.6,22.6,NO,N/A,NO,NO,N/A
2024,18,"State Public Charter School Authority ",116100.1,Battle Born Charter ES,SPCSA,14.5,1,YES,14.2,<5,9,YES,YES,NO,NO,27.2,<5,28.8,N/A,N/A,N/A,N/A,N/A,N/A,N/A,17.6,NO,N/A,NO,NO,N/A
2024,18,"State Public Charter School Authority ",116100.2,Battle Born Charter MS,SPCSA,28.3,1,YES,25,<5,N/A,YES,YES,NO,NO,33.3,<5,25.9,N/A,N/A,N/A,N/A,N/A,N/A,N/A,22.6,NO,N/A,NO,NO,N/A
2024,12,Nye,12102.1,Manse ES,Regular,40,2,YES,33.6,26.1,13.7,YES,YES,YES,NO,45,35.1,27.7,N/A,N/A,N/A,N/A,N/A,N/A,N/A,8.2,NO,N/A,NO,NO,N/A
2024,12,Nye,12103.1,Round Mtn ES,Regular,25,1,NO,31,24.1,<5,YES,YES,NO,NO,30.9,19,-,N/A,N/A,N/A,N/A,N/A,N/A,N/A,7.6,NO,N/A,NO,NO,N/A
2024,12,Nye,12105.1,Gabbs ES,Regular,50,3,YES,9,27.2,-,-,-,NO,NO,27.2,45.4,N/A,N/A,N/A,N/A,N/A,N/A,N/A,N/A,10,NO,N/A,NO,NO,N/A
2024,12,Nye,12106.1,Amargosa Valley ES,Regular,15.5,1,YES,22.2,13.8,-,YES,YES,NO,NO,10.5,5.2,27.7,N/A,N/A,N/A,N/A,N/A,N/A,N/A,10.5,NO,N/A,NO,NO,N/A
2024,12,Nye,12108.1,JG Johnson ES,Regular,12,1,YES,27,18.7,5.8,YES,YES,NO,NO,21.1,9.6,17.5,N/A,N/A,N/A,N/A,N/A,N/A,N/A,18.7,NO,N/A,NO,NO,N/A
2024,12,Nye,12201.1,Beatty ES,Regular,37.6,2,YES,33.3,16.6,-,YES,YES,NO,NO,28.5,28.5,-,N/A,N/A,N/A,N/A,N/A,N/A,N/A,9.8,NO,N/A,NO,NO,N/A
2024,12,Nye,12202.1,Tonopah ES,Regular,26.6,1,YES,27.7,14.8,<5,YES,YES,NO,NO,25,19.4,-,N/A,N/A,N/A,N/A,N/A,N/A,N/A,<5,NO,N/A,NO,NO,N/A
2024,12,Nye,12207.1,Hafen ES,Regular,28,2,YES,33.6,26.2,9.5,YES,YES,NO,NO,39.6,27,32.1,N/A,N/A,N/A,N/A,N/A,N/A,N/A,13.1,NO,N/A,NO,NO,N/A
2024,12,Nye,12210.1,Floyd ES,Regular,49.5,2,YES,45.8,41.2,15.3,YES,YES,YES,YES,51.5,40.3,31.5,N/A,N/A,N/A,N/A,N/A,N/A,N/A,10.2,NO,N/A,NO,NO,N/A
2024,12,Nye,12301.2,Rosemary Clarke MS,Regular,27.5,1,YES,30.3,20.7,35.4,YES,YES,YES,YES,29.6,23.9,12.5,79.1,N/A,N/A,N/A,N/A,N/A,N/A,16.7,NO,N/A,YES,NO,N/A
2024,12,Nye,12311.2,Beatty MS,Regular,47.2,2,YES,28.5,7.1,50,YES,YES,NO,NO,44,<5,-,90,N/A,N/A,N/A,N/A,N/A,N/A,<5,NO,N/A,NO,NO,N/A
2024,12,Nye,12312.2,Tonopah MS,Regular,50,3,YES,31.6,25,47.3,YES,YES,NO,NO,30,28.3,-,90.4,N/A,N/A,N/A,N/A,N/A,N/A,17.4,NO,N/A,NO,NO,N/A
2024,12,Nye,12313.2,Round Mtn MS,Regular,56.6,3,NO,27.7,18.5,33.3,YES,YES,NO,NO,35.4,27,-,82.6,N/A,N/A,N/A,N/A,N/A,N/A,<5,NO,N/A,NO,NO,N/A
2024,12,Nye,12315.2,Gabbs MS,Regular,43.6,2,YES,-,-,-,-,N/A,NO,NO,25,6.2,N/A,-,N/A,N/A,N/A,N/A,N/A,N/A,-,NO,N/A,NO,NO,N/A
2024,12,Nye,12316.2,Amargosa Valley MS,Regular,51.5,3,YES,39.2,7.8,20,YES,YES,NO,NO,43.1,7.8,36.3,>95,N/A,N/A,N/A,N/A,N/A,N/A,12.9,NO,N/A,NO,NO,N/A
2024,12,Nye,12601.3,Beatty HS,Regular,66,3,YES,34.7,<5,30.4,YES,YES,NO,NO,N/A,N/A,8.6,N/A,93.1,77.2,45.4,37.9,93.5,87.5,22.7,NO,N/A,NO,NO,N/A
2024,12,Nye,12602.3,Gabbs HS,Regular,N/A,Not Rated,YES,-,-,-,-,-,NO,NO,N/A,N/A,N/A,N/A,-,-,-,-,-,-,-,NO,N/A,NO,NO,N/A
2024,12,Nye,12603.3,Tonopah HS,Regular,50,3,YES,26,<5,46.1,YES,YES,NO,NO,N/A,N/A,-,N/A,93.7,37.5,<4.5,32,>95,92.3,28.5,NO,N/A,NO,NO,N/A
2024,12,Nye,12604.3,Pahrump Valley HS,Regular,50,3,YES,34.9,8.5,18.5,YES,YES,YES,NO,N/A,N/A,6.5,N/A,75.2,77.4,36,28.4,83.2,85.8,25.5,NO,N/A,NO,NO,N/A
2024,12,Nye,12605.3,Round Mtn HS,Regular,57.2,3,NO,14,<5,10,-,N/A,YES,NO,N/A,N/A,-,N/A,93.3,62.5,16.6,35.2,94.4,>95,7.5,NO,N/A,NO,NO,N/A
2024,12,Nye,12606.3,Pathways HS,Alternative,12.3,1,YES,<5,<5,<5,YES,YES,NO,NO,N/A,N/A,-,N/A,-,50,4.5,11.7,42.5,65.7,10.9,YES,6,NO,NO,N/A
2024,12,Nye,12607.2,Pathways MS,Alternative,28.8,1,YES,36,9,-,NO,NO,YES,YES,30.7,19.2,-,40.6,N/A,N/A,N/A,N/A,N/A,N/A,<5,NO,N/A,NO,NO,N/A
2024,12,Nye,12609.1,Pathways ES,Alternative,5.7,Not Rated,YES,28.1,11.7,5.5,-,-,NO,NO,15.7,5.2,N/A,N/A,N/A,N/A,N/A,N/A,N/A,N/A,N/A,NO,N/A,NO,NO,N/A
2024,13,Carson City,13201.1,Bordewich Bray ES,Regular,41.5,2,YES,38.2,27.8,6.7,YES,YES,NO,NO,48.5,12.1,57.1,N/A,N/A,N/A,N/A,N/A,N/A,N/A,15.4,NO,N/A,NO,NO,N/A
2024,13,Carson City,13203.1,Fritsch ES,Regular,55,3,YES,47.8,45.4,26.7,YES,YES,NO,NO,49.2,48.5,91.6,N/A,N/A,N/A,N/A,N/A,N/A,N/A,17.2,NO,N/A,NO,NO,N/A
2024,13,Carson City,13204.1,Fremont ES,Regular,22,1,YES,27.1,27.1,10.9,YES,YES,NO,NO,30.8,20.1,53.1,N/A,N/A,N/A,N/A,N/A,N/A,N/A,16.1,NO,N/A,NO,NO,N/A
2024,13,Carson City,13207.1,Seeliger ES,Regular,59.5,3,YES,49.2,47.2,27.7,YES,YES,NO,NO,55.6,41.1,50,N/A,N/A,N/A,N/A,N/A,N/A,N/A,15.2,NO,N/A,NO,NO,N/A
2024,13,Carson City,13209.1,Empire ES,Regular,26.5,1,YES,30.7,20.9,15.2,YES,YES,NO,NO,30.7,25,37.2,N/A,N/A,N/A,N/A,N/A,N/A,N/A,13.3,NO,N/A,NO,NO,N/A
2024,13,Carson City,13211.1,Mark Twain ES,Regular,27.5,2,YES,35.8,34.9,12.3,YES,YES,NO,NO,35.6,29.2,43.9,N/A,N/A,N/A,N/A,N/A,N/A,N/A,12.3,NO,N/A,NO,NO,N/A
2024,13,Carson City,13212.1,Carson Montessori ES,District Charter,55,3,NO,43.8,24.6,9.3,YES,YES,NO,NO,52,33.6,63.6,N/A,N/A,N/A,N/A,N/A,N/A,N/A,14.2,NO,N/A,NO,NO,N/A
2024,13,Carson City,13301.2,Carson MS,Regular,37.5,2,NO,36.5,28.5,33.5,YES,YES,NO,NO,34,26.7,33.3,87.2,N/A,N/A,N/A,N/A,N/A,N/A,28.8,NO,N/A,YES,NO,N/A
2024,13,Carson City,13302.2,Eagle Valley MS,Regular,33.5,2,NO,35.1,19.5,35.6,YES,YES,NO,NO,34.7,17.8,18.8,85.1,N/A,N/A,N/A,N/A,N/A,N/A,19.5,NO,N/A,YES,NO,N/A
2024,13,Carson City,13501.3,Carson HS,Regular,73.5,4,NO,39.8,18.8,32.7,YES,YES,YES,NO,N/A,N/A,15.7,N/A,84,75.2,59.7,39.4,89.8,92.6,31.9,NO,N/A,YES,NO,N/A
2024,13,Carson City,13903.2,Pioneer Academy MS,Regular,73.3,4,YES,83.3,25,-,YES,YES,NO,NO,75,25,N/A,-,N/A,N/A,N/A,N/A,N/A,N/A,5.2,NO,N/A,NO,NO,N/A
2024,13,Carson City,13903.3,Pioneer Academy HS,Regular,23.3,1,YES,39.1,9.7,13.7,NO,NO,NO,NO,N/A,N/A,-,N/A,74,47,23.5,16.2,71.1,80,60.9,NO,N/A,NO,NO,N/A
2024,14,Pershing,14101.1,Imlay ES,Regular,36.9,2,YES,-,-,-,-,-,NO,NO,36.3,36.3,N/A,N/A,N/A,N/A,N/A,N/A,N/A,N/A,6.6,NO,N/A,NO,NO,N/A
2024,14,Pershing,14201.1,Lovelock ES,Regular,30,2,YES,21,20,6.5,YES,YES,YES,YES,32.9,11.9,60,N/A,N/A,N/A,N/A,N/A,N/A,N/A,5,NO,N/A,NO,NO,N/A
2024,14,Pershing,14301.2,Pershing MS,Regular,30,2,YES,28.4,13.6,17.9,YES,YES,YES,NO,25,14.3,-,>95,N/A,N/A,N/A,N/A,N/A,N/A,<5,NO,N/A,NO,NO,N/A
2024,14,Pershing,14601.3,Pershing HS,Regular,73.5,4,NO,33.3,5.4,23.5,YES,YES,NO,NO,N/A,N/A,27.2,N/A,100,>95,23.3,41.4,>95,>95,<5,NO,N/A,NO,NO,N/A
2024,15,Storey,15101.1,Gallagher ES,Regular,61.6,3,NO,54.4,50,18.5,YES,YES,NO,NO,57.4,36.1,N/A,N/A,N/A,N/A,N/A,N/A,N/A,N/A,13.7,NO,N/A,NO,NO,N/A
2024,15,Storey,15102.1,Hillside ES,Regular,60.7,3,YES,65,40,-,-,YES,NO,NO,61.5,30.7,N/A,N/A,N/A,N/A,N/A,N/A,N/A,N/A,12.5,NO,N/A,NO,NO,N/A
2024,15,Storey,15301.2,Virginia City MS,Regular,37.2,2,NO,39.5,25,68.9,YES,YES,NO,NO,43.6,18.3,N/A,63.3,N/A,N/A,N/A,N/A,N/A,N/A,30.9,NO,N/A,NO,NO,N/A
2024,15,Storey,15601.3,Virginia City HS,Regular,61.1,3,NO,51.4,25.7,18.7,YES,YES,NO,NO,N/A,N/A,-,N/A,93.5,30.7,26.9,42.1,>95,88.2,42.4,NO,N/A,NO,NO,N/A
2024,16,Washoe,16201.1,Anderson ES,Regular,15,1,YES,18.9,18.1,<5,YES,YES,NO,NO,31.1,25.9,20.8,N/A,N/A,N/A,N/A,N/A,N/A,N/A,35.5,NO,N/A,NO,NO,N/A
2024,16,Washoe,16202.1,Loder ES,Regular,13,1,YES,11.9,8.9,<5,YES,YES,NO,NO,19.7,13.1,27.1,N/A,N/A,N/A,N/A,N/A,N/A,N/A,20,NO,N/A,YES,NO,N/A
2024,16,Washoe,16203.1,Elmcrest ES,Regular,35.5,2,YES,37.8,30,<5,YES,YES,NO,NO,48.1,24,38.4,N/A,N/A,N/A,N/A,N/A,N/A,N/A,14.7,NO,N/A,NO,YES,2
2024,16,Washoe,16204.1,Duncan ES,Regular,20,1,YES,24,14.7,<5,YES,YES,NO,NO,32.6,10.8,72.6,N/A,N/A,N/A,N/A,N/A,N/A,N/A,27.4,NO,N/A,YES,NO,N/A
2024,16,Washoe,16205.1,Warner ES,Regular,17,1,YES,32.4,22.9,6.3,YES,YES,NO,NO,25,16.2,45.7,N/A,N/A,N/A,N/A,N/A,N/A,N/A,34.2,NO,N/A,NO,YES,1
2024,16,Washoe,16206.1,Hunter Lake ES,Regular,62.2,3,NO,69.8,66,34.6,YES,YES,NO,NO,48.6,52.6,-,N/A,N/A,N/A,N/A,N/A,N/A,N/A,16.1,NO,N/A,NO,NO,N/A
2024,16,Washoe,16207.1,Beck ES,Regular,89,5,NO,72.6,69.4,31.5,YES,YES,NO,NO,66.4,58.9,40,N/A,N/A,N/A,N/A,N/A,N/A,N/A,10.4,NO,N/A,NO,NO,N/A
2024,16,Washoe,16208.1,Booth ES,Regular,10,1,YES,21.5,20.2,<5,YES,YES,NO,NO,17.5,13.5,26,N/A,N/A,N/A,N/A,N/A,N/A,N/A,26.5,YES,1,NO,NO,N/A
2024,16,Washoe,16209.1,Towles ES,Regular,35.5,2,NO,58.7,46.9,21.4,YES,YES,NO,NO,39.3,39.3,30.7,N/A,N/A,N/A,N/A,N/A,N/A,N/A,16.4,NO,N/A,NO,NO,N/A
2024,16,Washoe,16210.1,Melton ES,Regular,90.5,5,NO,69.1,68,32.7,YES,YES,NO,NO,63,58.9,-,N/A,N/A,N/A,N/A,N/A,N/A,N/A,5.5,NO,N/A,NO,NO,N/A
2024,16,Washoe,16211.1,Mount Rose K 8 ES,Regular,86,5,NO,73.1,57.4,41.3,YES,YES,NO,NO,71.2,48.8,71.4,N/A,N/A,N/A,N/A,N/A,N/A,N/A,6.7,NO,N/A,NO,NO,N/A
2024,16,Washoe,16211.2,Mount Rose K 8 MS,Regular,98.8,5,NO,>95,93.4,85.2,YES,YES,NO,NO,93.4,91,N/A,82.3,N/A,N/A,N/A,N/A,N/A,N/A,<5,NO,N/A,NO,NO,N/A
2024,16,Washoe,16212.1,Double Diamond ES,Regular,42.5,2,NO,44.5,39,20.2,YES,YES,NO,NO,41.2,42.5,53.5,N/A,N/A,N/A,N/A,N/A,N/A,N/A,14.9,NO,N/A,NO,NO,N/A
2024,16,Washoe,16213.1,Peavine ES,Regular,58.5,3,YES,48.4,43,19.5,YES,YES,NO,NO,62.2,40.9,44,N/A,N/A,N/A,N/A,N/A,N/A,N/A,13.7,NO,N/A,NO,NO,N/A
2024,16,Washoe,16214.1,Cannan ES,Regular,28.5,2,YES,35.2,26.7,<5,YES,YES,NO,NO,42.4,22.3,43,N/A,N/A,N/A,N/A,N/A,N/A,N/A,18.6,NO,N/A,NO,NO,N/A
2024,16,Washoe,16215.1,Corbett ES,Regular,40.5,2,YES,31.2,19.7,<5,YES,YES,NO,NO,36.7,33.6,43.3,N/A,N/A,N/A,N/A,N/A,N/A,N/A,18.8,NO,N/A,NO,NO,N/A
2024,16,Washoe,16216.1,Gomm ES,Regular,85,5,NO,66.3,64.9,28.9,YES,YES,NO,NO,65.9,58.8,-,N/A,N/A,N/A,N/A,N/A,N/A,N/A,11.3,NO,N/A,NO,NO,N/A
2024,16,Washoe,16218.1,Smithridge ES,Regular,22.5,1,YES,31.3,30.9,<5,YES,YES,NO,NO,29.9,26.2,45.5,N/A,N/A,N/A,N/A,N/A,N/A,N/A,23,NO,N/A,NO,NO,N/A
2024,16,Washoe,16219.1,Stead ES,Regular,13.5,1,YES,24.7,18.5,<5,YES,YES,NO,NO,31.8,20,30.5,N/A,N/A,N/A,N/A,N/A,N/A,N/A,23.7,NO,N/A,NO,YES,1
2024,16,Washoe,16220.1,Veterans Memorial STEM ES,Regular,11.5,1,YES,19.3,10.4,<5,YES,YES,NO,NO,21.1,<5,20,N/A,N/A,N/A,N/A,N/A,N/A,N/A,21.2,NO,N/A,NO,YES,1
2024,16,Washoe,16221.1,Risley ES,Regular,26,1,YES,21.4,17.5,7.6,YES,YES,NO,NO,27.6,27.8,30,N/A,N/A,N/A,N/A,N/A,N/A,N/A,21,YES,2,NO,NO,N/A
2024,16,Washoe,16222.1,Maxwell ES,Regular,39,2,YES,50.2,47.9,12.9,YES,YES,NO,NO,50.4,28,37.6,N/A,N/A,N/A,N/A,N/A,N/A,N/A,12.7,NO,N/A,NO,NO,N/A
2024,16,Washoe,16223.1,Drake ES,Regular,57.5,3,YES,75.5,74.8,23.9,YES,YES,NO,NO,53.3,41.1,36.8,N/A,N/A,N/A,N/A,N/A,N/A,N/A,<5,NO,N/A,NO,NO,N/A
2024,16,Washoe,16224.1,Greenbrae ES,Regular,19,1,YES,28.9,22.6,<5,YES,YES,NO,NO,35.3,25.4,30.5,N/A,N/A,N/A,N/A,N/A,N/A,N/A,19.6,NO,N/A,NO,NO,N/A
2024,16,Washoe,16225.1,Smith Kate ES,Regular,30,2,YES,39.3,36.3,9.6,YES,YES,NO,NO,37.2,27.5,35,N/A,N/A,N/A,N/A,N/A,N/A,N/A,12.1,NO,N/A,NO,NO,N/A
2024,16,Washoe,16226.1,Juniper ES,Regular,40.5,2,YES,43,34.8,8.9,YES,YES,NO,NO,41.5,33,43.7,N/A,N/A,N/A,N/A,N/A,N/A,N/A,5.4,NO,N/A,NO,NO,N/A
2024,16,Washoe,16227.1,Lincoln Park ES,Regular,13,1,YES,23.4,15.3,10.9,YES,YES,NO,NO,31.2,13.7,30.2,N/A,N/A,N/A,N/A,N/A,N/A,N/A,25.3,NO,N/A,NO,NO,N/A
2024,16,Washoe,16228.1,Mitchell ES,Regular,25,1,YES,30.7,19,13.8,YES,YES,NO,NO,45,27.1,31.5,N/A,N/A,N/A,N/A,N/A,N/A,N/A,25.7,YES,3,NO,NO,N/A
2024,16,Washoe,16229.1,Brown ES,Regular,64.5,3,NO,54.5,52.9,28.4,YES,YES,NO,NO,52.1,47.2,52.3,N/A,N/A,N/A,N/A,N/A,N/A,N/A,11.6,NO,N/A,NO,NO,N/A
2024,16,Washoe,16230.1,Huffaker ES,Regular,51.5,3,NO,54.1,47.7,10,YES,YES,NO,NO,52.8,43.8,31.8,N/A,N/A,N/A,N/A,N/A,N/A,N/A,13.2,NO,N/A,NO,NO,N/A
2024,16,Washoe,16231.1,Lemelson STEM ES,Regular,37.5,2,YES,28.5,15.1,14.7,YES,YES,NO,NO,46,28,41.1,N/A,N/A,N/A,N/A,N/A,N/A,N/A,19,NO,N/A,NO,NO,N/A
2024,16,Washoe,16232.1,Lemmon Valley ES,Regular,19,1,YES,24.8,14,<5,YES,YES,NO,NO,26.4,11.2,37.1,N/A,N/A,N/A,N/A,N/A,N/A,N/A,12.7,NO,N/A,YES,NO,N/A
2024,16,Washoe,16233.1,Pleasant Valley ES,Regular,83.3,4,NO,64.6,55.7,36.3,YES,YES,NO,NO,59.1,54.6,-,N/A,N/A,N/A,N/A,N/A,N/A,N/A,8,NO,N/A,NO,NO,N/A
2024,16,Washoe,16234.1,Sun Valley ES,Regular,27.5,2,YES,20,20.5,<5,YES,YES,YES,NO,19.7,16.4,50.9,N/A,N/A,N/A,N/A,N/A,N/A,N/A,11.6,NO,N/A,YES,NO,N/A
2024,16,Washoe,16235.1,Verdi ES,Regular,92.2,5,NO,70.6,67.2,35.8,YES,YES,NO,NO,71.4,62.3,-,N/A,N/A,N/A,N/A,N/A,N/A,N/A,6.7,NO,N/A,NO,NO,N/A
2024,16,Washoe,16237.1,Natchez ES,Regular,12.2,1,YES,11.3,9.6,<5,YES,YES,NO,NO,26.3,5.4,-,N/A,N/A,N/A,N/A,N/A,N/A,N/A,18.9,YES,6,NO,NO,N/A
2024,16,Washoe,16238.1,Diedrichsen ES,Regular,56,3,NO,46.9,41.4,8.9,YES,YES,NO,NO,48.6,44.1,47.6,N/A,N/A,N/A,N/A,N/A,N/A,N/A,9.8,NO,N/A,NO,NO,N/A
2024,16,Washoe,16239.1,Dunn ES,Regular,50,3,YES,41.5,35.4,32.3,YES,YES,NO,NO,44.2,37.6,39.2,N/A,N/A,N/A,N/A,N/A,N/A,N/A,6.7,NO,N/A,NO,NO,N/A
2024,16,Washoe,16240.1,Palmer ES,Regular,36,2,YES,34.1,31,<5,YES,YES,NO,NO,40.9,33,43.9,N/A,N/A,N/A,N/A,N/A,N/A,N/A,16.2,NO,N/A,NO,NO,N/A
2024,16,Washoe,16241.1,Hall ES,Regular,63,3,NO,42.8,47.4,14.8,YES,YES,NO,NO,51.9,44,58.3,N/A,N/A,N/A,N/A,N/A,N/A,N/A,7.4,NO,N/A,NO,NO,N/A
2024,16,Washoe,16242.1,Sepulveda ES,Regular,52.5,3,NO,42.5,41.6,12.3,YES,YES,NO,NO,48.9,39.4,50,N/A,N/A,N/A,N/A,N/A,N/A,N/A,10.7,NO,N/A,NO,NO,N/A
2024,16,Washoe,16243.1,Poulakidas ES,Regular,96,5,NO,69.5,65.1,40.1,YES,YES,NO,NO,64.1,66.8,62.5,N/A,N/A,N/A,N/A,N/A,N/A,N/A,5,NO,N/A,NO,NO,N/A
2024,16,Washoe,16244.1,JOHN BOHACH ES,Regular,82.5,4,NO,53.3,57.8,43,YES,YES,NO,NO,59.7,63,49.2,N/A,N/A,N/A,N/A,N/A,N/A,N/A,9,NO,N/A,NO,NO,N/A
2024,16,Washoe,16245.1,Inskeep ES,Regular,46.5,2,NO,42.7,35,19.1,YES,YES,NO,NO,42.6,34.2,43.4,N/A,N/A,N/A,N/A,N/A,N/A,N/A,10.3,NO,N/A,NO,NO,N/A
2024,16,Washoe,16246.1,Raw ES,Regular,75,4,NO,59.7,50,12.3,YES,YES,YES,NO,54.5,48.7,57.1,N/A,N/A,N/A,N/A,N/A,N/A,N/A,7.4,NO,N/A,NO,NO,N/A
2024,16,Washoe,16251.1,Incline ES,Regular,23,1,NO,40.6,30.5,23.4,YES,YES,NO,NO,40,18.5,30.7,N/A,N/A,N/A,N/A,N/A,N/A,N/A,12.2,NO,N/A,NO,NO,N/A
2024,16,Washoe,16256.1,Gomes ES,Regular,36.5,2,YES,37.9,36.2,5,YES,YES,NO,NO,44,33.3,31.5,N/A,N/A,N/A,N/A,N/A,N/A,N/A,15.8,NO,N/A,NO,NO,N/A
2024,16,Washoe,16257.1,Lenz ES,Regular,71.6,4,NO,68.8,71.1,19.7,YES,YES,NO,NO,55.4,57.5,-,N/A,N/A,N/A,N/A,N/A,N/A,N/A,9.6,NO,N/A,NO,NO,N/A
2024,16,Washoe,16258.1,Dodson ES,Regular,43,2,YES,34.5,30.4,17.1,YES,YES,NO,NO,47.2,32.4,38.6,N/A,N/A,N/A,N/A,N/A,N/A,N/A,13.4,NO,N/A,NO,NO,N/A
2024,16,Washoe,16259.1,Whitehead ES,Regular,29,2,NO,40.6,19.5,9.5,YES,YES,NO,NO,48.6,13.5,40,N/A,N/A,N/A,N/A,N/A,N/A,N/A,18.5,NO,N/A,NO,NO,N/A
2024,16,Washoe,16260.1,Smith Alice ES,Regular,11.5,1,YES,27.7,24.2,12.3,YES,YES,NO,NO,27.1,19.8,25.9,N/A,N/A,N/A,N/A,N/A,N/A,N/A,19.9,NO,N/A,NO,NO,N/A
2024,16,Washoe,16261.1,Caughlin Ranch ES,Regular,82.7,4,NO,81.8,82.1,55.4,YES,YES,NO,NO,67.8,64.5,-,N/A,N/A,N/A,N/A,N/A,N/A,N/A,7.9,NO,N/A,NO,NO,N/A
2024,16,Washoe,16262.1,Hidden Valley ES,Regular,44,2,NO,55.8,43.2,16.2,YES,YES,NO,NO,51.3,30.2,36,N/A,N/A,N/A,N/A,N/A,N/A,N/A,14.2,NO,N/A,NO,NO,N/A
2024,16,Washoe,16263.1,Silver Lake ES,Regular,52,3,NO,43,41.4,10.1,YES,YES,NO,NO,44.8,48.8,36.7,N/A,N/A,N/A,N/A,N/A,N/A,N/A,16.8,NO,N/A,NO,NO,N/A
2024,16,Washoe,16264.1,Westergard ES,Regular,60.5,3,NO,62.8,58.7,21.6,YES,YES,YES,YES,48.5,51.1,46.1,N/A,N/A,N/A,N/A,N/A,N/A,N/A,10.5,NO,N/A,NO,NO,N/A
2024,16,Washoe,16265.1,Taylor ES,Regular,76.5,4,NO,58.7,54.2,15,YES,YES,NO,NO,61.5,53,36.3,N/A,N/A,N/A,N/A,N/A,N/A,N/A,12.8,NO,N/A,NO,NO,N/A
2024,16,Washoe,16266.1,Allen ES,Regular,23.5,1,YES,19.7,14.2,7.2,YES,YES,NO,NO,29.9,15,49.6,N/A,N/A,N/A,N/A,N/A,N/A,N/A,15.8,NO,N/A,NO,NO,N/A
2024,16,Washoe,16267.1,Moss ES,Regular,54.5,3,NO,54.4,48.2,27.7,YES,YES,NO,NO,52.8,40.4,37.5,N/A,N/A,N/A,N/A,N/A,N/A,N/A,14.2,NO,N/A,NO,NO,N/A
2024,16,Washoe,16268.1,Desert Heights ES,Regular,16,1,YES,27.2,21,7.4,YES,YES,NO,NO,26.8,24.1,23.8,N/A,N/A,N/A,N/A,N/A,N/A,N/A,19.5,NO,N/A,NO,NO,N/A
2024,16,Washoe,16269.1,Spanish Spgs ES,Regular,55.5,3,NO,59.4,55.4,23.5,YES,YES,NO,NO,51.3,39.1,-,N/A,N/A,N/A,N/A,N/A,N/A,N/A,11.2,NO,N/A,NO,NO,N/A
2024,16,Washoe,16270.1,Winnemucca ES,Regular,43.5,2,NO,41.1,39.6,10.5,YES,YES,NO,NO,48,37.1,53.8,N/A,N/A,N/A,N/A,N/A,N/A,N/A,19.2,NO,N/A,NO,NO,N/A
2024,16,Washoe,16271.1,Beasley ES,Regular,57,3,NO,55.2,50.3,37.5,YES,YES,NO,NO,57.1,46.5,18.1,N/A,N/A,N/A,N/A,N/A,N/A,N/A,10.1,NO,N/A,NO,NO,N/A
2024,16,Washoe,16272.1,Donner Springs ES,Regular,18.5,1,YES,27.6,25.7,6.5,YES,YES,NO,NO,32.8,22.5,37.9,N/A,N/A,N/A,N/A,N/A,N/A,N/A,21.6,NO,N/A,NO,YES,1
2024,16,Washoe,16273.1,Mathews ES,Regular,39.5,2,YES,32.2,26.6,<5,YES,YES,YES,NO,38.1,32.4,42.1,N/A,N/A,N/A,N/A,N/A,N/A,N/A,8.8,NO,N/A,NO,NO,N/A
2024,16,Washoe,16274.1,Hunsberger ES,Regular,90,5,NO,79,77.5,28.2,YES,YES,NO,NO,63.2,62.3,-,N/A,N/A,N/A,N/A,N/A,N/A,N/A,6.1,NO,N/A,NO,NO,N/A
2024,16,Washoe,16275.1,Bennett ES,Regular,16.5,1,YES,24.2,17.4,<5,YES,YES,NO,NO,27.7,13.9,36.5,N/A,N/A,N/A,N/A,N/A,N/A,N/A,19.6,YES,2,NO,NO,N/A
2024,16,Washoe,16276.1,Van Gorder ES,Regular,76,4,NO,62.2,59.7,22.5,YES,YES,NO,NO,64.4,43.5,50,N/A,N/A,N/A,N/A,N/A,N/A,N/A,6.7,NO,N/A,NO,NO,N/A
2024,16,Washoe,16278.1,Bailey CH ES,District Charter,21.5,1,YES,12.1,5.4,<5,YES,YES,NO,NO,32.1,7.1,39.2,N/A,N/A,N/A,N/A,N/A,N/A,N/A,17.3,NO,N/A,NO,NO,N/A
2024,16,Washoe,16279.1,Coral Acad-South ES,District Charter,71,4,NO,64.4,61.1,24.5,YES,YES,NO,NO,60.4,53.1,42.5,N/A,N/A,N/A,N/A,N/A,N/A,N/A,<5,NO,N/A,NO,NO,N/A
2024,16,Washoe,16280.1,Coral Acad-Northwest ES,District Charter,90,Not Rated,NO,66.6,85.7,N/A,YES,YES,NO,NO,-,-,N/A,N/A,N/A,N/A,N/A,N/A,N/A,N/A,11.5,NO,N/A,NO,NO,N/A
2024,16,Washoe,16281.1,Mariposa CS ES,District Charter,37,2,YES,37.9,24,<5,YES,YES,NO,NO,42.3,23,47.3,N/A,N/A,N/A,N/A,N/A,N/A,N/A,<5,NO,N/A,NO,NO,N/A
2024,16,Washoe,16282.1,High Desert CS ES,District Charter,23,1,NO,32.4,15.9,<5,YES,YES,NO,NO,34,14.2,38.4,N/A,N/A,N/A,N/A,N/A,N/A,N/A,14.9,NO,N/A,NO,NO,N/A
2024,16,Washoe,16282.2,High Desert CS MS,District Charter,35.5,2,NO,40.2,13.3,33.3,YES,YES,NO,NO,37.1,8.6,-,92.1,N/A,N/A,N/A,N/A,N/A,N/A,18.9,NO,N/A,NO,NO,N/A
2024,16,Washoe,16301.2,Clayton Academy MS,Regular,35,2,YES,42.7,29.3,44.2,YES,YES,NO,NO,40.5,26.3,5.5,87.8,N/A,N/A,N/A,N/A,N/A,N/A,25.4,NO,N/A,YES,NO,N/A
2024,16,Washoe,16302.2,Pine MS,Regular,16.5,1,YES,30.9,17.3,24.2,YES,YES,YES,NO,29.5,15,7.6,85.4,N/A,N/A,N/A,N/A,N/A,N/A,31.2,NO,N/A,YES,NO,N/A
2024,16,Washoe,16303.2,Swope MS,Regular,51.5,3,NO,56.6,50.5,50.1,YES,YES,YES,YES,50.7,47.4,20.6,91.1,N/A,N/A,N/A,N/A,N/A,N/A,19,NO,N/A,NO,NO,N/A
2024,16,Washoe,16304.2,Vaughn MS,Regular,19,1,YES,20.5,9.1,27.6,YES,YES,NO,NO,20.9,8.2,19.5,78.1,N/A,N/A,N/A,N/A,N/A,N/A,40.7,NO,N/A,YES,NO,N/A
2024,16,Washoe,16305.2,Traner MS,Regular,14,1,YES,11,5.5,12.8,YES,YES,YES,YES,12.2,7.5,12.5,90.4,N/A,N/A,N/A,N/A,N/A,N/A,42.7,NO,N/A,NO,YES,1
2024,16,Washoe,16306.2,Dilworth MS,Regular,16,1,YES,16.7,11.6,27.7,YES,YES,NO,NO,16,10.4,22.8,87.7,N/A,N/A,N/A,N/A,N/A,N/A,34.8,NO,N/A,YES,NO,N/A
2024,16,Washoe,16307.2,Sparks MS,Regular,26.5,1,YES,20.8,14.3,23.4,NO,YES,YES,NO,21.8,16,20.1,90,N/A,N/A,N/A,N/A,N/A,N/A,35.8,NO,N/A,YES,NO,N/A
2024,16,Washoe,16308.2,OBrien MS,Regular,14,1,YES,19.4,9.2,22.3,NO,NO,YES,NO,16.5,7.9,10.1,85.7,N/A,N/A,N/A,N/A,N/A,N/A,31.3,NO,N/A,NO,YES,1
2024,16,Washoe,16309.2,Incline MS,Regular,57,3,NO,46,36.2,28,YES,YES,NO,NO,41.9,35.2,24,>95,N/A,N/A,N/A,N/A,N/A,N/A,28.3,NO,N/A,NO,NO,N/A
2024,16,Washoe,16310.2,Billinghurst MS,Regular,62.5,3,NO,49.8,43.1,54.4,YES,YES,NO,NO,46.4,43.4,55.5,90.1,N/A,N/A,N/A,N/A,N/A,N/A,16.6,NO,N/A,YES,NO,N/A
2024,16,Washoe,16311.2,Mendive MS,Regular,33,2,NO,35.4,20.8,43.9,YES,YES,NO,NO,30.4,18.4,30.5,78,N/A,N/A,N/A,N/A,N/A,N/A,20.4,NO,N/A,YES,NO,N/A
2024,16,Washoe,16312.3,Coral Acad HS,District Charter,99.5,5,NO,70.3,46.9,50.4,YES,YES,NO,NO,N/A,N/A,26.3,N/A,100,85.3,69.3,81.9,>95,>95,<5,NO,N/A,NO,NO,N/A
2024,16,Washoe,16315.2,Depoali MS,Regular,67.5,3,NO,55.2,46,59.3,YES,YES,NO,NO,52.9,42.4,<5,93.4,N/A,N/A,N/A,N/A,N/A,N/A,12.5,NO,N/A,YES,NO,N/A
2024,16,Washoe,16316.2,Shaw MS,Regular,51.5,3,NO,48.5,40.3,51.3,YES,YES,NO,NO,41.1,37.5,25,83.8,N/A,N/A,N/A,N/A,N/A,N/A,17.4,NO,N/A,NO,NO,N/A
2024,16,Washoe,16317.2,Cold Springs MS,Regular,17,1,NO,27.2,13.8,33,YES,YES,NO,NO,26.9,11,16.2,81.3,N/A,N/A,N/A,N/A,N/A,N/A,26.2,NO,N/A,NO,YES,1
2024,16,Washoe,16318.1,Coral Acad ES,District Charter,80.5,4,NO,51.7,58.5,N/A,YES,YES,NO,NO,57.9,60.6,28,N/A,N/A,N/A,N/A,N/A,N/A,N/A,8.5,NO,N/A,NO,NO,N/A
2024,16,Washoe,16319.2,Sky Ranch MS,Regular,63.5,3,NO,55.9,43.8,53.8,YES,YES,NO,NO,51.8,39.2,18.8,94.9,N/A,N/A,N/A,N/A,N/A,N/A,11.3,NO,N/A,YES,NO,N/A
2024,16,Washoe,16320.2,Coral Academy MS,District Charter,69.5,3,NO,53.4,38.9,40.6,YES,YES,NO,NO,50,37.2,46.4,93.7,N/A,N/A,N/A,N/A,N/A,N/A,9.3,NO,N/A,NO,NO,N/A
2024,16,Washoe,16321.2,Desert Skies MS,Regular,20,1,YES,17.8,8.8,22.1,YES,YES,NO,NO,18.2,8.7,18.3,91.4,N/A,N/A,N/A,N/A,N/A,N/A,33.8,NO,N/A,YES,NO,N/A
2024,16,Washoe,16322.2,Herz MS,Regular,66,3,NO,61.4,51.7,62.2,NO,YES,YES,YES,56.8,50,<5,94.9,N/A,N/A,N/A,N/A,N/A,N/A,12.2,NO,N/A,NO,NO,N/A
2024,16,Washoe,16501.3,Wooster HS,Regular,40.5,2,YES,30.5,10,12.3,NO,NO,YES,YES,N/A,N/A,8.5,N/A,81.1,60.5,43.6,41.6,80.8,90,54.9,NO,N/A,NO,NO,N/A
2024,16,Washoe,16502.3,Reno HS,Regular,83.5,5,NO,58,40.8,37.3,YES,YES,YES,YES,N/A,N/A,13.7,N/A,90.6,71,59.6,65,89.9,92.5,24.4,NO,N/A,NO,NO,N/A
2024,16,Washoe,16503.3,Sparks HS,Regular,31.5,2,YES,11.2,5.9,5.4,NO,NO,YES,YES,N/A,N/A,<5,N/A,67.2,49,16.9,32.7,84.7,87.6,52.1,NO,N/A,YES,NO,N/A
2024,16,Washoe,16504.3,Hug HS,Regular,26.5,1,YES,20.6,12.2,14.2,NO,NO,YES,YES,N/A,N/A,5.9,N/A,77.2,51.3,23.5,27.8,80.3,77.7,53.7,NO,N/A,YES,NO,N/A
2024,16,Washoe,16505.3,Reed HS,Regular,54,3,NO,43.4,17.4,12.8,YES,YES,YES,YES,N/A,N/A,10.6,N/A,81.7,63.4,41.1,46.3,85.8,83.7,26.3,NO,N/A,YES,NO,N/A
2024,16,Washoe,16507.1,Inspire Academy ES,Alternative,N/A,Not Rated,YES,N/A,N/A,N/A,N/A,N/A,NO,NO,N/A,N/A,N/A,N/A,N/A,N/A,N/A,N/A,N/A,N/A,N/A,NO,N/A,NO,NO,N/A
2024,16,Washoe,16507.2,Inspire Academy MS,Alternative,33.3,Not Rated,YES,-,-,-,NO,NO,YES,YES,-,-,N/A,61.5,N/A,N/A,N/A,N/A,N/A,N/A,-,NO,N/A,NO,NO,N/A
2024,16,Washoe,16507.3,Inspire Academy HS,Alternative,2,1,YES,7.6,6.2,-,-,N/A,YES,YES,N/A,N/A,-,N/A,-,13.3,6.6,-,8.1,17.6,55.5,YES,6,NO,NO,N/A
2024,16,Washoe,16508.3,McQueen HS,Regular,78.5,4,NO,50.2,28,37.1,YES,YES,YES,NO,N/A,N/A,10.9,N/A,89.4,76.1,59,61.1,92.5,91.4,34.4,NO,N/A,NO,NO,N/A
2024,16,Washoe,16509.3,Galena HS,Regular,85.5,5,NO,74.1,47,42.3,YES,YES,YES,NO,N/A,N/A,<5,N/A,94.8,83,65.4,70.6,89.7,91.5,18.9,NO,N/A,NO,NO,N/A
2024,16,Washoe,16510.3,Innovations HS,Alternative,10,1,YES,18.1,9,17.6,YES,YES,NO,NO,N/A,N/A,-,N/A,55.5,18.7,9.3,10,57.1,76.7,83.3,YES,1,NO,NO,N/A
2024,16,Washoe,16601.1,Gerlach K 12 ES,Regular,31.6,Not Rated,NO,-,-,-,-,-,NO,NO,-,-,-,N/A,N/A,N/A,N/A,N/A,N/A,N/A,7.6,NO,N/A,NO,NO,N/A
2024,16,Washoe,16601.2,Gerlach K 12 MS,Regular,N/A,Not Rated,NO,-,-,-,-,-,NO,NO,-,-,-,-,N/A,N/A,N/A,N/A,N/A,N/A,-,NO,N/A,NO,NO,N/A
2024,16,Washoe,16601.3,Gerlach K 12 HS,Regular,N/A,Not Rated,NO,-,-,N/A,-,-,NO,NO,N/A,N/A,N/A,N/A,-,N/A,N/A,-,-,-,-,NO,N/A,NO,NO,N/A
2024,16,Washoe,16602.3,Incline HS,Regular,85,5,NO,50,34.6,24.3,YES,YES,NO,NO,N/A,N/A,26.6,N/A,95.3,87.6,69.8,50,>95,>95,20.7,NO,N/A,NO,NO,N/A
2024,16,Washoe,16603.3,TMCC Magnet HS,Regular,96.2,5,NO,>95,75.2,N/A,YES,YES,NO,NO,N/A,N/A,-,N/A,N/A,>95,>95,85.5,>95,>95,17.5,NO,N/A,NO,NO,N/A
2024,16,Washoe,16605.1,Sierra NV Acad CS ES,District Charter,18,1,YES,18,14,<5,YES,YES,NO,NO,24,16,8.3,N/A,N/A,N/A,N/A,N/A,N/A,N/A,16.5,NO,N/A,NO,NO,N/A
2024,16,Washoe,16605.2,Sierra NV Acad CS MS,District Charter,38.8,2,YES,26.1,10.7,12.1,YES,YES,NO,NO,28.7,18.7,-,87.1,N/A,N/A,N/A,N/A,N/A,N/A,12.1,NO,N/A,NO,NO,N/A
2024,16,Washoe,16606.3,Spanish Springs HS,Regular,61,3,NO,50.6,24.7,28.6,YES,YES,YES,NO,N/A,N/A,11.7,N/A,88.2,67.5,50,51.9,82.7,81.5,23.4,NO,N/A,YES,NO,N/A
2024,16,Washoe,16607.3,North Valleys HS,Regular,42.5,2,NO,26.4,8.6,11.2,YES,YES,YES,YES,N/A,N/A,17.5,N/A,77.1,63.6,35.5,33.7,82.2,79.2,39.3,NO,N/A,YES,NO,N/A
2024,16,Washoe,16608.3,ACE ACAD HS,District Charter,83,5,NO,40.9,16.6,33.3,YES,YES,NO,NO,N/A,N/A,20.5,N/A,100,>95,>95,30.1,>95,>95,<5,NO,N/A,NO,NO,N/A
2024,16,Washoe,16609.3,Damonte Ranch HS,Regular,64.5,3,NO,42.9,26.4,34.3,YES,YES,YES,YES,N/A,N/A,20.5,N/A,83.5,73.3,46.7,64,86.2,86.9,34.3,NO,N/A,YES,NO,N/A
2024,16,Washoe,16610.3,enCompass CS HS,District Charter,10.5,1,YES,11.6,7.7,23.5,NO,NO,YES,YES,N/A,N/A,-,N/A,89.2,28.5,<4.5,42.8,63.6,72.2,37.9,YES,6,NO,NO,N/A
2024,16,Washoe,16611.3,Arts Careers Tech HS,Regular,97,5,NO,72.6,44.9,46.1,YES,YES,NO,NO,N/A,N/A,40,N/A,100,>95,>95,81.1,>95,>95,11.2,NO,N/A,NO,NO,N/A
2024,16,Washoe,16911.1,Picollo K 12 ES,Special Education,3.3,1,YES,<5,7.6,-,-,N/A,NO,NO,N/A,N/A,N/A,N/A,N/A,N/A,N/A,N/A,N/A,N/A,60.8,YES,2,NO,NO,N/A
2024,16,Washoe,16911.2,Picollo K 12 MS,Special Education,5.4,1,YES,-,-,-,-,N/A,YES,YES,N/A,N/A,N/A,-,N/A,N/A,N/A,N/A,N/A,N/A,76.9,YES,2,NO,NO,N/A
2024,16,Washoe,16911.3,Picollo K 12 HS,Special Education,2,1,YES,<5,<5,-,-,-,NO,NO,N/A,N/A,N/A,N/A,-,-,-,N/A,<5,-,41.6,YES,2,NO,NO,N/A
2024,16,Washoe,16917.1,Turning Point ES,Alternative,5,Not Rated,YES,7.1,6.6,-,N/A,N/A,NO,NO,N/A,N/A,N/A,N/A,N/A,N/A,N/A,N/A,N/A,N/A,N/A,YES,2,NO,NO,N/A
2024,16,Washoe,16917.2,Turning Point MS,Alternative,43.6,2,YES,25,33.3,-,-,-,NO,NO,40,40,N/A,-,N/A,N/A,N/A,N/A,N/A,N/A,-,NO,N/A,NO,NO,N/A
2024,16,Washoe,16917.3,Turning Point HS,Alternative,0,Not Rated,YES,-,-,N/A,-,-,NO,NO,N/A,N/A,N/A,N/A,-,-,-,N/A,28.5,-,-,YES,5,NO,NO,N/A
2024,16,Washoe,16923.1,North Star Online ES,Alternative,41.1,2,NO,48.9,32.6,19,YES,YES,NO,NO,37.5,31.2,-,N/A,N/A,N/A,N/A,N/A,N/A,N/A,<5,NO,N/A,NO,NO,N/A
2024,16,Washoe,16923.2,North Star Online MS,Alternative,53.3,3,NO,49.6,25.9,50,YES,YES,NO,NO,47,25,-,82.2,N/A,N/A,N/A,N/A,N/A,N/A,<5,NO,N/A,NO,NO,N/A
2024,16,Washoe,16923.3,North Star Online HS,Alternative,32.7,2,NO,38,12.6,45,YES,YES,YES,NO,N/A,N/A,-,N/A,91.4,39.1,13,35.7,73.1,73.3,12.2,NO,N/A,NO,NO,N/A
2024,17,White Pine,17101.1,Lund ES,Regular,30,2,NO,48.2,55.1,-,YES,YES,NO,NO,42.1,22.2,-,N/A,N/A,N/A,N/A,N/A,N/A,N/A,14.8,NO,N/A,NO,NO,N/A
2024,17,White Pine,17103.1,Baker ES,Regular,57.2,3,NO,50,50,-,-,N/A,NO,NO,44.4,50,-,N/A,N/A,N/A,N/A,N/A,N/A,N/A,-,NO,N/A,NO,NO,N/A
2024,17,White Pine,17201.1,Norman ES,Regular,21.1,1,YES,22,26.6,14.5,YES,YES,NO,NO,29.2,29.2,N/A,N/A,N/A,N/A,N/A,N/A,N/A,N/A,25.5,NO,N/A,NO,NO,N/A
2024,17,White Pine,17203.1,McGill ES,Regular,28.3,2,YES,25.8,29.3,11.7,NO,NO,YES,NO,35.1,38.8,N/A,N/A,N/A,N/A,N/A,N/A,N/A,N/A,16.6,NO,N/A,NO,NO,N/A
2024,17,White Pine,17301.2,White Pine MS,Regular,44.4,2,YES,33,28.8,46.7,YES,YES,NO,NO,34.6,31.2,-,84.4,N/A,N/A,N/A,N/A,N/A,N/A,21.3,NO,N/A,NO,NO,N/A
2024,17,White Pine,17502.3,White Pine HS,Regular,67,3,NO,24.4,10.2,23.1,YES,YES,NO,NO,N/A,N/A,9,N/A,89.4,74.3,67.5,42.6,>95,>95,27.4,NO,N/A,NO,NO,N/A
2024,17,White Pine,17601.2,Lund JSHS MS,Regular,46.1,2,NO,25,21.4,54.5,YES,YES,NO,NO,17.3,27.2,-,>95,N/A,N/A,N/A,N/A,N/A,N/A,14.8,NO,N/A,NO,NO,N/A
2024,17,White Pine,17601.3,Lund JSHS HS,Regular,70.9,4,NO,50,27.7,18.1,-,-,NO,NO,N/A,N/A,N/A,N/A,-,-,-,-,>95,-,20,NO,N/A,NO,NO,N/A
2024,17,White Pine,17903.3,Steptoe Valley HS,Alternative,23.1,1,NO,<5,<5,N/A,-,N/A,YES,YES,N/A,N/A,N/A,N/A,N/A,66.6,60,<5,66.6,62.5,50,YES,6,NO,NO,N/A
2024,18,"State Public Charter School Authority ",38435.1,Freedom Class ACAD ES,SPCSA,26.5,1,YES,36.2,36.8,7.2,YES,YES,NO,NO,39.4,28.7,33.9,N/A,N/A,N/A,N/A,N/A,N/A,N/A,12.1,NO,N/A,NO,NO,N/A
2024,18,"State Public Charter School Authority ",38435.2,Freedom Class ACAD MS,SPCSA,77.5,4,YES,47.5,34,44.7,YES,YES,NO,NO,51.4,41.8,21.4,75.7,N/A,N/A,N/A,N/A,N/A,N/A,13.2,NO,N/A,NO,NO,N/A
2024,18,"State Public Charter School Authority ",39438.1,Legacy N Valley ES,SPCSA,14,1,YES,32,22.7,<5,YES,YES,NO,NO,28.1,14.2,34.3,N/A,N/A,N/A,N/A,N/A,N/A,N/A,18.7,NO,N/A,NO,YES,1
2024,18,"State Public Charter School Authority ",39438.2,Legacy N Valley MS,SPCSA,38,2,YES,37.6,18.2,29,YES,YES,NO,NO,36.3,19.9,5.5,69.3,N/A,N/A,N/A,N/A,N/A,N/A,15.6,NO,N/A,NO,NO,N/A
2024,18,"State Public Charter School Authority ",39439.1,Legacy Cadence ES,SPCSA,33.5,2,YES,35.8,33.8,11.8,YES,YES,NO,NO,38.4,33,44.7,N/A,N/A,N/A,N/A,N/A,N/A,N/A,13.4,NO,N/A,NO,NO,N/A
2024,18,"State Public Charter School Authority ",39439.2,Legacy Cadence MS,SPCSA,77.5,4,YES,50.9,29.2,54.2,YES,YES,NO,NO,54.8,34.1,50,84.5,N/A,N/A,N/A,N/A,N/A,N/A,15.1,NO,N/A,NO,NO,N/A
2024,18,"State Public Charter School Authority ",39440.1,Legacy SW ES,SPCSA,85.5,5,YES,64.8,58.8,25.1,YES,YES,NO,NO,63.6,48.9,66.1,N/A,N/A,N/A,N/A,N/A,N/A,N/A,7.2,NO,N/A,NO,NO,N/A
2024,18,"State Public Charter School Authority ",39440.2,Legacy SW MS,SPCSA,87.5,5,YES,62.7,47,50.3,YES,YES,NO,NO,61.8,47.2,23.8,92.7,N/A,N/A,N/A,N/A,N/A,N/A,7.1,NO,N/A,NO,NO,N/A
2024,18,"State Public Charter School Authority ",43100.1,Futuro ACAD ES,SPCSA,52.5,3,YES,41.5,27.5,7.1,YES,YES,NO,NO,58.5,34.6,49.6,N/A,N/A,N/A,N/A,N/A,N/A,N/A,22.3,NO,N/A,NO,NO,N/A
2024,18,"State Public Charter School Authority ",44437.1,Mater Northern NV ES,SPCSA,41,2,YES,36.8,43.4,<5,YES,YES,NO,NO,35,42,47.7,N/A,N/A,N/A,N/A,N/A,N/A,N/A,11.8,NO,N/A,NO,NO,N/A
2024,18,"State Public Charter School Authority ",44437.2,Mater Northern NV MS,SPCSA,47,2,YES,29,20.6,32.1,YES,YES,NO,NO,33.1,21.4,50.9,>95,N/A,N/A,N/A,N/A,N/A,N/A,14.8,NO,N/A,NO,NO,N/A
2024,18,"State Public Charter School Authority ",46100.1,DP Agassi ES,SPCSA,19,1,YES,28,27.1,7.6,YES,YES,NO,NO,42.1,24,38.2,N/A,N/A,N/A,N/A,N/A,N/A,N/A,49.9,NO,N/A,NO,YES,1
2024,18,"State Public Charter School Authority ",46200.2,DP Agassi MS,SPCSA,38.5,2,YES,34.6,14.2,19.8,YES,YES,NO,NO,39.9,15.6,33.3,>95,N/A,N/A,N/A,N/A,N/A,N/A,38.4,NO,N/A,NO,NO,N/A
2024,18,"State Public Charter School Authority ",46300.3,DP Agassi  HS,SPCSA,50,3,YES,35.4,8.8,10.5,YES,YES,NO,NO,N/A,N/A,8.3,N/A,100,54.1,<4.5,7.3,91.1,95,42.6,NO,N/A,NO,NO,N/A
2024,18,"State Public Charter School Authority ",47434.1,SLAM ES,SPCSA,41,2,YES,33.9,34.6,<5,YES,YES,NO,NO,37.5,32.2,55.1,N/A,N/A,N/A,N/A,N/A,N/A,N/A,10.6,NO,N/A,NO,YES,2
2024,18,"State Public Charter School Authority ",47434.2,SLAM MS,SPCSA,83,5,YES,49.5,35.9,33.7,YES,YES,NO,NO,51.8,39.7,38.4,>95,N/A,N/A,N/A,N/A,N/A,N/A,14.6,NO,N/A,NO,NO,N/A
2024,18,"State Public Charter School Authority ",47434.3,SLAM HS,SPCSA,80,4,YES,51,10.8,10.5,YES,YES,NO,NO,N/A,N/A,24.5,N/A,92.7,81.4,69.4,37.1,>95,>95,14.7,NO,N/A,NO,NO,N/A
2024,18,"State Public Charter School Authority ",48433.2,Equipo ACAD MS,SPCSA,54.5,3,YES,27,17.7,23.1,YES,YES,NO,NO,30.4,27.9,29.1,>95,N/A,N/A,N/A,N/A,N/A,N/A,<5,NO,N/A,NO,NO,N/A
2024,18,"State Public Charter School Authority ",48433.3,Equipo ACAD HS,SPCSA,82.5,5,YES,31.3,16.5,21.8,YES,YES,NO,NO,N/A,N/A,33.3,N/A,100,>95,56.7,>95,>95,>95,<5,NO,N/A,NO,NO,N/A
2024,18,"State Public Charter School Authority ",49432.1,Mater Mtn Vista  ES,SPCSA,74.5,4,YES,45.6,54.6,19.6,YES,YES,NO,NO,54.8,67.4,55.5,N/A,N/A,N/A,N/A,N/A,N/A,N/A,<5,NO,N/A,NO,NO,N/A
2024,18,"State Public Charter School Authority ",49432.2,Mater Mtn Vista  MS,SPCSA,73,4,YES,49.1,33.5,49.1,YES,YES,NO,NO,50.6,36,42.3,>95,N/A,N/A,N/A,N/A,N/A,N/A,6.7,NO,N/A,NO,NO,N/A
2024,18,"State Public Charter School Authority ",49433.1,Mater Bonanza ES,SPCSA,39,2,YES,40.7,39.8,8.9,YES,YES,NO,NO,34.3,34.3,48.9,N/A,N/A,N/A,N/A,N/A,N/A,N/A,<5,NO,N/A,NO,NO,N/A
2024,18,"State Public Charter School Authority ",49433.2,Mater Bonanza MS,SPCSA,56,3,YES,38,25,34.7,YES,YES,NO,NO,39.1,24.1,34,>95,N/A,N/A,N/A,N/A,N/A,N/A,<5,NO,N/A,NO,NO,N/A
2024,18,"State Public Charter School Authority ",49434.1,Mater East ES,SPCSA,67,4,YES,46.1,37.5,10.6,YES,YES,NO,NO,57.1,40.1,51,N/A,N/A,N/A,N/A,N/A,N/A,N/A,<5,NO,N/A,NO,NO,N/A
2024,18,"State Public Charter School Authority ",49434.2,Mater East MS,SPCSA,53,3,YES,39.5,21.8,25.9,YES,YES,NO,NO,42.6,22.3,14.8,>95,N/A,N/A,N/A,N/A,N/A,N/A,<5,NO,N/A,NO,NO,N/A
2024,18,"State Public Charter School Authority ",49434.3,Mater East HS,SPCSA,60.7,Not Rated,YES,49.7,9,9,YES,YES,NO,NO,N/A,N/A,<5,N/A,100,>95,92.5,N/A,N/A,N/A,5.9,NO,N/A,NO,NO,N/A
2024,18,"State Public Charter School Authority ",50431.1,Amplus Durango ES,SPCSA,76.5,4,NO,63.5,61.4,21.8,YES,YES,YES,NO,62.2,59,46.1,N/A,N/A,N/A,N/A,N/A,N/A,N/A,14.9,NO,N/A,NO,NO,N/A
2024,18,"State Public Charter School Authority ",50431.2,Amplus Durango MS,SPCSA,69.5,3,NO,61.8,48.4,45,YES,YES,NO,NO,60,48.2,16,88.2,N/A,N/A,N/A,N/A,N/A,N/A,10.3,NO,N/A,NO,NO,N/A
2024,18,"State Public Charter School Authority ",50431.3,Amplus Durango HS,SPCSA,86.5,5,NO,77.1,40.1,30.3,YES,YES,NO,NO,N/A,N/A,19.2,N/A,95.3,69.3,42.3,64.3,>95,>95,17.7,NO,N/A,NO,NO,N/A
2024,18,"State Public Charter School Authority ",50432.1,Amplus Rainbow ES,SPCSA,86.5,5,YES,66.3,66.3,47,YES,YES,NO,NO,65.6,58.2,50,N/A,N/A,N/A,N/A,N/A,N/A,N/A,7.3,NO,N/A,NO,NO,N/A
2024,18,"State Public Charter School Authority ",51430.1,Founders ACAD ES,SPCSA,62,3,NO,48,55.9,21.6,YES,YES,NO,NO,51.5,52.7,52,N/A,N/A,N/A,N/A,N/A,N/A,N/A,16,NO,N/A,NO,NO,N/A
2024,18,"State Public Charter School Authority ",51430.2,Founders ACAD MS,SPCSA,58,3,NO,51.2,39.9,46.9,YES,YES,NO,NO,48.9,36.1,15.3,70.1,N/A,N/A,N/A,N/A,N/A,N/A,14.9,NO,N/A,NO,NO,N/A
2024,18,"State Public Charter School Authority ",51430.3,Founders ACAD HS,SPCSA,69.5,3,NO,78.9,21,17.5,YES,YES,NO,NO,N/A,N/A,27.2,N/A,86.8,56.7,8.1,50,>95,>95,11.5,NO,N/A,NO,NO,N/A
2024,18,"State Public Charter School Authority ",52429.2,Leadership ACAD MS,SPCSA,58.3,3,NO,40.5,31,46.1,YES,YES,NO,NO,43.9,32.9,-,83.9,N/A,N/A,N/A,N/A,N/A,N/A,<5,NO,N/A,NO,NO,N/A
2024,18,"State Public Charter School Authority ",52429.3,Leadership ACAD HS,SPCSA,71.6,4,NO,50,21.8,36.3,YES,YES,NO,NO,N/A,N/A,N/A,N/A,88.8,55.5,50,50,87.5,>95,<5,NO,N/A,NO,NO,N/A
2024,18,"State Public Charter School Authority ",54428.1,Learning Bridge ES,SPCSA,36.1,2,NO,38.9,28.8,<5,YES,YES,NO,NO,33.3,38.4,-,N/A,N/A,N/A,N/A,N/A,N/A,N/A,15.6,NO,N/A,NO,NO,N/A
2024,18,"State Public Charter School Authority ",54428.2,Learning Bridge MS,SPCSA,70.5,4,NO,40.4,40.4,53.8,YES,YES,NO,NO,39.1,50,-,92.8,N/A,N/A,N/A,N/A,N/A,N/A,18,NO,N/A,NO,NO,N/A
2024,18,"State Public Charter School Authority ",55200.1,Doral Cactus  ES,SPCSA,74,4,NO,64.7,63.3,10,YES,YES,NO,NO,55.6,44,68.4,N/A,N/A,N/A,N/A,N/A,N/A,N/A,9.8,NO,N/A,NO,NO,N/A
2024,18,"State Public Charter School Authority ",55200.2,Doral Cactus  MS,SPCSA,95.5,5,NO,68.8,55.2,58.1,YES,YES,NO,NO,67.3,54.3,-,>95,N/A,N/A,N/A,N/A,N/A,N/A,5.7,NO,N/A,NO,NO,N/A
2024,18,"State Public Charter School Authority ",55201.1,Doral Fire Mesa ES,SPCSA,60.5,3,NO,60.3,54.4,11.7,YES,YES,NO,NO,58,48.8,32.1,N/A,N/A,N/A,N/A,N/A,N/A,N/A,18.5,NO,N/A,NO,NO,N/A
2024,18,"State Public Charter School Authority ",55201.2,Doral Fire Mesa MS,SPCSA,91.5,5,NO,68.9,46.9,60.5,YES,YES,NO,NO,69,47.1,20,>95,N/A,N/A,N/A,N/A,N/A,N/A,11,NO,N/A,NO,NO,N/A
2024,18,"State Public Charter School Authority ",55202.1,Doral Red Rock ES,SPCSA,89.5,5,NO,73.2,72.5,40,YES,YES,NO,NO,68.2,56.9,65.6,N/A,N/A,N/A,N/A,N/A,N/A,N/A,7.4,NO,N/A,NO,NO,N/A
2024,18,"State Public Charter School Authority ",55202.2,Doral Red Rock MS,SPCSA,75.5,4,NO,69.2,51.1,66.4,YES,YES,NO,NO,68.5,48.8,10,94,N/A,N/A,N/A,N/A,N/A,N/A,13.1,NO,N/A,NO,NO,N/A
2024,18,"State Public Charter School Authority ",55202.3,Doral Red Rock HS,SPCSA,84.5,5,NO,69.3,31.8,26.6,YES,YES,NO,NO,N/A,N/A,16.1,N/A,99.3,77.8,59.1,44.8,>95,>95,23.2,NO,N/A,NO,NO,N/A
2024,18,"State Public Charter School Authority ",55203.1,Doral Saddle ES,SPCSA,69.5,4,NO,63.4,64.4,19.6,YES,YES,NO,NO,48.1,50.6,56,N/A,N/A,N/A,N/A,N/A,N/A,N/A,5.6,NO,N/A,NO,NO,N/A
2024,18,"State Public Charter School Authority ",55203.2,Doral Saddle MS,SPCSA,95.5,5,NO,70.3,53.7,69.8,YES,YES,NO,NO,66.4,54.8,28.5,>95,N/A,N/A,N/A,N/A,N/A,N/A,9,NO,N/A,NO,NO,N/A
2024,18,"State Public Charter School Authority ",55204.1,Doral W Pebble ES,SPCSA,81,4,NO,64.1,61.6,21.4,YES,YES,NO,NO,57.9,56.1,57.1,N/A,N/A,N/A,N/A,N/A,N/A,N/A,7.5,NO,N/A,NO,NO,N/A
2024,18,"State Public Charter School Authority ",55204.2,Doral W Pebble MS,SPCSA,83,5,NO,66.8,54.2,60,YES,YES,NO,NO,67.5,49.1,11.1,>95,N/A,N/A,N/A,N/A,N/A,N/A,6.3,NO,N/A,NO,NO,N/A
2024,18,"State Public Charter School Authority ",57424.1,Honors ACAD ES,SPCSA,21.6,1,NO,44.1,19.1,12,YES,YES,NO,NO,48.9,<5,N/A,N/A,N/A,N/A,N/A,N/A,N/A,N/A,19.4,NO,N/A,NO,NO,N/A
2024,18,"State Public Charter School Authority ",57424.2,Honors ACAD MS,SPCSA,59.4,3,NO,46.3,27.5,42.3,YES,YES,NO,NO,50.7,31.7,-,>95,N/A,N/A,N/A,N/A,N/A,N/A,18,NO,N/A,NO,NO,N/A
2024,18,"State Public Charter School Authority ",58422.1,Pinecrest Horizon ES,SPCSA,83.5,4,NO,63.3,74,21.4,YES,YES,NO,NO,63.5,69.3,53.3,N/A,N/A,N/A,N/A,N/A,N/A,N/A,19.4,NO,N/A,NO,NO,N/A
2024,18,"State Public Charter School Authority ",58423.1,Pinecrest Cadence ES,SPCSA,57,3,NO,61.4,59.8,34.7,YES,YES,NO,NO,52,52.1,23.5,N/A,N/A,N/A,N/A,N/A,N/A,N/A,18.9,NO,N/A,NO,NO,N/A
2024,18,"State Public Charter School Authority ",58423.2,Pinecrest Cadence MS,SPCSA,84,5,NO,64.5,59.5,58,YES,YES,NO,NO,59.7,57.5,60,85,N/A,N/A,N/A,N/A,N/A,N/A,11.5,NO,N/A,NO,NO,N/A
2024,18,"State Public Charter School Authority ",58423.3,Pinecrest Cadence HS,SPCSA,89,5,NO,72.2,45.6,34.2,YES,YES,NO,NO,N/A,N/A,31.2,N/A,85,68.3,64.7,43.9,>95,>95,18.5,NO,N/A,NO,NO,N/A
2024,18,"State Public Charter School Authority ",58425.1,Pinecrest Inspirada ES,SPCSA,74.5,4,NO,83.6,81,46.6,YES,YES,NO,NO,72.8,50.3,46.6,N/A,N/A,N/A,N/A,N/A,N/A,N/A,5.2,NO,N/A,NO,NO,N/A
2024,18,"State Public Charter School Authority ",58425.2,Pinecrest Inspirada MS,SPCSA,96.6,5,NO,85.3,82.6,81.1,YES,YES,NO,NO,83.3,79.7,-,>95,N/A,N/A,N/A,N/A,N/A,N/A,6,NO,N/A,NO,NO,N/A
2024,18,"State Public Charter School Authority ",58427.1,Pinecrest St Rose ES,SPCSA,86,5,NO,69.5,73,40.4,YES,YES,NO,NO,59.8,60.7,53.3,N/A,N/A,N/A,N/A,N/A,N/A,N/A,<5,NO,N/A,NO,NO,N/A
2024,18,"State Public Charter School Authority ",58427.2,Pinecrest St Rose MS,SPCSA,98.3,5,NO,81.6,61.6,80,YES,YES,NO,NO,81.4,58.6,-,90.7,N/A,N/A,N/A,N/A,N/A,N/A,7.1,NO,N/A,NO,NO,N/A
2024,18,"State Public Charter School Authority ",58428.1,Pinecrest Sloan ES,SPCSA,87.5,5,NO,80.8,80.1,38.5,YES,YES,NO,NO,73.4,71.4,61.1,N/A,N/A,N/A,N/A,N/A,N/A,N/A,7.1,NO,N/A,NO,NO,N/A
2024,18,"State Public Charter School Authority ",58428.2,Pinecrest Sloan MS,SPCSA,83.8,5,NO,69,55.5,65.1,YES,YES,NO,NO,67.6,50.3,-,>95,N/A,N/A,N/A,N/A,N/A,N/A,9.4,NO,N/A,NO,NO,N/A
2024,18,"State Public Charter School Authority ",58428.3,Pinecrest Sloan HS,SPCSA,90,5,NO,81.4,52.9,32.6,YES,YES,NO,NO,N/A,N/A,10,N/A,96.4,91.3,77.5,60.6,>95,N/A,14.8,NO,N/A,NO,NO,N/A
2024,18,"State Public Charter School Authority ",58429.2,PAN Virtual MS,SPCSA,50.6,3,NO,59,27.2,46.6,YES,YES,NO,NO,55.1,27.5,N/A,85,N/A,N/A,N/A,N/A,N/A,N/A,7.9,NO,N/A,NO,NO,N/A
2024,18,"State Public Charter School Authority ",58429.3,PAN Virtual HS,SPCSA,44.2,Not Rated,NO,62.5,18.7,21.4,-,N/A,NO,NO,N/A,N/A,N/A,N/A,68.4,N/A,N/A,N/A,N/A,N/A,21.8,NO,N/A,NO,NO,N/A
2024,18,"State Public Charter School Authority ",58430.1,Pinecrest Springs ES,SPCSA,75.5,Not Rated,YES,57.1,57.1,N/A,YES,YES,NO,NO,N/A,N/A,70,N/A,N/A,N/A,N/A,N/A,N/A,N/A,20,NO,N/A,NO,NO,N/A
2024,18,"State Public Charter School Authority ",59119.1,Somerset NLV ES,SPCSA,46,2,YES,39.4,36.1,9.8,YES,YES,NO,NO,51.6,30,58.8,N/A,N/A,N/A,N/A,N/A,N/A,N/A,18.3,NO,N/A,NO,NO,N/A
2024,18,"State Public Charter School Authority ",59120.1,Somerset Losee ES,SPCSA,43,2,YES,46.3,38.9,15.7,YES,YES,NO,NO,46.4,33.5,49.2,N/A,N/A,N/A,N/A,N/A,N/A,N/A,17.2,NO,N/A,NO,NO,N/A
2024,18,"State Public Charter School Authority ",59120.2,Somerset Losee MS,SPCSA,38,2,YES,35.6,19,31.8,YES,YES,NO,NO,35.3,20.3,32.6,84.8,N/A,N/A,N/A,N/A,N/A,N/A,15.9,NO,N/A,NO,NO,N/A
2024,18,"State Public Charter School Authority ",59120.3,Somerset Losee HS,SPCSA,52.5,3,YES,28.3,10.3,7.2,YES,YES,NO,NO,N/A,N/A,13.4,N/A,96,27.9,15.1,35.4,>95,>95,19.9,NO,N/A,NO,NO,N/A
2024,18,"State Public Charter School Authority ",59121.1,Somerset Lone Mtn ES,SPCSA,81,4,NO,64.7,61.1,17.4,YES,YES,NO,NO,62.7,50.9,51.5,N/A,N/A,N/A,N/A,N/A,N/A,N/A,<5,NO,N/A,NO,NO,N/A
2024,18,"State Public Charter School Authority ",59121.2,Somerset Lone Mtn MS,SPCSA,98,5,NO,66,49.5,60.3,YES,YES,NO,NO,68,47.4,50,>95,N/A,N/A,N/A,N/A,N/A,N/A,6.5,NO,N/A,NO,NO,N/A
2024,18,"State Public Charter School Authority ",59122.1,Somerset Sky Pointe ES,SPCSA,88,5,NO,66.6,67,35.6,YES,YES,NO,NO,68.3,58.5,50,N/A,N/A,N/A,N/A,N/A,N/A,N/A,<5,NO,N/A,NO,NO,N/A
2024,18,"State Public Charter School Authority ",59122.2,Somerset Sky Pointe MS,SPCSA,96.6,5,NO,64.9,57.5,64.2,YES,YES,NO,NO,64,55.7,-,92.8,N/A,N/A,N/A,N/A,N/A,N/A,<5,NO,N/A,NO,NO,N/A
2024,18,"State Public Charter School Authority ",59122.3,Somerset Sky Pointe HS,SPCSA,81,4,NO,69.8,30.1,28.9,YES,YES,NO,NO,N/A,N/A,9.5,N/A,99.2,>95,35.8,44.3,>95,>95,<5,NO,N/A,NO,NO,N/A
2024,18,"State Public Charter School Authority ",59123.1,Somerset Stephanie ES,SPCSA,68.5,4,NO,60.6,53.3,30.9,YES,YES,NO,NO,61.5,55.1,31.8,N/A,N/A,N/A,N/A,N/A,N/A,N/A,12,NO,N/A,NO,NO,N/A
2024,18,"State Public Charter School Authority ",59123.2,Somerset Stephanie MS,SPCSA,86.5,5,NO,66.9,45.2,70,YES,YES,NO,NO,70,46.7,17.6,73.9,N/A,N/A,N/A,N/A,N/A,N/A,11.4,NO,N/A,NO,NO,N/A
2024,18,"State Public Charter School Authority ",59124.1,Somerset Aliante ES,SPCSA,51,3,NO,58.5,52.7,23.4,YES,YES,NO,NO,48,38.4,54.1,N/A,N/A,N/A,N/A,N/A,N/A,N/A,10,NO,N/A,NO,NO,N/A
2024,18,"State Public Charter School Authority ",59124.2,Somerset Aliante MS,SPCSA,86.6,5,NO,59.5,44.1,50,YES,YES,NO,NO,57.6,44.6,-,>95,N/A,N/A,N/A,N/A,N/A,N/A,<5,NO,N/A,NO,NO,N/A
2024,18,"State Public Charter School Authority ",59125.1,Somerset Skye Canyon ES,SPCSA,91,5,NO,66.1,67.4,37.8,YES,YES,NO,NO,70,61,60,N/A,N/A,N/A,N/A,N/A,N/A,N/A,8.1,NO,N/A,NO,NO,N/A
2024,18,"State Public Charter School Authority ",59125.2,Somerset Skye Canyon MS,SPCSA,87.2,5,NO,68.9,57.8,56.6,YES,YES,NO,NO,64.9,52.5,-,>95,N/A,N/A,N/A,N/A,N/A,N/A,7.2,NO,N/A,NO,NO,N/A
2024,18,"State Public Charter School Authority ",61415.1,Discovery Sandhill ES,SPCSA,60,3,YES,41.4,31.7,<5,YES,YES,NO,NO,65.3,38.4,-,N/A,N/A,N/A,N/A,N/A,N/A,N/A,63.3,NO,N/A,NO,NO,N/A
2024,18,"State Public Charter School Authority ",61417.1,Discovery Hill Pointe ES,SPCSA,55,3,NO,51.3,54.1,14.5,YES,YES,NO,NO,65.2,38,46.1,N/A,N/A,N/A,N/A,N/A,N/A,N/A,35.4,NO,N/A,NO,NO,N/A
2024,18,"State Public Charter School Authority ",61417.2,Discovery Hill Pointe MS,SPCSA,61,3,NO,41.8,29.9,51.3,YES,YES,NO,NO,50,38.2,11.7,>95,N/A,N/A,N/A,N/A,N/A,N/A,14.4,NO,N/A,NO,NO,N/A
2024,18,"State Public Charter School Authority ",65414.1,Oasis ACAD ES,SPCSA,68,4,NO,59,58,26.7,YES,YES,NO,NO,46.2,51.5,75,N/A,N/A,N/A,N/A,N/A,N/A,N/A,6.4,NO,N/A,NO,NO,N/A
2024,18,"State Public Charter School Authority ",65414.2,Oasis ACAD MS,SPCSA,95,5,NO,63,55.1,60.4,YES,YES,NO,NO,61.9,52.7,-,>95,N/A,N/A,N/A,N/A,N/A,N/A,7.2,NO,N/A,NO,NO,N/A
2024,18,"State Public Charter School Authority ",65414.3,Oasis ACAD HS,SPCSA,89.4,5,NO,68,32,40,YES,YES,NO,NO,N/A,N/A,-,N/A,97.9,>95,>95,45.1,>95,>95,12.2,NO,N/A,NO,NO,N/A
2024,18,"State Public Charter School Authority ",66436.1,Doral Northern NV ES,SPCSA,93.3,5,NO,78.4,75.8,59.4,YES,YES,NO,NO,75.1,67.3,-,N/A,N/A,N/A,N/A,N/A,N/A,N/A,<5,NO,N/A,NO,NO,N/A
2024,18,"State Public Charter School Authority ",66436.2,Doral Northern NV MS,SPCSA,90,5,NO,70.3,58.5,64.3,YES,YES,NO,NO,67.3,56.8,-,93.9,N/A,N/A,N/A,N/A,N/A,N/A,<5,NO,N/A,NO,NO,N/A
2024,18,"State Public Charter School Authority ",68410.1,Elko Institute ES,SPCSA,78.3,4,NO,60.9,60,34.7,YES,YES,NO,NO,64.2,50.9,-,N/A,N/A,N/A,N/A,N/A,N/A,N/A,12.6,NO,N/A,NO,NO,N/A
2024,18,"State Public Charter School Authority ",68410.2,Elko Institute MS,SPCSA,90.5,5,NO,70.1,63.1,83.3,YES,YES,NO,NO,73,75,N/A,>95,N/A,N/A,N/A,N/A,N/A,N/A,21.6,NO,N/A,NO,NO,N/A
2024,18,"State Public Charter School Authority ",72416.1,Quest Northwest ES,SPCSA,22.5,1,YES,31.7,22.4,<5,YES,YES,NO,NO,36.2,22.2,40.9,N/A,N/A,N/A,N/A,N/A,N/A,N/A,22.2,NO,N/A,NO,NO,N/A
2024,18,"State Public Charter School Authority ",72416.2,Quest Northwest MS,SPCSA,57.7,3,YES,42.2,18.3,32.5,YES,YES,NO,NO,49.2,25.9,-,>95,N/A,N/A,N/A,N/A,N/A,N/A,21.4,NO,N/A,NO,NO,N/A
2024,18,"State Public Charter School Authority ",74418.1,Imagine Mtn View ES,SPCSA,21,1,YES,36.8,27.7,8.8,YES,YES,NO,NO,40.9,24.5,27.8,N/A,N/A,N/A,N/A,N/A,N/A,N/A,21.9,NO,N/A,NO,NO,N/A
2024,18,"State Public Charter School Authority ",74418.2,Imagine Mtn View MS,SPCSA,53.4,3,YES,47.5,18,N/A,YES,YES,NO,NO,59.6,17.6,-,N/A,N/A,N/A,N/A,N/A,N/A,N/A,24.5,NO,N/A,NO,NO,N/A
2024,18,"State Public Charter School Authority ",76412.3,Alpine Acad HS,SPCSA,71.6,4,NO,44.4,25.9,21,NO,NO,NO,NO,N/A,N/A,-,N/A,94.1,63.8,44.4,60,90.9,>95,19.1,NO,N/A,NO,NO,N/A
2024,18,"State Public Charter School Authority ",78411.1,Silver Sands ES,SPCSA,20.5,1,NO,33.3,13,10.3,YES,YES,NO,NO,41.8,30.2,18.7,N/A,N/A,N/A,N/A,N/A,N/A,N/A,30.8,NO,N/A,NO,NO,N/A
2024,18,"State Public Charter School Authority ",78411.2,Silver Sands MS,SPCSA,52.2,3,NO,43,27.6,41.6,YES,YES,NO,NO,45.1,30.6,-,>95,N/A,N/A,N/A,N/A,N/A,N/A,23.9,NO,N/A,NO,NO,N/A
2024,20,Correctional,79903.2,Independence MS,Correctional,N/A,Not Rated,NO,N/A,N/A,N/A,N/A,N/A,NO,NO,N/A,N/A,N/A,N/A,N/A,N/A,N/A,N/A,N/A,N/A,N/A,NO,N/A,NO,NO,N/A
2024,20,Correctional,79903.3,Independence HS,Correctional,0,1,NO,<5,<5,N/A,-,-,YES,YES,N/A,N/A,N/A,N/A,N/A,N/A,N/A,-,6.2,<5,N/A,YES,4,NO,NO,N/A
2024,18,"State Public Charter School Authority ",81101.3,NSHS Downtown HS,SPCSA,79.3,4,YES,28.5,7.1,N/A,-,N/A,NO,NO,N/A,N/A,-,N/A,N/A,>95,94.7,69.7,>95,>95,<5,NO,N/A,NO,NO,N/A
2024,18,"State Public Charter School Authority ",81102.3,NSHS Summerlin HS,SPCSA,93.1,5,NO,58.8,25.4,N/A,YES,YES,NO,NO,N/A,N/A,-,N/A,N/A,>95,94.8,74.6,>95,>95,<5,NO,N/A,NO,NO,N/A
2024,18,"State Public Charter School Authority ",81103.3,NSHS Henderson HS,SPCSA,93.1,5,NO,65.2,27.1,N/A,YES,YES,NO,NO,N/A,N/A,-,N/A,N/A,>95,>95,88.5,>95,>95,<5,NO,N/A,NO,NO,N/A
2024,18,"State Public Charter School Authority ",81104.3,NSHS Sunrise HS,SPCSA,86.2,5,YES,42.1,26.3,N/A,YES,YES,NO,NO,N/A,N/A,-,N/A,N/A,>95,>95,77.7,>95,>95,<5,NO,N/A,NO,NO,N/A
2024,18,"State Public Charter School Authority ",81106.3,NSHS SW HS,SPCSA,94.3,5,YES,70.6,31,N/A,YES,YES,NO,NO,N/A,N/A,-,N/A,N/A,>95,>95,74.5,>95,>95,<5,NO,N/A,NO,NO,N/A
2024,18,"State Public Charter School Authority ",81107.3,NSHS DownTwn Hend HS,SPCSA,97.5,5,NO,78.3,38.3,N/A,YES,YES,NO,NO,N/A,N/A,N/A,N/A,N/A,>95,>95,80.6,>95,>95,<5,NO,N/A,NO,NO,N/A
2024,18,"State Public Charter School Authority ",81108.3,NSHS NW HS,SPCSA,95,5,NO,70.6,32.7,N/A,YES,YES,NO,NO,N/A,N/A,-,N/A,N/A,>95,>95,83.8,>95,>95,<5,NO,N/A,NO,NO,N/A
2024,18,"State Public Charter School Authority ",81109.3,NSHS North Las Vegas HS,SPCSA,89.3,5,YES,58.3,12.5,N/A,YES,YES,NO,NO,N/A,N/A,-,N/A,N/A,>95,>95,81.2,>95,N/A,<5,NO,N/A,NO,NO,N/A
2024,19,University,84406.2,Davidson Acad MS,Regular,92.8,5,NO,>95,>95,>95,YES,YES,NO,NO,>95,>95,N/A,>95,N/A,N/A,N/A,N/A,N/A,N/A,<5,NO,N/A,NO,NO,N/A
2024,19,University,84406.3,Davidson Acad HS,Regular,100,5,NO,>95,>95,>95,YES,YES,NO,NO,N/A,N/A,N/A,N/A,100,81.4,88.8,>95,>95,N/A,<5,NO,N/A,NO,NO,N/A
2024,18,"State Public Charter School Authority ",85405.3,NV Connections ACAD HS,SPCSA,49.5,2,YES,36.8,6.2,19.4,YES,YES,NO,NO,N/A,N/A,<5,N/A,67.4,91,74.4,33.3,81.4,81.9,16.7,NO,N/A,NO,NO,N/A
2024,18,"State Public Charter School Authority ",86404.2,Nevada Virtual MS,SPCSA,34,2,YES,31.1,11.3,32.5,YES,YES,NO,NO,31.1,12.3,20,94,N/A,N/A,N/A,N/A,N/A,N/A,<5,NO,N/A,YES,NO,N/A
2024,18,"State Public Charter School Authority ",86404.3,Nevada Virtual HS,SPCSA,59.5,3,YES,42.1,11.2,24.4,YES,YES,NO,NO,N/A,N/A,11.9,N/A,91.7,60.1,24.1,35.7,87.3,87.5,6.5,NO,N/A,NO,NO,N/A
2024,18,"State Public Charter School Authority ",87310.1,CASLV Centennial ES,SPCSA,84,5,NO,76.8,62.1,36.2,YES,YES,NO,NO,65.4,56.9,46.6,N/A,N/A,N/A,N/A,N/A,N/A,N/A,5.6,NO,N/A,NO,NO,N/A
2024,18,"State Public Charter School Authority ",87310.2,CASLV Centennial MS,SPCSA,88.3,5,NO,64.5,55.5,60.9,YES,YES,NO,NO,59.6,54.3,-,>95,N/A,N/A,N/A,N/A,N/A,N/A,5.2,NO,N/A,NO,NO,N/A
2024,18,"State Public Charter School Authority ",87311.1,CASLV Nellis AFB ES,SPCSA,40,2,NO,52.2,41.2,13.9,YES,YES,NO,NO,48.1,28.6,-,N/A,N/A,N/A,N/A,N/A,N/A,N/A,11.5,NO,N/A,NO,NO,N/A
2024,18,"State Public Charter School Authority ",87311.2,CASLV Nellis AFB MS,SPCSA,91.6,5,NO,56.2,36.9,41.5,YES,YES,NO,NO,58,40.9,-,93.7,N/A,N/A,N/A,N/A,N/A,N/A,7.8,NO,N/A,NO,NO,N/A
2024,18,"State Public Charter School Authority ",87312.2,CASLV Sandy Ridge MS,SPCSA,68,3,NO,67,54.7,71.2,YES,YES,NO,NO,67.7,54.3,10,>95,N/A,N/A,N/A,N/A,N/A,N/A,<5,NO,N/A,NO,NO,N/A
2024,18,"State Public Charter School Authority ",87312.3,CASLV Sandy Ridge HS,SPCSA,93.5,5,NO,83,60.2,41.8,YES,YES,NO,NO,N/A,N/A,14.2,N/A,99.4,88,68.8,82.2,>95,>95,9.9,NO,N/A,NO,NO,N/A
2024,18,"State Public Charter School Authority ",87313.1,CASLV Tamarus ES,SPCSA,75,4,NO,79.5,66.6,N/A,YES,YES,NO,NO,73.1,47.3,73.8,N/A,N/A,N/A,N/A,N/A,N/A,N/A,6.8,NO,N/A,NO,NO,N/A
2024,18,"State Public Charter School Authority ",87314.1,CASLV Windmill ES,SPCSA,65.2,3,NO,73.1,64.9,30.9,YES,YES,NO,NO,57.7,56.2,-,N/A,N/A,N/A,N/A,N/A,N/A,N/A,<5,NO,N/A,NO,NO,N/A
2024,18,"State Public Charter School Authority ",87314.2,CASLV Windmill MS,SPCSA,97.7,5,NO,79.8,71.3,N/A,YES,YES,NO,NO,74.9,68.8,-,N/A,N/A,N/A,N/A,N/A,N/A,N/A,<5,NO,N/A,NO,NO,N/A
2024,18,"State Public Charter School Authority ",87315.1,CASLV Eastgate ES,SPCSA,79.5,4,NO,68.9,61.6,24,YES,YES,NO,NO,66.4,50.3,66.6,N/A,N/A,N/A,N/A,N/A,N/A,N/A,14.7,NO,N/A,NO,NO,N/A
2024,18,"State Public Charter School Authority ",87316.1,CASLV Cadence ES,SPCSA,54.5,3,YES,55.4,44.3,19.2,YES,YES,NO,NO,52.7,37,51.8,N/A,N/A,N/A,N/A,N/A,N/A,N/A,17.3,NO,N/A,NO,NO,N/A
2024,18,"State Public Charter School Authority ",87316.2,CASLV Cadence MS,SPCSA,70.5,4,YES,59.3,38.7,59.2,YES,YES,NO,NO,59.4,38.1,21,>95,N/A,N/A,N/A,N/A,N/A,N/A,16.2,NO,N/A,NO,NO,N/A
2024,18,"State Public Charter School Authority ",87316.3,CASLV Cadence HS,SPCSA,50,Not Rated,YES,N/A,N/A,N/A,N/A,N/A,NO,NO,N/A,N/A,-,N/A,93.5,N/A,N/A,N/A,N/A,N/A,20.5,NO,N/A,NO,NO,N/A
2024,18,"State Public Charter School Authority ",88101.1,Eagle NV ES,SPCSA,8,1,YES,7,<5,<5,YES,YES,YES,NO,12.5,6.2,14.2,N/A,N/A,N/A,N/A,N/A,N/A,N/A,48,YES,1,NO,NO,N/A
2024,18,"State Public Charter School Authority ",89409.3,Beacon ACAD HS,SPCSA,3.1,1,YES,<5,<5,16.6,NO,NO,YES,YES,N/A,N/A,<5,N/A,-,33.8,<4.5,<5,15.2,36.9,46.5,YES,6,NO,NO,N/A
2024,18,"State Public Charter School Authority ",95301.3,Southern NV Trades HS,SPCSA,40,Not Rated,YES,N/A,N/A,N/A,N/A,N/A,NO,NO,N/A,N/A,-,N/A,93.7,N/A,N/A,N/A,N/A,N/A,61.7,NO,N/A,NO,NO,N/A
